complaint_id,txn_id,txn_id_missing,user_id,merchant_id,transaction_timestamp,reported_timestamp,bank_response_timestamp,reporting_delay_days,bank_response_delay_days,impossible_reporting_delay,disputed_amount,disputed_amount_missing,reason_code_bucket,reason_code,complaint_text,resolution_status,severity,channel
CBK0000276,TXN00000311,False,USR38155,MCH3734,2026-01-30 00:00:00,2026-02-04 00:00:00,2026-02-20 00:00:00,5.0,16.0,False,2784.85,False,Duplicate Debit,charged twice,Customer says transaction was not authorized.,Rejected,Medium,Email
CBK0000350,TXN00005138,False,USR67243,MCH3024,2026-03-28 00:00:00,2026-04-03 00:00:00,2026-04-28 00:00:00,6.0,25.0,False,1449.14,False,Duplicate Debit,DUP_DEBIT,Payment made to unknown merchant as per customer statement.,Open,Medium,Branch
CBK0001941,TXN00003720,False,USR54113,MCH3835,2026-02-25 10:24:00,2026-03-05 06:24:15,2026-03-12 06:24:00,7.833506944444444,6.999826388888889,False,414.69,False,Account Takeover / Unauthorized,login compromised,User reports money deducted but merchant denies receiving payment.,In Progress,High,Call Center
CBK0001700,TXN00016401,False,USR72166,MCH6133,2026-01-01 00:00:00,2026-01-02 00:00:00,2026-01-06 00:00:00,1.0,4.0,False,5981.0,False,Amount Mismatch,extra amount deducted,Merchant service was not delivered after payment.,Closed,Medium,IVR
CBK0002398,TXN00004386,False,USR59393,MCH4310,2026-02-02 00:00:00,2026-02-04 09:35:06,2026-02-14 00:00:00,2.399375,9.600625,False,2691.36,False,Item/Service Not Delivered,no service,User says UPI PIN was not entered by them.,In Progress,Medium,IVR
CBK0002562,TXN00001105,False,USR90598,MCH5860,2026-01-13 00:00:00,2026-01-23 00:00:00,2026-02-10 22:59:43,10.0,18.958136574074075,False,310.15,False,Other/Unclassified,UNAUTHORISED,Payment made to unknown merchant as per customer statement. call dropped,Open,Low,IVR
CBK0000109,TXN00003546,False,USR15596,MCH1434,2026-03-01 00:00:00,2026-03-03 00:00:00,2026-03-26 00:00:00,2.0,23.0,False,3229.57,False,Duplicate Debit,charged twice,User claims account was compromised before transaction.,Closed,Medium,Call Center
CBK0000933,TXN00010810,False,USR57890,MCH9602,2026-03-15 16:04:00,2026-03-16 20:04:58,2026-04-01 00:00:00,1.167337962962963,15.163217592592593,False,836.2,False,Account Takeover / Unauthorized,login compromised,User says UPI PIN was not entered by them.,Closed,Medium,IVR
CBK0001425,TXN00007508,False,USR88956,MCH6166,2026-01-21 00:00:00,2026-01-22 20:15:00,2026-02-12 00:00:00,1.84375,20.15625,False,696.41,False,Other/Unclassified,fraud,complaint received after multiple failed attempts.,Pending Bank,Low,Chatbot
CBK0000592,TXN00018501,False,USR90616,MCH7951,2026-02-23 20:45:37,2026-03-06 07:45:00,2026-03-27 00:00:00,10.457905092592593,20.677083333333332,False,1061.55,False,Duplicate Debit,DUP_DEBIT,customer complaint text unclear due to poor call center notes.,Open,Low,Call Center
CBK0001667,TXN00003837,False,USR73010,MCH2586,2026-01-04 00:00:00,2026-01-12 03:14:58,,8.13539351851852,,False,723.24,False,Item/Service Not Delivered,Merchant Not Delivered,User reports money deducted but merchant denies receiving payment.,Open,High,Call Center
CBK0001996,TXN00019262,False,USR61461,MCH1598,2026-01-04 00:00:00,,2026-01-25 00:00:00,,,False,385.0,False,Account Takeover / Unauthorized,account hacked,User says UPI PIN was not entered by them.,Open,Low,Chatbot
CBK0002638,TXN00016536,False,USR21162,MCH8425,2026-03-06 13:39:44,2026-03-06 00:00:00,2026-04-01 00:00:00,-0.5692592592592592,26.0,True,406.58,False,Amount Mismatch,extra amount deducted,Customer says amount was debited twice.,Pending Bank,High,Email
CBK0001637,TXN00014399,False,USR56117,MCH2434,2026-02-15 14:45:18,2026-02-21 00:00:00,2026-03-05 00:45:18,5.385208333333333,12.031458333333333,False,748.53,False,Account Takeover / Unauthorized,not done by me,User reports money deducted but merchant denies receiving payment. urgent,Pending Bank,High,IVR
CBK0000067,TXN00003314,False,USR37105,MCH6003,2026-01-15 00:00:00,2026-01-20 00:00:00,2026-02-10 21:13:32,5.0,21.884398148148147,False,1814.0,False,General Complaint / Dispute,dispute raised,Suspicious high-value payment disputed by cust.,In Progress,Low,Branch
CBK0002409,TXN00004555,False,USR24591,MCH7745,2026-02-09 00:00:00,2026-02-15 00:12:00,2026-02-21 00:00:00,6.008333333333334,5.991666666666666,False,889.98,False,Item/Service Not Delivered,Merchant Not Delivered,Customer says amount was debited twice.,In Progress,Medium,Chatbot
CBK0000361,TXN00012527,False,USR24926,MCH7438,2026-02-14 00:00:00,2026-02-16 18:13:57,,2.7596875,,False,2311.0,False,Duplicate Debit,Duplicate Debit,User claims account was compromised before transaction.,Closed,Low,IVR
CBK0000023,TXN00001464,False,USR92751,MCH2757,2026-03-14 00:00:00,2026-04-13 00:00:00,2026-04-16 00:00:00,30.0,3.0,False,1112.83,False,Item/Service Not Delivered,Merchant Not Delivered,MERCHANT SERVICE WAS NOT DELIVERED AFTER PAYMENT.,Resolved,Medium,IVR
CBK0002764,TXN00014418,False,USR71468,MCH6403,2026-03-03 00:00:00,2026-03-05 00:00:00,,2.0,,False,1393.43,False,Other/Unclassified,Service Not Provided,customer complaint text unclear due to poor call center notes.,Pending Bank,Medium,Email
CBK0000566,TXN00000086,False,USR11727,MCH4948,2026-02-23 00:00:00,2026-02-24 02:13:00,2026-03-15 00:00:00,1.0923611111111111,18.90763888888889,False,411.83,False,Other/Unclassified,unauth txn,User says UPI PIN was not entered by them.,Rejected,High,Chatbot
CBK0001247,TXN00003165,False,USR41524,MCH2342,2026-01-04 00:00:00,2026-01-09 00:00:00,2026-02-03 00:00:00,5.0,25.0,False,2714.54,False,Other/Unclassified,scam,Suspicious high-value payment disputed by customer.,Resolved,Medium,Call Center
CBK0000594,TXN65742,False,USR32980,MCH7020,2026-02-19 00:00:00,,2026-02-24 00:00:00,,,False,470.0,False,Item/Service Not Delivered,Merchant Not Delivered,suspicious high-value payment disputed by customer.,Closed,Medium,Email
CBK0002792,TXN00005061,False,USR22154,MCH9022,2026-02-28 13:16:03,2026-03-02 00:00:00,2026-03-30 00:00:00,1.4471875,28.0,False,1535.65,False,Account Takeover / Unauthorized,account hacked,Customer says amount was debited twice.,Rejected,High,Chatbot
CBK0002683,TXN00004094,False,USR73891,MCH8154,2026-01-08 00:00:00,2026-01-06 00:00:00,2026-01-21 00:00:00,-2.0,15.0,True,2519.45,False,Other/Unclassified,incorrect amount,suspicious high-value payment disputed by customer.,In Progress,High,IVR
CBK0000259,TXN00017504,False,USR24872,MCH9291,2026-01-22 00:00:00,2026-01-30 09:27:00,2026-02-13 00:00:00,8.39375,13.60625,False,12647.35,False,Account Takeover / Unauthorized,unauthorized_transaction,merchant service was not delivered after payment.,In Progress,Low,Chatbot
CBK0001330,TXN00005940,False,USR67471,MCH8738,2026-03-14 00:34:00,2026-03-15 12:34:00,2026-03-27 00:00:00,1.5,11.47638888888889,False,1360.01,False,Duplicate Debit,DUP_DEBIT,Suspicious high-value payment disputed by customer.,Pending Bank,Medium,Chatbot
CBK0001155,TXN00010146,False,USR94690,MCH3957,2026-02-09 19:16:42,,2026-02-23 06:16:42,,,False,2637.93,False,Account Takeover / Unauthorized,unauthorized_transaction,Payment made to unknown merchant as per customer statement.,In Progress,Medium,IVR
CBK0000512,TXN00014054,False,USR27947,MCH7667,2026-01-21 00:00:00,2026-01-26 00:00:00,2026-01-30 00:00:00,5.0,4.0,False,4010.97,False,Account Takeover / Unauthorized,Unauthorized Transaction,Customer says amount was debited twice.,Closed,Low,Chatbot
CBK0002002,TXN00010298,False,USR97772,MCH5269,2026-01-03 00:00:00,2026-01-08 00:00:00,2026-02-03 23:32:04,5.0,26.98060185185185,False,534.44,False,Other/Unclassified,service failed,Merchant service was not delivered after payment. urgent,In Progress,High,Chatbot
CBK0000289,TXN00005764,False,USR38028,MCH6758,2026-03-12 23:03:00,,,,,False,513.84,False,Other/Unclassified,Fraud Suspected,User claims account was compromised before transaction.,Rejected,Medium,Chatbot
CBK0002463,TXN00014364,False,USR87498,MCH4089,2026-01-19 00:00:00,2026-01-21 17:18:16,2026-02-11 00:00:00,2.7210185185185187,20.27898148148148,False,2489.04,False,Other/Unclassified,suspicious transaction,Customer says amount was debited twice.,Resolved,Low,Chatbot
CBK0002564,TXN00013473,False,USR78994,MCH2383,2026-02-16 02:17:00,2026-02-26 00:00:00,2026-03-04 00:00:00,9.904861111111112,6.0,False,2485.28,False,General Complaint / Dispute,Customer Dispute,Customer says amount was debited twice.,Pending Bank,Medium,Chatbot
CBK0000789,TXN00006632,False,USR56899,MCH7296,2026-03-28 00:00:00,2026-04-03 00:00:00,,6.0,,False,4124.85,False,Other/Unclassified,fraud,Merchant service was not delivered after payment.,In Progress,Low,Email
CBK0000080,TXN00007630,False,USR70905,MCH7833,2026-01-11 19:35:00,2026-01-12 06:35:00,2026-01-24 00:00:00,0.4583333333333333,11.725694444444445,False,963.14,False,Duplicate Debit,Duplicate Debit,user claims account was compromised before transaction.,In Progress,Low,Branch
CBK0002798,TXN66039,False,USR24087,MCH6965,2026-01-14 00:00:00,2026-01-22 06:27:51,2026-02-09 00:00:00,8.269340277777777,17.73065972222222,False,1372.0,False,Other/Unclassified,Service Not Provided,User reports money deducted but merchant denies receiving payment.,Resolved,Low,Chatbot
CBK0002232,TXN00009269,False,USR99886,MCH1941,2026-01-26 19:24:45,2026-01-29 17:24:45,,2.9166666666666665,,False,385.53,False,Item/Service Not Delivered,Merchant Not Delivered,Payment made to unknown merchant as per customer statement.,Closed,Medium,Chatbot
CBK0000069,TXN00002744,False,USR21384,MCH4252,2026-01-15 01:24:40,,2026-02-11 00:00:00,,,False,840.07,False,Item/Service Not Delivered,delivery issue,USER CLAIMS ACCOUNT WAS COMPROMISED BEFORE TRANSACTION.,In Progress,Critical,Email
CBK0001919,TXN00005826,False,USR72795,MCH2259,2026-01-31 00:00:00,2026-02-04 14:03:00,2026-02-08 00:00:00,4.585416666666666,3.4145833333333333,False,1770.58,False,Account Takeover / Unauthorized,login compromised,Merchant service was not delivered after payment.,Rejected,High,IVR
CBK0001264,TXN00008143,False,USR92737,MCH4183,2026-03-22 17:21:29,2026-03-25 22:21:00,,3.2079976851851852,,False,240.64,False,Other/Unclassified,unauth txn,Merchant service was not delivered after payment.,Open,Low,IVR
CBK0000430,TXN00018881,False,USR47299,MCH3382,2026-02-11 03:20:31,2026-02-26 00:00:00,2026-03-23 06:20:31,14.860752314814814,25.264247685185186,False,2108.9,False,Other/Unclassified,fraud,Merchant service was not delivered after payment. urgent,In Progress,Medium,IVR
CBK0002544,TXN00018727,False,USR27888,MCH5076,2026-03-20 01:26:11,2026-03-25 00:00:00,2026-04-24 20:26:11,4.940150462962963,30.851516203703703,False,10161.06,False,Item/Service Not Delivered,delivery issue,merchant service was not delivered after payment.,Open,High,Chatbot
CBK0000366,TXN00002078,False,USR73403,MCH5076,2026-03-02 18:29:32,2026-03-04 00:00:00,,1.2294907407407407,,False,6907.46,False,Amount Mismatch,extra amount deducted,Customer says transaction was not authorized.,Closed,Low,Call Center
CBK0002156,TXN00013206,False,USR11987,MCH6665,2026-01-24 09:52:00,2026-01-25 04:52:00,,0.7916666666666666,,False,26477.69,False,General Complaint / Dispute,Customer Dispute,Complaint received after multiple failed attempts.,In Progress,High,Email
CBK0002430,TXN00019681,False,USR37650,MCH5655,2026-01-29 00:00:00,2026-02-04 00:00:00,2026-02-15 00:00:00,6.0,11.0,False,9661.7,False,Item/Service Not Delivered,not delivered,Customer says amount was debited twice.,Resolved,High,IVR
CBK0002608,TXN00012654,False,USR13367,MCH8076,2026-03-29 04:01:37,,2026-04-24 19:01:00,,,False,326.32,False,Account Takeover / Unauthorized,account hacked,User claims account was compromised before transaction.,Resolved,Low,App
CBK0000929,TXN00014710,False,USR38547,MCH5541,2026-01-23 13:11:04,2026-02-03 12:11:04,2026-02-04 12:11:00,10.958333333333334,0.9999537037037037,False,3089.13,False,Account Takeover / Unauthorized,Unauthorized Transaction,Merchant service was not delivered after payment.,Open,Medium,IVR
CBK0002572,TXN00002760,False,USR49176,MCH2925,2026-01-15 14:26:16,2026-01-30 00:00:00,2026-02-09 00:00:00,14.398425925925926,10.0,False,1345.79,False,Other/Unclassified,unauth txn,User says UPI PIN was not entered by them.,Resolved,Low,IVR
CBK0002104,TXN00006293,False,USR48479,MCH8779,2026-01-08 00:00:00,2026-01-19 00:00:00,,11.0,,False,2214.27,False,Duplicate Debit,DUP_DEBIT,Complaint received after multiple failed attempts.,Rejected,Low,Branch
CBK0000661,TXN00012553,False,USR87727,MCH8876,2026-01-21 17:03:00,2026-01-23 00:00:00,2026-02-15 06:03:00,1.2895833333333333,23.252083333333335,False,901.62,False,Item/Service Not Delivered,no service,User claims account was compromised before transaction.,Resolved,Low,IVR
CBK0002250,TXN00008645,False,USR60783,MCH8613,2026-01-12 12:57:11,2026-01-19 00:00:00,,6.460289351851852,,False,5443.5,False,Account Takeover / Unauthorized,Unauthorized Transaction,PAYMENT MADE TO UNKNOWN MERCHANT AS PER CUSTOMER STATEMENT.,Closed,High,Call Center
CBK0002400,TXN00015733,False,USR87357,MCH9878,2026-01-22 00:00:00,2026-01-25 00:00:00,2026-02-22 00:00:00,3.0,28.0,False,2313.86,False,Other/Unclassified,UNAUTHORISED,customer complaint text unclear due to poor call center notes.,Closed,Medium,IVR
CBK0002718,TXN00013934,False,USR84084,MCH7370,2026-02-20 00:00:00,2026-03-22 23:15:17,2026-04-04 00:00:00,30.96894675925926,12.031053240740741,False,7727.87,False,Account Takeover / Unauthorized,Account Takeover,User claims account was compromised before transaction.,Open,Low,IVR
CBK0002314,TXN00014145,False,USR21162,MCH2383,2026-03-09 00:00:00,2026-03-10 21:03:16,2026-04-07 00:00:00,1.8772685185185185,27.12273148148148,False,3888.0,False,Other/Unclassified,suspicious transaction,Complaint received after multiple failed attempts.,Closed,Low,IVR
CBK0001839,TXN00004638,False,USR67862,MCH8953,2026-02-12 09:49:00,2026-02-12 11:49:00,2026-02-17 00:00:00,0.08333333333333333,4.507638888888889,False,1651.94,False,Amount Mismatch,extra amount deducted,User reports money deducted but merchant denies receiving payment.,In Progress,High,Email
CBK0002370,TXN00001816,False,USR24664,MCH3992,2026-03-25 00:00:00,2026-03-26 19:41:41,2026-04-13 00:00:00,1.820613425925926,17.179386574074073,False,6501.45,False,Duplicate Debit,DUP_DEBIT,Payment made to unknown merchant as per customer statement.,Pending Bank,Low,Call Center
CBK0001278,TXN00008385,False,USR17657,MCH3542,2026-02-20 00:00:00,2026-04-06 00:00:00,,45.0,,False,1944.27,False,General Complaint / Dispute,dispute raised,PAYMENT MADE TO UNKNOWN MERCHANT AS PER CUSTOMER STATEMENT.,Resolved,Low,Chatbot
CBK0002440,TXN00014010,False,USR71922,MCH6703,2026-01-31 08:39:15,2026-02-01 08:39:00,,0.9998263888888889,,False,1883.55,False,Other/Unclassified,unauth txn,complaint received after multiple failed attempts.,In Progress,High,IVR
CBK0001654,TXN00012039,False,USR76792,MCH6492,2026-02-05 00:00:00,2026-02-07 05:28:28,2026-02-22 05:28:00,2.228101851851852,14.999675925925926,False,966.0,False,Amount Mismatch,extra amount deducted,User reports money deducted but merchant denies receiving payment.,In Progress,Medium,Call Center
CBK0001828,TXN00016623,False,USR59679,MCH8755,2026-01-05 00:00:00,2026-01-15 08:21:37,2026-02-03 08:21:37,10.348344907407407,19.0,False,818.66,False,Account Takeover / Unauthorized,account hacked,Customer says amount was debited twice. pls check asap,Pending Bank,High,Branch
CBK0000959,TXN00011129,False,USR50320,MCH6319,2026-02-07 00:00:00,2026-03-09 11:52:00,,30.494444444444444,,False,4888.42,False,Other/Unclassified,unauth txn,User reports money deducted but merchant denies receiving payment.,Closed,Medium,Email
CBK0001122,TXN00015275,False,USR61052,MCH8979,2026-03-07 00:00:00,2026-03-13 16:27:48,2026-04-11 16:27:48,6.685972222222222,29.0,False,320.53,False,Item/Service Not Delivered,not delivered,Complaint received after multiple failed attempts.,Rejected,Medium,IVR
CBK0002333,TXN00002832,False,USR10042,MCH1611,2026-03-02 13:26:00,2026-03-05 00:00:00,2026-04-04 00:00:00,2.4402777777777778,30.0,False,8214.17,False,Account Takeover / Unauthorized,Account Takeover,Merchant service was not delivered after payment.,Rejected,Medium,IVR
CBK0001696,TXN00019601,False,USR19556,MCH5844,2026-03-08 00:00:00,2026-03-09 13:14:00,2026-04-03 00:00:00,1.551388888888889,24.448611111111113,False,9956.85,False,Account Takeover / Unauthorized,ATO,Suspicious high-value payment disputed by customer.,Closed,Medium,Chatbot
CBK0000578,TXN00006468,False,USR71457,MCH6810,2026-01-09 11:52:43,2026-01-11 20:52:43,2026-01-13 00:00:00,2.375,1.1300578703703703,False,7884.04,False,Other/Unclassified,UNAUTHORISED,Suspicious high-value payment disputed by customer.,In Progress,Low,IVR
CBK0000973,TXN00016040,False,USR25345,MCH3851,2026-02-04 00:00:00,2026-02-06 00:00:00,2026-03-07 00:00:00,2.0,29.0,False,3127.0,False,Other/Unclassified,unauth txn,Complaint received after multiple failed attempts.,Pending Bank,Low,IVR
CBK0001250,TXN00015587,False,USR11697,MCH8741,2026-02-02 00:00:00,2026-02-05 00:00:00,,3.0,,False,11364.57,False,Item/Service Not Delivered,no service,Complaint received after multiple failed attempts.,Pending Bank,Low,App
CBK0001972,TXN00001376,False,USR12133,MCH6555,2026-02-01 02:24:08,2026-02-06 04:24:08,,5.083333333333333,,False,1261.15,False,Item/Service Not Delivered,item not received,Merchant service was not delivered after payment.,Closed,Medium,Chatbot
CBK0001377,TXN00016673,False,USR91623,MCH6411,2026-01-01 10:17:00,2026-01-05 00:00:00,,3.571527777777778,,False,1675.84,False,Item/Service Not Delivered,Merchant Not Delivered,Customer says amount was debited twice.,Rejected,Low,Chatbot
CBK0000655,TXN00002874,False,USR22639,MCH4186,2026-01-12 15:25:38,2026-01-14 00:00:00,,1.357199074074074,,False,634.21,False,Other/Unclassified,incorrect amount,Customer says amount was debited twice.,Rejected,Low,Chatbot
CBK0001849,TXN51763,False,USR23350,MCH2303,2026-01-23 00:00:00,,,,,False,830.25,False,Amount Mismatch,extra amount deducted,payment made to unknown merchant as per customer statement.,Open,Low,Email
CBK0002795,TXN00013236,False,USR87506,MCH5811,2026-01-12 00:00:00,2026-01-14 07:15:20,2026-01-29 00:00:00,2.3023148148148147,14.697685185185184,False,6523.57,False,Item/Service Not Delivered,merchant service issue,Customer says transaction was not authorized.,In Progress,Low,Chatbot
CBK0000811,TXN00015831,False,USR22432,MCH2078,2026-02-15 00:00:00,2026-02-16 00:00:00,,1.0,,False,3377.0,False,Other/Unclassified,scam,customer complaint text unclear due to poor call center notes.,Closed,Medium,Email
CBK0000215,TXN00001291,False,USR52378,MCH9991,2026-01-29 00:00:00,2026-01-31 00:00:00,2026-02-13 00:00:00,2.0,13.0,False,1404.87,False,Account Takeover / Unauthorized,not done by me,user claims account was compromised before transaction.,Pending Bank,Medium,Branch
CBK0000695,TXN00012216,False,USR72760,MCH7773,2026-03-13 00:00:00,2026-03-15 00:00:00,,2.0,,False,972.52,False,Other/Unclassified,FRAUD,Complaint received after multiple failed attempts.,In Progress,Low,Chatbot
CBK0001567,TXN00010292,False,USR40745,MCH3673,2026-01-19 08:28:00,,2026-02-19 00:00:00,,,False,982.39,False,General Complaint / Dispute,customer issue,User claims account was compromised before transaction.,Pending Bank,Medium,Email
CBK0001512,TXN00019027,False,USR98733,MCH1775,2026-02-16 08:24:00,2026-02-17 00:00:00,,0.65,,False,800.24,False,Duplicate Debit,DUP_DEBIT,Customer says amount was debited twice.,Rejected,Medium,Email
CBK0001403,TXN00012661,False,USR30500,MCH6979,2026-03-08 00:00:00,2026-03-14 00:00:00,2026-03-30 00:00:00,6.0,16.0,False,4457.64,False,Other/Unclassified,unauth txn,Payment made to unknown merchant as per customer statement.,Resolved,Medium,IVR
CBK0000326,TXN00017327,False,USR84200,MCH2753,2026-02-01 22:35:22,2026-02-02 00:00:00,2026-02-10 07:35:22,0.05877314814814815,8.316226851851852,False,1722.43,False,General Complaint / Dispute,dispute raised,Customer says transaction was not authorized.,Open,Low,Call Center
CBK0002418,TXN00011396,False,USR35122,MCH4181,2026-02-22 00:00:00,2026-03-04 15:55:09,2026-03-22 00:00:00,10.663298611111111,17.33670138888889,False,205.54,False,Item/Service Not Delivered,merchant service issue,User reports money deducted but merchant denies receiving payment.,Open,High,Chatbot
CBK0001533,TXN00007635,False,USR56755,MCH7066,2026-02-13 03:52:00,2026-02-14 00:00:00,2026-03-06 05:52:00,0.8388888888888889,20.244444444444444,False,1325.25,False,Account Takeover / Unauthorized,login compromised,customer complaint text unclear due to poor call center notes.,Rejected,High,App
CBK0002617,TXN00016671,False,USR60544,MCH7838,2026-02-09 00:00:00,2026-02-24 00:00:00,2026-03-17 23:17:16,15.0,21.970324074074075,False,1587.1,False,General Complaint / Dispute,Customer Dispute,User claims account was compromised before transaction.,Rejected,Low,Call Center
CBK0002780,TXN40959,False,USR75376,MCH4293,2026-02-26 00:00:00,2026-03-13 00:00:00,,15.0,,False,823.15,False,Item/Service Not Delivered,item not received,User says UPI PIN was not entered by them.,In Progress,High,Chatbot
CBK0001680,TXN00009645,False,USR11085,MCH7073,2026-01-31 16:31:00,2026-02-02 00:00:00,,1.3118055555555554,,False,3937.19,False,Item/Service Not Delivered,not delivered,Complaint received after multiple failed attempts.,Open,Medium,Chatbot
CBK0002514,TXN00001801,False,USR99493,MCH3992,2026-03-12 14:53:38,,2026-03-19 00:00:00,,,False,4455.8,False,Item/Service Not Delivered,not delivered,Customer says transaction was not authorized.,Pending Bank,Low,Branch
CBK0001427,TXN00019824,False,USR76289,MCH5563,2026-01-06 00:00:00,2026-02-05 00:00:00,2026-03-03 08:07:00,30.0,26.338194444444444,False,755.08,False,Item/Service Not Delivered,no service,Suspicious high-value payment disputed by customer.,Rejected,Critical,Email
CBK0001238,TXN00006193,False,USR35817,MCH7061,2026-03-12 00:00:00,2026-03-13 00:00:00,2026-04-10 00:00:00,1.0,28.0,False,26207.56,False,Other/Unclassified,FRAUD,Customer says amount was debited twice.,In Progress,Low,App
CBK0000316,TXN00016400,False,USR40842,MCH3815,2026-03-18 00:00:00,2026-04-18 00:00:00,2026-05-03 00:00:00,31.0,15.0,False,1616.81,False,Amount Mismatch,Wrong Amount,COMPLAINT RECEIVED AFTER MULTIPLE FAILED ATTEMPTS.,Resolved,Medium,Chatbot
CBK0002303,TXN00016593,False,USR96415,MCH1320,2026-01-11 00:00:00,2026-01-13 00:00:00,2026-01-22 01:23:48,2.0,9.058194444444444,False,6511.97,False,Account Takeover / Unauthorized,Unauthorized Transaction,Customer complaint text unclear due to poor call center notes.,Resolved,Medium,IVR
CBK0000369,TXN00008758,False,USR86274,MCH3418,2026-03-18 04:15:38,2026-03-20 15:15:38,,2.4583333333333335,,False,11352.0,False,Other/Unclassified,UNAUTHORISED,User says UPI PIN was not entered by them.,In Progress,Medium,IVR
CBK0000180,TXN00019503,False,USR70812,MCH3936,2026-01-18 00:00:00,2026-01-22 00:00:00,2026-02-02 00:00:00,4.0,11.0,False,1537.27,False,Item/Service Not Delivered,not delivered,user claims account was compromised before transaction.,In Progress,Low,Branch
CBK0001105,TXN00019695,False,USR34180,MCH6310,2026-03-04 00:00:00,,,,,False,1782.96,False,Duplicate Debit,Duplicate Debit,User reports money deducted but merchant denies receiving payment.,Open,Medium,Chatbot
CBK0002268,TXN00008063,False,USR89588,MCH1457,2026-03-08 00:00:00,2026-03-19 00:00:00,2026-03-28 00:00:00,11.0,9.0,False,2296.42,False,General Complaint / Dispute,complaint,User says UPI PIN was not entered by them.,Open,Medium,Branch
CBK0000575,TXN00009966,False,USR40897,MCH9575,2026-02-23 00:00:00,2026-02-23 00:00:00,,0.0,,False,606.33,False,Item/Service Not Delivered,item not received,merchant service was not delivered after payment.,Rejected,Critical,Email
CBK0001732,TXN00007456,False,USR17657,MCH3806,2026-03-17 00:00:00,2026-03-17 00:00:00,,0.0,,False,2655.0,False,Other/Unclassified,Fraud Suspected,User claims account was compromised before transaction.,Closed,High,Branch
CBK0001266,TXN00017098,False,USR19427,MCH5980,2026-01-30 00:00:00,2026-02-02 14:20:47,2026-02-03 00:00:00,3.5977662037037037,0.4022337962962963,False,1358.37,False,Duplicate Debit,DUP_DEBIT,Complaint received after multiple failed attempts.,Rejected,Medium,Chatbot
CBK0001121,TXN00005396,False,USR14769,MCH8455,2026-01-23 08:19:00,,,,,False,2926.18,False,Other/Unclassified,scam,Customer says transaction was not authorized.,Open,Medium,Email
CBK0000448,TXN00013063,False,USR62513,MCH8391,2026-02-14 00:00:00,,2026-02-17 10:59:00,,,False,395.16,False,Item/Service Not Delivered,merchant service issue,Suspicious high-value payment disputed by customer.,Rejected,Medium,Email
CBK0001383,TXN00005315,False,USR50648,MCH2822,2026-03-06 00:00:00,2026-03-12 00:00:00,2026-03-27 05:23:46,6.0,15.224837962962964,False,819.89,False,General Complaint / Dispute,Customer Dispute,User reports money deducted but merchant denies receiving payment.,Open,Low,Chatbot
CBK0000879,TXN00018041,False,USR59366,MCH6145,2026-03-14 00:00:00,2026-03-24 00:00:00,2026-03-25 00:00:00,10.0,1.0,False,479.19,False,Other/Unclassified,scam,Customer complaint text unclear due to poor call center notes.,Pending Bank,Low,IVR
CBK0000860,TXN00007296,False,USR97580,MCH3701,2026-02-04 00:00:00,,,,,False,1425.61,False,Item/Service Not Delivered,delivery issue,Suspicious high-value payment disputed by customer.,Pending Bank,Medium,Chatbot
CBK0001949,TXN00000319,False,USR60096,MCH4998,2026-02-19 00:00:00,2026-02-24 00:00:00,2026-03-21 00:00:00,5.0,25.0,False,2189.0,False,General Complaint / Dispute,customer issue,Customer says amount was debited twice.,Pending Bank,Medium,Email
CBK0001018,TXN00018348,False,USR13510,MCH1320,2026-01-28 00:00:00,2026-02-13 05:26:28,2026-02-17 00:00:00,16.226712962962964,3.773287037037037,False,1207.49,False,Account Takeover / Unauthorized,Unauthorized Transaction,Complaint received after multiple failed attempts.,Resolved,Low,App
CBK0002077,TXN00005419,False,USR55970,MCH9128,2026-01-22 00:00:00,2026-01-30 00:00:00,2026-02-25 00:00:00,8.0,26.0,False,8383.0,False,Other/Unclassified,Fraud Suspected,Payment made to unknown merchant as per customer statement.,Rejected,Low,Call Center
CBK0001087,TXN00014733,False,USR20889,MCH5264,2026-02-06 00:00:00,2026-02-06 00:00:00,,0.0,,False,1558.23,False,Item/Service Not Delivered,merchant service issue,Suspicious high-value payment disputed by customer.,In Progress,Medium,Call Center
CBK0002588,TXN00008732,False,USR22039,MCH2374,2026-03-22 00:00:00,2026-04-01 00:00:00,,10.0,,False,3491.72,False,Duplicate Debit,charged twice,User says UPI PIN was not entered by them.,Closed,High,Chatbot
CBK0000247,TXN00019340,False,USR75302,MCH7286,2026-01-04 20:29:59,2026-01-04 00:00:00,2026-01-18 00:00:00,-0.8541550925925926,14.0,True,1486.0,False,Other/Unclassified,service failed,Customer says transaction was not authorized.,Resolved,Medium,Call Center
CBK0002158,TXN00015104,False,USR76750,MCH6228,2026-01-19 00:00:00,2026-01-25 00:00:00,2026-01-30 00:00:00,6.0,5.0,False,2517.56,False,General Complaint / Dispute,Customer Dispute,User claims account was compromised before transaction.,Rejected,Low,Branch
CBK0001606,TXN00006400,False,USR91446,MCH8696,2026-01-29 00:00:00,2026-02-01 00:00:00,2026-02-13 00:00:00,3.0,12.0,False,3582.55,False,Other/Unclassified,UNAUTHORISED,Suspicious high-value payment disputed by customer. call dropped,In Progress,High,Email
CBK0002403,TXN00000926,False,USR32749,MCH6945,2026-03-17 00:00:00,2026-03-19 13:26:00,2026-04-17 13:26:01,2.5597222222222222,29.000011574074072,False,486.0,False,Item/Service Not Delivered,no service,SUSPICIOUS HIGH-VALUE PAYMENT DISPUTED BY CUSTOMER.,In Progress,Medium,Chatbot
CBK0000227,TXN00013273,False,USR34180,MCH1485,2026-02-07 00:00:00,2026-02-09 08:37:14,,2.359189814814815,,False,465.76,False,Account Takeover / Unauthorized,login compromised,User claims account was compromised before transaction.,Pending Bank,High,Email
CBK0001960,TXN00008459,False,USR48339,MCH3765,2026-01-07 05:57:00,2026-01-12 00:00:00,2026-02-09 00:00:00,4.752083333333333,28.0,False,3145.24,False,Account Takeover / Unauthorized,Account Takeover,Customer complaint text unclear due to poor call center notes.,In Progress,Medium,Call Center
CBK0001588,TXN00006200,False,USR71373,MCH4370,2026-01-25 00:00:00,2026-01-28 00:00:00,,3.0,,False,5233.09,False,Item/Service Not Delivered,not delivered,Customer says transaction was not authorized.,In Progress,Medium,Email
CBK0001798,TXN00017706,False,USR24802,MCH9650,2026-01-22 20:39:26,2026-01-24 00:00:00,2026-02-18 20:39:00,1.1392824074074075,25.860416666666666,False,1159.44,False,Account Takeover / Unauthorized,Account Takeover,User says UPI PIN was not entered by them.,Closed,Low,Branch
CBK0001827,TXN00003656,False,USR60742,MCH3472,2026-03-26 00:00:00,2026-04-11 00:00:00,,16.0,,False,1011.36,False,General Complaint / Dispute,dispute raised,complaint received after multiple failed attempts.,Rejected,Low,Branch
CBK0000688,TXN00018235,False,USR63160,MCH6399,2026-02-17 08:49:47,2026-02-19 00:00:00,2026-03-18 00:00:00,1.6320949074074074,27.0,False,5681.16,False,General Complaint / Dispute,Customer Dispute,User says UPI PIN was not entered by them.,Rejected,High,App
CBK0000752,TXN00012584,False,USR47668,MCH3678,2026-01-17 00:00:00,2026-02-16 00:00:00,,30.0,,False,397.91,False,General Complaint / Dispute,Customer Dispute,COMPLAINT RECEIVED AFTER MULTIPLE FAILED ATTEMPTS.,Closed,Low,App
CBK0001815,TXN00017040,False,USR53591,MCH4590,2026-03-11 16:43:08,,2026-04-05 00:00:00,,,False,2935.06,False,Item/Service Not Delivered,item not received,Payment made to unknown merchant as per customer statement.,In Progress,Medium,IVR
CBK0001151,TXN00002195,False,USR98362,MCH1468,2026-03-30 22:38:33,2026-04-05 01:38:00,,5.124618055555556,,False,4960.35,False,Account Takeover / Unauthorized,Unauthorized Transaction,Complaint received after multiple failed attempts.,Rejected,Low,App
CBK0001978,TXN00012089,False,USR83284,MCH4334,2026-03-31 04:45:00,2026-04-04 00:00:00,2026-04-28 00:00:00,3.8020833333333335,24.0,False,1931.29,False,Other/Unclassified,UNAUTHORISED,User reports money deducted but merchant denies receiving payment.,Open,Low,IVR
CBK0002239,TXN00004673,False,USR82373,MCH4473,2026-02-13 09:50:18,2026-02-19 00:00:00,2026-02-26 04:50:18,5.5900694444444445,7.201597222222222,False,1272.25,False,General Complaint / Dispute,Customer Dispute,Customer says amount was debited twice.,Resolved,Low,Chatbot
CBK0000122,TXN00015011,False,USR79150,MCH7474,2026-02-25 00:00:00,2026-03-07 00:00:00,2026-03-18 00:00:00,10.0,11.0,False,1339.61,False,Other/Unclassified,UNAUTHORISED,User reports money deducted but merchant denies receiving payment.,In Progress,Low,Email
CBK0002045,TXN00002711,False,USR57231,MCH4181,2026-01-23 00:00:00,2026-01-31 00:00:00,2026-02-12 00:00:00,8.0,12.0,False,3969.0,False,Other/Unclassified,Service Not Provided,Customer complaint text unclear due to poor call center notes.,Closed,Low,Chatbot
CBK0002258,TXN00014019,False,USR41320,MCH3992,2026-03-09 00:00:00,2026-03-11 00:00:00,2026-03-31 00:00:00,2.0,20.0,False,1550.0,False,Account Takeover / Unauthorized,ATO,User claims account was compromised before transaction.,Resolved,Low,Email
CBK0000693,TXN00018137,False,USR29306,MCH7744,2026-02-15 00:00:00,2026-02-18 00:00:00,2026-02-18 00:00:00,3.0,0.0,False,7022.75,False,Amount Mismatch,extra amount deducted,Customer says txn was not authorized.,In Progress,Medium,IVR
CBK0001415,TXN00018932,False,USR90778,MCH1764,2026-03-29 04:23:47,2026-03-31 10:23:00,2026-04-15 10:23:47,2.2494560185185186,15.000543981481481,False,1825.0,False,Account Takeover / Unauthorized,not done by me,complaint received after multiple failed attempts.,Open,High,IVR
CBK0002664,TXN00008946,False,USR84093,MCH1298,2026-01-06 13:57:53,2026-01-09 07:57:53,2026-02-08 07:57:00,2.75,29.999386574074073,False,815.57,False,Other/Unclassified,unauth txn,Suspicious high-value payment disputed by customer. details missing,Rejected,Medium,IVR
CBK0000088,TXN00002716,False,USR62830,MCH4381,2026-01-22 00:00:00,2026-01-25 00:00:00,2026-02-15 00:00:00,3.0,21.0,False,8825.16,False,Other/Unclassified,incorrect amount,merchant service was not delivered after payment.,Rejected,Medium,Call Center
CBK0001542,TXN00007849,False,USR68559,MCH4064,2026-01-21 03:43:00,2026-01-23 03:43:00,2026-02-15 03:43:00,2.0,23.0,False,1413.0,False,Other/Unclassified,Service Not Provided,Complaint received after multiple failed attempts.,Pending Bank,Medium,Branch
CBK0001636,TXN00012003,False,USR66224,MCH3992,2026-02-20 00:00:00,2026-02-27 00:00:00,,7.0,,False,1641.33,False,Amount Mismatch,extra amount deducted,SUSPICIOUS HIGH-VALUE PAYMENT DISPUTED BY CUSTOMER.,In Progress,Medium,App
CBK0001260,TXN00011332,False,USR93701,MCH3846,2026-02-19 00:00:00,2026-02-27 00:00:00,2026-02-28 00:00:00,8.0,1.0,False,529.68,False,Other/Unclassified,service failed,Merchant service was not delivered after payment.,Resolved,Medium,Call Center
CBK0001376,TXN00009369,False,USR24660,MCH4473,2026-02-16 00:00:00,2026-02-19 00:00:00,2026-03-06 00:00:00,3.0,15.0,False,2070.15,False,Account Takeover / Unauthorized,Account Takeover,Customer complaint text unclear due to poor call center notes.,Resolved,Low,Branch
CBK0002079,TXN00014711,False,USR67922,MCH2492,2026-01-22 00:35:57,2026-01-25 00:00:00,,2.9750347222222224,,False,1709.84,False,General Complaint / Dispute,complaint,Payment made to unknown merchant as per customer statement.,Pending Bank,Low,Chatbot
CBK0000239,TXN00005752,False,USR34028,MCH3100,2026-01-06 00:00:00,2026-01-11 00:00:00,2026-01-12 00:00:00,5.0,1.0,False,1800.88,False,Account Takeover / Unauthorized,login compromised,Customer says transaction was not authorized.,Rejected,Low,Branch
CBK0001807,TXN00002417,False,USR50995,MCH1244,2026-03-20 13:07:59,,2026-04-08 00:00:00,,,False,3188.13,False,Item/Service Not Delivered,merchant service issue,User says UPI PIN was not entered by them.,Rejected,Medium,App
CBK0000146,TXN00008795,False,USR87406,MCH4568,2026-02-22 00:00:00,,,,,False,1052.0,False,Account Takeover / Unauthorized,account hacked,Payment made to unknown merchant as per customer statement.,Open,Medium,Call Center
CBK0000356,TXN00001423,False,USR36629,MCH4418,2026-03-22 00:00:00,2026-04-02 00:00:00,2026-04-11 13:31:00,11.0,9.563194444444445,False,6009.85,False,Account Takeover / Unauthorized,Unauthorized Transaction,Payment made to unknown merchant as per customer statement.,Open,Medium,IVR
CBK0002417,TXN00005056,False,USR27928,MCH8953,2026-01-29 00:00:00,2026-01-31 00:00:00,,2.0,,False,6278.49,False,Item/Service Not Delivered,delivery issue,User claims account was compromised before transaction.,In Progress,Critical,Call Center
CBK0002185,TXN00001072,False,USR78593,MCH4473,2026-01-23 00:00:00,,2026-02-11 00:00:00,,,False,893.6,False,Other/Unclassified,unauth txn,customer says transaction was not authorized.,Open,Medium,Chatbot
CBK0001004,TXN00001391,False,USR43520,MCH6140,2026-01-19 06:14:05,2026-01-22 04:14:00,,2.916608796296296,,False,1852.28,False,Other/Unclassified,scam,Customer complaint text unclear due to poor call center notes.,Open,Low,Branch
CBK0001848,TXN00016662,False,USR91934,MCH8779,2026-01-13 00:00:00,2026-01-13 00:00:00,2026-01-27 00:00:00,0.0,14.0,False,4341.13,False,Other/Unclassified,fraud,Customer says amount was debited twice.,In Progress,Low,Call Center
CBK0001547,TXN00019722,False,USR58117,MCH9568,2026-02-07 20:23:00,2026-02-17 00:00:00,,9.150694444444444,,False,11641.0,False,Amount Mismatch,extra amount deducted,User claims account was compromised before transaction.,In Progress,High,IVR
CBK0000984,TXN00019434,False,USR68023,MCH4473,2026-01-11 23:06:15,2026-01-15 00:00:00,2026-01-20 16:06:15,3.037326388888889,5.671006944444445,False,7211.97,False,Item/Service Not Delivered,merchant service issue,Customer says amount was debited twice.,Open,Medium,Email
CBK0001709,TXN00014343,False,USR26622,MCH8668,2026-02-04 00:00:00,2026-02-02 00:00:00,2026-02-17 00:00:00,-2.0,15.0,True,2893.0,False,Other/Unclassified,Service Not Provided,User says UPI PIN was not entered by them.,Open,Medium,Branch
CBK0000533,TXN00001047,False,USR30500,MCH9291,2026-01-19 06:20:45,2026-01-21 00:00:00,,1.7355902777777779,,False,518.0,False,Item/Service Not Delivered,item not received,suspicious high-value payment disputed by customer.,Resolved,Low,Chatbot
CBK0001449,TXN00008116,False,USR21449,MCH7397,2026-03-27 00:00:00,2026-03-29 15:23:00,2026-03-29 00:00:00,2.640972222222222,-0.6409722222222223,False,19544.3,False,Account Takeover / Unauthorized,login compromised,Customer says amount was debited twice.,Resolved,Medium,Email
CBK0002230,TXN00009287,False,USR50434,MCH1683,2026-01-10 00:00:00,2026-01-13 00:00:00,2026-02-03 00:00:00,3.0,21.0,False,1407.0,False,Other/Unclassified,fraud,Merchant service was not delivered after payment.,In Progress,Medium,Chatbot
CBK0002645,TXN00004392,False,USR43033,MCH3019,2026-02-18 00:00:00,2026-02-21 12:13:00,2026-03-09 12:13:05,3.509027777777778,16.00005787037037,False,272.46,False,Item/Service Not Delivered,merchant service issue,User claims account was compromised before transaction.,Rejected,Low,Chatbot
CBK0001756,TXN00005028,False,USR40684,MCH7978,2026-02-22 00:00:00,,2026-03-10 00:00:00,,,False,1800.13,False,Account Takeover / Unauthorized,login compromised,User reports money deducted but merchant denies receiving payment.,Pending Bank,High,Chatbot
CBK0002566,TXN00000405,False,USR64878,MCH8953,2026-03-13 09:18:13,2026-03-24 00:00:00,2026-04-08 00:00:00,10.612349537037037,15.0,False,3060.38,False,Item/Service Not Delivered,not delivered,suspicious high-value payment disputed by customer.,In Progress,Low,App
CBK0001998,TXN00000406,False,USR93650,MCH2266,2026-01-31 22:47:03,2026-02-01 00:00:00,2026-02-06 01:47:00,0.050659722222222224,5.074305555555555,False,2066.08,False,Other/Unclassified,Fraud Suspected,Customer says amount was debited twice.,In Progress,High,Chatbot
CBK0002432,TXN00013381,False,USR11036,MCH9344,2026-03-31 00:00:00,2026-04-02 05:19:00,2026-04-15 00:00:00,2.2215277777777778,12.778472222222222,False,738.73,False,Amount Mismatch,extra amount deducted,User claims account was compromised before transaction.,Pending Bank,Medium,IVR
CBK0002553,TXN00012590,False,USR41260,MCH4089,2026-03-16 00:00:00,2026-03-31 00:00:00,2026-04-17 00:00:00,15.0,17.0,False,8645.0,False,General Complaint / Dispute,dispute raised,COMPLAINT RECEIVED AFTER MULTIPLE FAILED ATTEMPTS.,Closed,High,IVR
CBK0001586,TXN00001182,False,USR80241,MCH7734,2026-03-30 00:00:00,2026-04-04 00:00:00,,5.0,,False,261.51,False,Other/Unclassified,service failed,User says UPI PIN was not entered by them. pls check asap,Pending Bank,Medium,Branch
CBK0000371,TXN00002374,False,USR58639,MCH5954,2026-03-31 00:00:00,2026-04-03 04:13:08,,3.175787037037037,,False,1428.93,False,Other/Unclassified,unauth txn,Customer complaint text unclear due to poor call center notes.,Resolved,Medium,App
CBK0000424,TXN95161,False,USR40061,MCH1589,2026-03-22 09:02:49,2026-03-24 00:00:00,2026-04-20 00:00:00,1.6230439814814814,27.0,False,4157.35,False,Amount Mismatch,Wrong Amount,Payment made to unknown merchant as per customer statement.,Open,Low,IVR
CBK0000513,TXN00003962,False,USR43455,MCH5580,2026-02-16 00:00:00,2026-02-21 00:00:00,2026-03-16 12:04:00,5.0,23.502777777777776,False,12077.97,False,Amount Mismatch,Wrong Amount,Complaint received after multiple failed attempts. urgent,Resolved,High,Chatbot
CBK0002660,TXN00015268,False,USR84844,MCH9709,2026-03-23 00:00:00,2026-03-25 00:00:00,2026-04-20 10:49:25,2.0,26.450983796296295,False,4086.0,False,Item/Service Not Delivered,delivery issue,Suspicious high-value payment disputed by customer.,Open,Medium,Email
CBK0001531,TXN00018893,False,USR98962,MCH8250,2026-02-28 21:20:00,2026-03-01 00:00:00,,0.1111111111111111,,False,3450.22,False,Duplicate Debit,Duplicate Debit,User claims account was compromised before transaction. pls check asap,Pending Bank,Medium,Email
CBK0002447,TXN00012629,False,USR35956,MCH8605,2026-02-13 00:00:00,2026-03-16 00:00:00,2026-04-04 00:00:00,31.0,19.0,False,3056.74,False,Item/Service Not Delivered,item not received,Customer says transaction was not authorized. NA,Open,Medium,Call Center
CBK0002348,TXN00012938,False,USR62273,MCH3100,2026-03-09 00:00:00,2026-03-19 00:00:00,2026-03-20 00:00:00,10.0,1.0,False,3749.0,False,Account Takeover / Unauthorized,account hacked,User claims account was compromised before transaction.,Open,Low,App
CBK0001063,TXN00000271,False,USR23350,MCH6258,2026-03-17 03:29:28,2026-03-18 00:00:00,,0.854537037037037,,False,16937.48,False,Account Takeover / Unauthorized,Account Takeover,Customer says amount was debited twice.,Pending Bank,Medium,IVR
CBK0002087,TXN00011160,False,USR29051,MCH4590,2026-03-17 00:00:00,2026-03-18 00:00:00,2026-04-03 09:26:00,1.0,16.393055555555556,False,1773.89,False,Item/Service Not Delivered,no service,Customer says amount was debited twice.,Rejected,Low,Branch
CBK0001065,TXN00018250,False,USR21407,MCH5172,2026-01-11 00:00:00,2026-01-14 23:22:45,2026-01-19 00:00:00,3.9741319444444443,4.025868055555556,False,4835.58,False,Account Takeover / Unauthorized,not done by me,Customer complaint text unclear due to poor call center notes.,Closed,Low,IVR
CBK0001629,TXN00012665,False,USR52097,MCH2757,2026-03-16 00:00:00,2026-03-19 00:00:00,,3.0,,False,3223.69,False,Item/Service Not Delivered,delivery issue,Complaint received after multiple failed attempts.,In Progress,High,Email
CBK0002793,TXN00005174,False,USR39885,MCH8673,2026-02-06 00:00:00,2026-02-12 00:00:00,2026-02-12 00:00:00,6.0,0.0,False,1679.19,False,Other/Unclassified,unauth txn,user reports money deducted but merchant denies receiving payment.,Resolved,High,Chatbot
CBK0000626,TXN00018979,False,USR61349,MCH5687,2026-02-02 04:41:35,,2026-02-28 00:00:00,,,False,2995.87,False,Other/Unclassified,scam,Customer says transaction was not authorized.,In Progress,Medium,Chatbot
CBK0001911,TXN00009220,False,USR30497,MCH8391,2026-02-23 14:29:24,2026-02-27 00:00:00,2026-03-14 00:00:00,3.39625,15.0,False,914.0,False,Item/Service Not Delivered,no service,User says UPI PIN was not entered by them.,Open,Medium,App
CBK0001509,TXN00011866,False,USR37594,MCH9858,2026-02-16 12:27:00,2026-02-27 00:00:00,,10.48125,,False,628.55,False,Other/Unclassified,service failed,Customer says transaction was not authorized.,Resolved,Low,Chatbot
CBK0001657,TXN00002770,False,USR79332,MCH7033,2026-03-19 00:00:00,2026-03-22 00:00:00,2026-03-28 17:25:00,3.0,6.725694444444445,False,1004.64,False,Account Takeover / Unauthorized,ATO,Customer says transaction was not authorized.,Open,Medium,Email
CBK0000201,TXN00011466,False,USR99920,MCH9344,2026-02-06 00:00:00,2026-02-09 00:00:00,2026-03-04 00:00:00,3.0,23.0,False,860.0,False,Other/Unclassified,UNAUTHORISED,User reports money deducted but merchant denies receiving payment.,In Progress,High,Email
CBK0000550,TXN00015783,False,USR50831,MCH8921,2026-03-27 00:00:00,,2026-04-07 00:00:00,,,False,2852.68,False,Account Takeover / Unauthorized,account hacked,Customer complaint text unclear due to poor call center notes.,In Progress,Medium,IVR
CBK0000685,TXN00011648,False,USR24719,MCH5852,2026-02-08 00:00:00,2026-02-11 00:00:00,,3.0,,False,2218.94,False,Duplicate Debit,charged twice,User claims account was compromised before transaction.,Rejected,Medium,Email
CBK0000692,TXN00005181,False,USR70317,MCH3740,2026-03-01 13:57:00,2026-03-05 00:00:00,2026-03-15 00:57:00,3.41875,10.039583333333333,False,1107.86,False,Item/Service Not Delivered,no service,Merchant service was not delivered after payment.,Open,Low,Chatbot
CBK0001243,TXN00018079,False,USR63150,MCH6850,2026-03-25 00:00:00,2026-03-29 00:00:00,2026-04-07 02:25:00,4.0,9.100694444444445,False,8988.28,False,Duplicate Debit,Duplicate Debit,Complaint received after multiple failed attempts.,Resolved,Medium,Chatbot
CBK0000309,TXN00008361,False,USR59660,MCH3485,2026-02-12 00:00:00,2026-02-23 00:00:00,2026-03-12 00:00:00,11.0,17.0,False,5163.82,False,General Complaint / Dispute,customer issue,User claims account was compromised before transaction.,Open,Low,Email
CBK0000183,TXN00018275,False,USR61083,MCH2383,2026-03-29 06:16:45,2026-04-08 07:16:00,2026-04-29 00:00:00,10.041145833333333,20.697222222222223,False,894.24,False,Amount Mismatch,Wrong Amount,Suspicious high-value payment disputed by customer.,Rejected,Low,Call Center
CBK0000453,TXN00008829,False,USR76027,MCH5301,2026-03-25 17:00:00,2026-03-29 00:00:00,2026-04-13 13:00:00,3.2916666666666665,15.541666666666666,False,19778.02,False,Item/Service Not Delivered,Merchant Not Delivered,CUSTOMER COMPLAINT TEXT UNCLEAR DUE TO POOR CALL CENTER NOTES.,In Progress,High,Branch
CBK0000470,TXN00016736,False,USR95074,MCH2822,2026-02-08 00:00:00,2026-02-10 17:51:46,2026-03-12 00:00:00,2.7442824074074075,29.255717592592593,False,15548.64,False,Other/Unclassified,Fraud Suspected,User claims account was compromised before transaction.,Rejected,Medium,Chatbot
CBK0001507,TXN00014680,False,USR38336,MCH1475,2026-01-29 00:00:00,2026-02-28 00:00:00,2026-03-25 00:00:00,30.0,25.0,False,6017.37,False,Amount Mismatch,Wrong Amount,Payment made to unknown merchant as per customer statement.,Rejected,Low,Chatbot
CBK0002014,TXN00016742,False,USR94725,MCH8212,2026-01-24 00:00:00,,,,,False,1163.64,False,Other/Unclassified,Fraud Suspected,Complaint received after multiple failed attempts.,Open,Low,Email
CBK0000468,TXN00004108,False,USR22727,MCH3160,2026-02-25 00:00:00,2026-03-01 01:25:00,2026-03-18 00:00:00,4.059027777777778,16.94097222222222,False,5763.03,False,Other/Unclassified,Fraud Suspected,User says UPI PIN was not entered by them.,Resolved,High,Chatbot
CBK0000969,TXN00014162,False,USR45011,MCH6383,2026-02-18 00:00:00,2026-03-06 00:00:00,2026-03-19 11:52:22,16.0,13.494699074074074,False,4363.63,False,Item/Service Not Delivered,not delivered,payment made to unknown merchant as per customer statement.,In Progress,Low,Branch
CBK0002322,TXN00009493,False,USR71348,MCH1425,2026-02-26 00:00:00,2026-03-13 11:10:29,,15.465613425925927,,False,270.77,False,Item/Service Not Delivered,no service,user claims account was compromised before transaction.,Resolved,Medium,IVR
CBK0002280,TXN00002173,False,USR47525,MCH1015,2026-03-05 03:02:00,2026-03-06 00:00:00,2026-03-15 22:02:04,0.8736111111111111,9.918101851851851,False,856.42,False,Amount Mismatch,Wrong Amount,Merchant service was not delivered after payment.,Pending Bank,Low,Branch
CBK0000133,TXN00011403,False,USR18453,MCH9291,2026-01-14 00:00:00,2026-01-19 00:00:00,2026-02-17 16:25:35,5.0,29.68443287037037,False,3000.84,False,General Complaint / Dispute,customer issue,Suspicious high-value payment disputed by customer.,Open,High,Call Center
CBK0002491,TXN00019091,False,USR41955,MCH3954,2026-02-20 18:20:01,2026-02-24 00:00:00,2026-03-15 00:00:00,3.236099537037037,19.0,False,11124.0,False,Item/Service Not Delivered,no service,User reports money deducted but merchant denies receiving payment.,In Progress,Medium,Email
CBK0002372,TXN37348,False,USR79864,MCH6026,2026-01-04 00:00:00,2026-01-05 18:15:09,,1.7605208333333333,,False,2069.0,False,Amount Mismatch,extra amount deducted,Customer says transaction was not authorized.,Open,Medium,Chatbot
CBK0001594,TXN00004839,False,USR23350,MCH9444,2026-03-25 14:10:57,2026-04-24 00:00:00,2026-04-24 21:10:57,29.4090625,0.8826041666666666,False,955.91,False,Item/Service Not Delivered,Merchant Not Delivered,customer says amount was debited twice.,Closed,High,Chatbot
CBK0002113,TXN00002480,False,USR12658,MCH3815,2026-03-27 00:00:00,2026-04-02 00:00:00,2026-04-13 15:09:41,6.0,11.631724537037037,False,5722.09,False,Other/Unclassified,fraud,Merchant service was not delivered after payment.,Rejected,High,Chatbot
CBK0002187,TXN00007012,False,USR73010,MCH4473,2026-01-01 00:00:00,,2026-01-25 00:00:00,,,False,1064.0,False,General Complaint / Dispute,customer issue,Payment made to unknown merchant as per customer statement.,Closed,High,App
CBK0001688,TXN00015571,False,USR42338,MCH6498,2026-02-03 00:00:00,2026-02-07 00:00:00,2026-02-15 13:16:00,4.0,8.552777777777777,False,722.56,False,Account Takeover / Unauthorized,login compromised,Merchant service was not delivered after payment.,Closed,Medium,Call Center
CBK0001599,TXN00018048,False,USR45408,MCH4590,2026-02-03 07:57:00,2026-02-05 16:57:00,,2.375,,False,2467.08,False,Other/Unclassified,Service Not Provided,Customer complaint text unclear due to poor call center notes.,Pending Bank,High,Chatbot
CBK0001692,TXN54083,False,USR37452,MCH4658,2026-02-02 00:00:00,2026-02-05 00:00:00,2026-02-12 08:27:52,3.0,7.3526851851851855,False,664.5,False,Other/Unclassified,unauth txn,customer says transaction was not authorized.,Rejected,Medium,Call Center
CBK0002639,TXN00016579,False,USR53527,MCH8073,2026-03-02 00:00:00,2026-03-05 00:00:00,2026-04-04 08:22:00,3.0,30.34861111111111,False,1345.55,False,Item/Service Not Delivered,Merchant Not Delivered,User reports money deducted but merchant denies receiving payment.,Closed,Medium,App
CBK0002464,TXN00000389,False,USR51316,MCH2059,2026-02-08 06:31:54,2026-02-06 06:31:54,2026-02-19 06:31:00,-2.0,12.999375,True,2566.03,False,Item/Service Not Delivered,item not received,User reports money deducted but merchant denies receiving payment.,Resolved,High,Call Center
CBK0002031,TXN00001568,False,USR46045,MCH7468,2026-01-01 00:00:00,2026-01-03 00:00:00,2026-01-20 00:00:00,2.0,17.0,False,13654.34,False,Duplicate Debit,Duplicate Debit,Complaint received after multiple failed attempts.,Resolved,Medium,Chatbot
CBK0000357,TXN00002320,False,USR38540,MCH5330,2026-01-02 00:00:00,2026-01-12 00:00:00,2026-01-16 00:00:00,10.0,4.0,False,911.59,False,Item/Service Not Delivered,merchant service issue,User claims account was compromised before transaction.,Pending Bank,Medium,Email
CBK0001045,TXN00010810,False,USR65507,MCH7833,2026-03-07 00:00:00,2026-03-08 00:00:00,2026-04-03 00:00:00,1.0,26.0,False,541.11,False,Item/Service Not Delivered,not delivered,Customer says amount was debited twice.,Open,Medium,IVR
CBK0002559,TXN00014011,False,USR19313,MCH4037,2026-01-04 10:10:00,,,,,False,1125.73,False,Amount Mismatch,amount mismatch,User says UPI PIN was not entered by them.,Pending Bank,Low,Branch
CBK0000997,TXN00004554,False,USR64865,MCH4157,2026-02-19 00:00:00,2026-03-01 20:11:18,2026-03-21 00:00:00,10.841180555555555,19.158819444444443,False,2266.29,False,Duplicate Debit,double debit,Customer says amount was debited twice.,Open,Medium,Email
CBK0000942,TXN00000964,False,USR78941,MCH3992,2026-03-29 15:18:17,2026-04-06 00:00:00,2026-04-06 02:18:00,7.362303240740741,0.09583333333333334,False,2761.55,False,Duplicate Debit,charged twice,Suspicious high-value payment disputed by customer.,Resolved,Low,IVR
CBK0000622,TXN00007356,False,USR81916,MCH6117,2026-02-25 00:00:00,2026-03-12 00:00:00,2026-03-19 13:11:32,15.0,7.549675925925926,False,4608.17,False,Duplicate Debit,double debit,Payment made to unknown merchant as per customer statement.,Pending Bank,Low,Chatbot
CBK0001835,TXN66186,False,USR21162,MCH2549,2026-02-25 20:33:49,2026-02-28 00:00:00,2026-03-17 20:33:49,2.1431828703703704,17.85681712962963,False,5546.22,False,Account Takeover / Unauthorized,ATO,Customer says transaction was not authorized.,Closed,High,Chatbot
CBK0001884,TXN00019164,False,USR22644,MCH9648,2026-02-08 00:00:00,2026-02-12 07:08:18,2026-02-14 00:00:00,4.297430555555556,1.7025694444444444,False,1364.5,False,Other/Unclassified,suspicious transaction,suspicious high-value payment disputed by customer.,In Progress,Low,Chatbot
CBK0001438,TXN00008449,False,USR22964,MCH2194,2026-03-22 00:00:00,2026-03-26 00:00:00,2026-04-07 00:00:00,4.0,12.0,False,653.0,False,General Complaint / Dispute,customer issue,Complaint received after multiple failed attempts. urgent,Resolved,Medium,App
CBK0002251,TXN00017472,False,USR79175,MCH4488,2026-02-23 08:37:00,2026-03-10 13:37:56,2026-04-01 00:00:00,15.208981481481482,21.43199074074074,False,14012.62,False,General Complaint / Dispute,Customer Dispute,Suspicious high-value payment disputed by customer.,Resolved,Critical,IVR
CBK0000739,TXN00017315,False,USR29561,MCH5980,2026-01-04 00:00:00,,2026-01-24 06:45:30,,,False,704.73,False,Account Takeover / Unauthorized,login compromised,User says UPI PIN was not entered by them.,In Progress,High,IVR
CBK0002114,TXN00004014,False,USR25900,MCH4717,2026-03-12 00:00:00,2026-03-19 00:00:00,2026-04-17 22:25:36,7.0,29.934444444444445,False,4940.23,False,Item/Service Not Delivered,item not received,Customer complaint text unclear due to poor call center notes. urgent,Resolved,High,Chatbot
CBK0000291,TXN00003485,False,USR79977,MCH3900,2026-02-10 00:00:00,,,,,False,485.1,False,Item/Service Not Delivered,item not received,User reports money deducted but merchant denies receiving payment.,Open,Low,Branch
CBK0001614,TXN00017424,False,USR36509,MCH1316,2026-02-18 00:00:00,2026-02-19 00:00:00,2026-03-21 00:00:00,1.0,30.0,False,9374.52,False,Item/Service Not Delivered,merchant service issue,customer says transaction was not authorized.,Pending Bank,Medium,Chatbot
CBK0000654,TXN00013810,False,USR50022,MCH5980,2026-03-07 00:00:00,2026-03-08 07:44:45,,1.3227430555555555,,False,4552.67,False,Account Takeover / Unauthorized,ATO,complaint received after multiple failed attempts.,Closed,Low,IVR
CBK0000809,TXN00013144,False,USR51720,MCH9790,2026-03-09 00:00:00,2026-03-19 23:09:00,,10.964583333333334,,False,688.92,False,Other/Unclassified,unauth txn,CUSTOMER SAYS TRANSACTION WAS NOT AUTHORIZED.,Pending Bank,High,Call Center
CBK0001589,TXN88540,False,USR96555,MCH2757,2026-01-30 00:47:43,2026-01-31 00:00:00,2026-02-24 20:47:43,0.9668634259259259,24.866469907407406,False,221.01,False,Other/Unclassified,scam,Merchant service was not delivered after payment.,Rejected,High,IVR
CBK0002629,TXN00010196,False,USR41172,MCH4588,2026-02-21 00:00:00,2026-02-18 02:42:14,,-2.8873379629629627,,True,852.0,False,Other/Unclassified,Fraud Suspected,User says UPI PIN was not entered by them.,Rejected,Medium,IVR
CBK0000840,TXN00018717,False,USR16257,MCH3019,2026-02-20 08:58:00,2026-03-02 15:58:44,2026-03-13 00:00:00,10.292175925925926,10.334212962962964,False,4563.14,False,Other/Unclassified,Service Not Provided,User claims account was compromised before transaction.,Pending Bank,Low,IVR
CBK0002285,TXN00005474,False,USR53527,MCH4473,2026-01-29 00:00:00,2026-01-30 00:00:00,,1.0,,False,271.69,False,General Complaint / Dispute,customer issue,User claims account was compromised before transaction.,Closed,Medium,IVR
CBK0001420,TXN00010436,False,USR26201,MCH9908,2026-03-16 06:56:10,2026-03-21 13:56:00,2026-04-16 00:00:00,5.291550925925926,25.419444444444444,False,509.15,False,Item/Service Not Delivered,delivery issue,User says UPI PIN was not entered by them.,Rejected,Medium,IVR
CBK0000833,TXN00007902,False,USR66726,MCH6087,2026-02-26 00:00:00,2026-03-09 00:00:00,2026-03-28 04:34:00,11.0,19.190277777777776,False,5099.0,False,Duplicate Debit,DUP_DEBIT,Merchant service was not delivered after payment. NA,In Progress,High,IVR
CBK0000353,TXN00017372,False,USR56234,MCH7986,2026-02-02 18:14:36,2026-02-05 01:14:36,2026-02-25 00:00:00,2.2916666666666665,19.948194444444443,False,1275.74,False,Account Takeover / Unauthorized,not done by me,Customer complaint text unclear due to poor call center notes.,Rejected,High,IVR
CBK0002225,TXN00011962,False,USR12961,MCH8953,2026-03-02 02:36:15,2026-03-03 23:36:15,,1.875,,False,6403.5,False,Other/Unclassified,unauth txn,Payment made to unknown merchant as per customer statement.,Closed,Low,IVR
CBK0001471,TXN00003290,False,USR25087,MCH3815,2026-03-08 00:00:00,2026-03-09 00:00:00,2026-03-20 00:00:00,1.0,11.0,False,991.51,False,Item/Service Not Delivered,not delivered,Customer complaint text unclear due to poor call center notes. NA,Closed,High,Email
CBK0002740,TXN00013424,False,USR71939,MCH4819,2026-02-13 22:58:37,2026-02-16 00:00:00,2026-03-04 13:58:00,2.0426273148148146,16.581944444444446,False,3989.1,False,Item/Service Not Delivered,item not received,User reports money deducted but merchant denies receiving payment.,Pending Bank,Low,Chatbot
CBK0000543,TXN00001593,False,USR30157,MCH9787,2026-03-27 00:00:00,2026-03-28 00:00:00,2026-04-01 00:00:00,1.0,4.0,False,759.56,False,Item/Service Not Delivered,not delivered,User claims account was compromised before transaction.,Pending Bank,High,Call Center
CBK0001628,TXN00008857,False,USR61151,MCH4796,2026-03-19 00:00:00,2026-03-22 09:53:18,2026-04-04 09:53:18,3.4120138888888887,13.0,False,5937.26,False,Duplicate Debit,Duplicate Debit,Payment made to unknown merchant as per cust statement.,Rejected,Low,Call Center
CBK0000452,TXN00002107,False,USR52224,MCH4529,2026-02-28 04:18:55,2026-03-10 00:00:00,2026-03-27 12:18:55,9.82019675925926,17.513136574074075,False,6251.19,False,Other/Unclassified,service failed,MERCHANT SERVICE WAS NOT DELIVERED AFTER PAYMENT.,Rejected,High,IVR
CBK0002368,TXN00004923,False,USR50207,MCH8391,2026-01-27 00:00:00,,,,,False,1673.05,False,Amount Mismatch,extra amount deducted,Merchant service was not delivered after payment.,Closed,Low,IVR
CBK0001693,TXN00009578,False,USR55777,MCH8533,2026-02-01 00:00:00,2026-02-04 17:25:23,2026-03-01 17:25:00,3.725960648148148,24.999733796296297,False,5287.35,False,Other/Unclassified,incorrect amount,complaint received after multiple failed attempts.,Closed,Medium,App
CBK0001268,TXN00004622,False,USR97580,MCH1348,2026-01-24 00:00:00,2026-01-24 17:29:00,2026-01-31 00:00:00,0.7284722222222222,6.271527777777778,False,1330.95,False,Item/Service Not Delivered,item not received,Merchant service was not delivered after payment.,Rejected,Medium,IVR
CBK0000449,TXN00007492,False,USR66286,MCH2383,2026-02-19 00:00:00,2026-02-20 00:00:00,2026-02-25 00:00:00,1.0,5.0,False,2062.69,False,General Complaint / Dispute,complaint,Merchant service was not delivered after payment.,Open,Low,App
CBK0000258,TXN00017642,False,USR41056,MCH9394,2026-02-26 00:19:00,2026-03-01 00:00:00,2026-03-24 00:00:00,2.9868055555555557,23.0,False,1505.96,False,General Complaint / Dispute,customer issue,Customer says amount was debited twice.,Resolved,High,Chatbot
CBK0000446,TXN00010750,False,USR17864,MCH4002,2026-01-12 00:00:00,2026-01-15 00:00:00,2026-01-31 20:48:17,3.0,16.866863425925924,False,2928.89,False,Item/Service Not Delivered,delivery issue,Payment made to unknown merchant as per customer statement.,Rejected,Medium,Call Center
CBK0000718,TXN00011539,False,USR60803,MCH7874,2026-03-09 18:51:51,2026-03-10 00:00:00,2026-03-31 00:00:00,0.21399305555555556,21.0,False,1528.98,False,Account Takeover / Unauthorized,unauthorized_transaction,customer complaint text unclear due to poor call center notes.,In Progress,High,Chatbot
CBK0000013,TXN00019943,False,USR42818,MCH6838,2026-01-02 14:58:54,2026-01-05 00:00:00,,2.375763888888889,,False,728.13,False,General Complaint / Dispute,customer issue,User says UPI PIN was not entered by them. call dropped,In Progress,Low,App
CBK0001521,TXN00010065,False,USR51069,MCH8953,2026-02-14 00:00:00,2026-03-17 18:07:42,2026-04-10 00:00:00,31.755347222222223,23.244652777777777,False,4146.46,False,Item/Service Not Delivered,Merchant Not Delivered,user reports money deducted but merchant denies receiving payment.,Closed,Low,Chatbot
CBK0002680,TXN00009041,False,USR82433,MCH4594,2026-02-07 00:00:00,2026-02-10 00:00:00,2026-02-16 00:00:00,3.0,6.0,False,865.19,False,Duplicate Debit,charged twice,User says UPI PIN was not entered by them.,Open,Low,Email
CBK0001738,TXN00010457,False,USR59679,MCH9291,2026-03-05 00:00:00,2026-03-06 00:00:00,2026-03-17 18:20:16,1.0,11.764074074074074,False,2161.39,False,Other/Unclassified,fraud,Merchant service was not delivered after payment.,Open,High,Call Center
CBK0001979,TXN00007772,False,USR77274,MCH7833,2026-03-24 00:00:00,2026-03-31 00:00:00,2026-04-17 10:47:26,7.0,17.44960648148148,False,1320.83,False,Other/Unclassified,incorrect amount,Customer complaint text unclear due to poor call center notes.,Pending Bank,Critical,IVR
CBK0000510,TXN00007774,False,USR73010,MCH1407,2026-03-07 00:00:00,2026-03-09 00:00:00,2026-04-04 00:00:00,2.0,26.0,False,1443.57,False,Account Takeover / Unauthorized,unauthorized_transaction,User claims account was compromised before txn.,Rejected,Medium,IVR
CBK0000115,TXN00000541,False,USR20121,MCH8779,2026-02-20 00:00:00,2026-03-23 03:31:09,2026-04-05 00:00:00,31.146631944444444,12.853368055555556,False,1346.0,False,General Complaint / Dispute,complaint,Customer says amount was debited twice.,Resolved,Low,Email
CBK0001315,TXN00005438,False,USR68023,MCH5877,2026-02-16 00:00:00,2026-02-22 07:46:00,,6.323611111111111,,False,1581.74,False,Amount Mismatch,extra amount deducted,Merchant service was not delivered after payment. urgent,Open,High,Branch
CBK0001795,TXN00017402,False,USR78513,MCH4226,2026-01-23 04:47:03,2026-01-31 00:47:03,2026-02-11 00:47:03,7.833333333333333,11.0,False,2837.81,False,Account Takeover / Unauthorized,login compromised,Complaint received after multiple failed attempts.,Rejected,Low,IVR
CBK0002345,TXN00010920,False,USR70736,MCH8559,2026-03-11 00:00:00,2026-03-13 00:00:00,2026-03-24 03:54:00,2.0,11.1625,False,822.8,False,General Complaint / Dispute,customer issue,User claims account was compromised before transaction.,Closed,Low,Call Center
CBK0000375,TXN00015798,False,USR47647,MCH8330,2026-01-10 00:00:00,2026-01-12 00:00:00,2026-01-26 03:31:00,2.0,14.146527777777777,False,5976.69,False,Amount Mismatch,extra amount deducted,suspicious high-value payment disputed by customer.,In Progress,Low,Chatbot
CBK0000967,TXN00016890,False,USR11933,MCH4841,2026-03-28 00:00:00,2026-03-29 00:00:00,2026-04-04 00:00:00,1.0,6.0,False,2406.47,False,Duplicate Debit,double debit,Suspicious high-value payment disputed by customer.,In Progress,Low,Chatbot
CBK0000032,TXN00001691,False,USR43171,MCH8182,2026-01-08 00:00:00,2026-01-09 00:00:00,2026-01-26 09:44:49,1.0,17.406122685185185,False,875.81,False,Duplicate Debit,double debit,User claims account was compromised before transaction.,In Progress,Medium,App
CBK0001529,TXN00008099,False,USR86223,MCH1511,2026-02-22 00:00:00,2026-02-24 00:00:00,2026-03-20 00:00:00,2.0,24.0,False,4576.69,False,Item/Service Not Delivered,not delivered,Customer says amount was debited twice.,Closed,Critical,IVR
CBK0002264,TXN00001289,False,USR79175,MCH4181,2026-02-26 00:00:00,2026-03-28 17:35:00,2026-04-26 00:00:00,30.73263888888889,28.26736111111111,False,201.03,False,Item/Service Not Delivered,delivery issue,User claims account was compromised before transaction. call dropped,Pending Bank,Critical,Branch
CBK0002480,TXN00007980,False,USR87914,MCH7383,2026-02-02 00:00:00,2026-02-06 15:03:23,,4.627349537037037,,False,1231.74,False,Account Takeover / Unauthorized,Account Takeover,customer says transaction was not authorized.,Pending Bank,Medium,IVR
CBK0002469,TXN00002314,False,USR99748,MCH7621,2026-02-22 00:00:00,2026-02-23 18:44:31,2026-03-24 00:00:00,1.7809143518518518,28.21908564814815,False,725.65,False,Amount Mismatch,amount mismatch,User reports money deducted but merchant denies receiving payment.,In Progress,Medium,IVR
CBK0001505,TXN00001496,False,USR40061,MCH3765,2026-03-04 00:00:00,2026-03-08 11:54:46,2026-03-13 11:54:46,4.496365740740741,5.0,False,5669.05,False,General Complaint / Dispute,customer issue,User says UPI PIN was not entered by them.,Rejected,Low,IVR
CBK0000478,TXN00014062,False,USR69966,MCH2822,2026-02-25 19:59:11,2026-02-26 00:00:00,2026-03-25 15:59:00,0.16723379629629628,27.665972222222223,False,1078.9,False,Account Takeover / Unauthorized,ATO,User claims account was compromised before transaction.,In Progress,Low,Branch
CBK0001735,TXN00017962,False,USR81878,MCH2822,2026-01-13 03:38:00,2026-02-27 00:00:00,2026-03-16 23:38:14,44.84861111111111,17.98488425925926,False,2741.61,False,Amount Mismatch,extra amount deducted,Payment made to unknown merchant as per customer statement.,Pending Bank,Low,App
CBK0001931,TXN00002531,False,USR10307,MCH4473,2026-02-16 00:00:00,,,,,False,1017.5,False,Duplicate Debit,double debit,Customer complaint text unclear due to poor call center notes.,Open,Medium,IVR
CBK0001639,TXN00005636,False,USR63938,MCH1320,2026-02-02 00:00:00,2026-02-03 00:00:00,2026-02-12 11:56:31,1.0,9.497581018518519,False,1118.0,False,Amount Mismatch,extra amount deducted,user claims account was compromised before transaction.,Closed,Medium,Email
CBK0000922,TXN00018185,False,USR61372,MCH8331,2026-02-27 00:00:00,2026-02-28 00:00:00,,1.0,,False,660.0,False,Other/Unclassified,Service Not Provided,user reports money deducted but merchant denies receiving payment.,Open,High,Email
CBK0001957,TXN00009699,False,USR64159,MCH2134,2026-02-03 10:47:22,2026-02-06 00:00:00,2026-03-03 00:00:00,2.5504398148148146,25.0,False,3917.9,False,Duplicate Debit,Duplicate Debit,MERCHANT SERVICE WAS NOT DELIVERED AFTER PAYMENT.,In Progress,High,Chatbot
CBK0002591,TXN00004763,False,USR40127,MCH4473,2026-03-10 00:00:00,2026-03-12 23:20:31,2026-03-19 23:20:31,2.9725810185185186,7.0,False,2865.75,False,Duplicate Debit,double debit,Customer says transaction was not authorized.,Pending Bank,Medium,Chatbot
CBK0000772,TXN00010034,False,USR25196,MCH1320,2026-01-06 00:00:00,2026-01-08 09:22:06,2026-02-05 00:00:00,2.390347222222222,27.60965277777778,False,305.0,False,General Complaint / Dispute,dispute raised,Customer says amount was debited twice.,Open,Critical,Chatbot
CBK0000963,TXN00003306,False,USR42884,MCH8953,2026-01-04 00:00:00,,2026-02-01 00:48:55,,,False,2280.54,False,Duplicate Debit,Duplicate Debit,Payment made to unknown merchant as per customer statement.,In Progress,Medium,Email
CBK0001101,TXN00002219,False,USR11618,MCH1518,2026-03-15 00:00:00,2026-03-17 00:00:00,2026-04-12 00:00:00,2.0,26.0,False,3127.19,False,Item/Service Not Delivered,item not received,COMPLAINT RECEIVED AFTER MULTIPLE FAILED ATTEMPTS.,Open,Medium,Chatbot
CBK0002749,TXN00019208,False,USR22131,MCH6084,2026-03-08 00:00:00,2026-03-10 01:16:17,2026-03-12 00:00:00,2.052974537037037,1.9470254629629629,False,1146.96,False,General Complaint / Dispute,Customer Dispute,Suspicious high-value payment disputed by customer.,Rejected,Medium,Chatbot
CBK0001237,TXN00015341,False,USR87558,MCH4264,2026-01-10 19:48:33,2026-01-12 14:48:33,,1.7916666666666667,,False,6901.63,False,Item/Service Not Delivered,item not received,Complaint received after multiple failed attempts.,Pending Bank,Critical,IVR
CBK0002728,TXN00014794,False,USR60133,MCH9291,2026-03-03 15:24:00,2026-03-04 11:24:00,2026-03-12 00:00:00,0.8333333333333334,7.525,False,975.44,False,General Complaint / Dispute,Customer Dispute,Payment made to unknown merchant as per customer statement.,In Progress,Medium,Chatbot
CBK0000711,TXN00015632,False,USR47206,MCH3217,2026-03-05 00:00:00,2026-03-06 00:00:00,2026-04-01 23:17:35,1.0,26.97054398148148,False,386.01,False,General Complaint / Dispute,complaint,User says UPI PIN was not entered by them.,In Progress,Low,Branch
CBK0000888,TXN00015372,False,USR10047,MCH6850,2026-02-12 00:00:00,2026-02-14 00:00:00,2026-03-02 00:00:00,2.0,16.0,False,1341.86,False,Amount Mismatch,amount mismatch,PAYMENT MADE TO UNKNOWN MERCHANT AS PER CUSTOMER STATEMENT.,Pending Bank,High,Chatbot
CBK0001977,TXN00000225,False,USR94159,MCH5655,2026-03-07 00:00:00,2026-03-07 22:21:00,,0.93125,,False,666.0,False,General Complaint / Dispute,complaint,Payment made to unknown merchant as per customer statement.,Resolved,High,Branch
CBK0000558,TXN00006037,False,USR26658,MCH7509,2026-02-13 00:00:00,2026-02-14 00:00:00,2026-02-22 03:45:00,1.0,8.15625,False,739.74,False,General Complaint / Dispute,dispute raised,user reports money deducted but merchant denies receiving payment.,Closed,Low,Email
CBK0001241,TXN00019245,False,USR99206,MCH4590,2026-03-11 00:00:00,2026-03-12 00:00:00,2026-04-06 00:00:00,1.0,25.0,False,2987.16,False,Other/Unclassified,suspicious transaction,Customer complaint text unclear due to poor call center notes.,Closed,Medium,Branch
CBK0000238,TXN00008222,False,USR40061,MCH2274,2026-02-19 00:00:00,2026-02-22 00:00:00,,3.0,,False,4360.22,False,General Complaint / Dispute,dispute raised,User reports money deducted but merchant denies receiving payment.,In Progress,Low,App
CBK0001421,TXN00015594,False,USR50434,MCH6889,2026-01-26 00:00:00,2026-01-30 00:00:00,2026-02-17 10:08:54,4.0,18.422847222222224,False,1421.26,False,Account Takeover / Unauthorized,Account Takeover,Customer complaint text unclear due to poor call center notes.,Open,Low,Email
CBK0000996,TXN00000021,False,USR22644,MCH4473,2026-01-07 00:00:00,2026-01-17 19:42:38,2026-02-11 00:00:00,10.821273148148148,24.178726851851852,False,1284.05,False,General Complaint / Dispute,dispute raised,Complaint received after multiple failed attempts. pls check asap,Rejected,Low,Chatbot
CBK0001387,TXN00008870,False,USR26871,MCH3687,2026-01-20 19:35:20,2026-01-23 00:00:00,,2.1837962962962965,,False,4628.47,False,Account Takeover / Unauthorized,unauthorized_transaction,Suspicious high-value payment disputed by customer.,Rejected,Medium,Chatbot
CBK0002306,TXN00008650,False,USR32641,MCH1565,2026-02-18 00:00:00,2026-02-19 00:00:00,2026-03-12 00:00:00,1.0,21.0,False,1166.57,False,Item/Service Not Delivered,not delivered,user claims account was compromised before transaction.,Open,Medium,Chatbot
CBK0000989,TXN00012972,False,USR33348,MCH5173,2026-03-03 18:36:37,2026-03-14 13:36:37,2026-03-20 00:00:00,10.791666666666666,5.432905092592593,False,1647.57,False,Other/Unclassified,unauth txn,Customer says amount was debited twice.,Resolved,High,IVR
CBK0002096,TXN00008557,False,USR89656,MCH4345,2026-03-14 00:00:00,2026-03-20 00:00:00,,6.0,,False,752.0,False,Other/Unclassified,FRAUD,Payment made to unknown merchant as per customer statement.,Rejected,High,Chatbot
CBK0001958,TXN00018222,False,USR46902,MCH5561,2026-03-08 00:00:00,2026-03-10 18:32:00,,2.772222222222222,,False,1611.0,False,Item/Service Not Delivered,merchant service issue,Customer complaint text unclear due to poor call center notes.,Closed,Low,Branch
CBK0001584,TXN00016151,False,USR53727,MCH3815,2026-02-03 00:00:00,2026-02-04 08:28:07,2026-03-06 00:00:00,1.3528587962962964,29.647141203703704,False,1236.73,False,Account Takeover / Unauthorized,login compromised,Merchant service was not delivered after payment.,In Progress,Low,Call Center
CBK0000075,TXN00014086,False,USR84007,MCH8154,2026-03-18 00:00:00,2026-03-25 00:00:00,2026-03-26 00:00:00,7.0,1.0,False,1493.94,False,Other/Unclassified,scam,User reports money deducted but merchant denies receiving payment.,Resolved,Medium,App
CBK0002416,TXN00007831,False,USR38240,MCH6533,2026-01-06 01:46:00,2026-01-07 00:00:00,2026-01-28 08:46:41,0.9263888888888889,21.365752314814817,False,905.66,False,Account Takeover / Unauthorized,account hacked,Suspicious high-value payment disputed by customer.,Open,Low,Email
CBK0000118,TXN00008970,False,USR64312,MCH2858,2026-01-26 00:00:00,,,,,False,450.63,False,Other/Unclassified,suspicious transaction,Payment made to unknown merchant as per customer statement.,Closed,Low,IVR
CBK0002291,TXN00000916,False,USR59058,MCH4473,2026-01-01 00:19:40,2026-01-03 00:00:00,,1.9863425925925926,,False,577.0,False,Account Takeover / Unauthorized,unauthorized_transaction,Merchant service was not delivered after payment. details missing,Open,High,IVR
CBK0000686,TXN00000850,False,USR54783,MCH8420,2026-01-23 00:00:00,2026-01-20 00:00:00,,-3.0,,True,1203.18,False,Other/Unclassified,UNAUTHORISED,Customer says txn was not authorized.,Pending Bank,Medium,Branch
CBK0002224,TXN00008421,False,USR39089,MCH2822,2026-01-06 00:00:00,2026-01-11 00:00:00,2026-01-17 00:00:00,5.0,6.0,False,964.56,False,Account Takeover / Unauthorized,Unauthorized Transaction,User claims account was compromised before transaction.,Closed,Low,Call Center
CBK0002365,TXN00000567,False,USR77716,MCH2387,2026-03-15 16:57:45,2026-03-19 00:00:00,2026-04-12 05:57:00,3.293229166666667,24.247916666666665,False,1015.09,False,Other/Unclassified,scam,suspicious high-value payment disputed by customer.,Open,Low,Chatbot
CBK0002438,TXN00006364,False,USR79500,MCH2963,2026-02-17 00:00:00,2026-02-18 21:05:00,2026-03-16 00:00:00,1.8784722222222223,25.12152777777778,False,2678.39,False,Item/Service Not Delivered,Merchant Not Delivered,Complaint received after multiple failed attempts.,Closed,Low,Email
CBK0000286,TXN00017361,False,USR62049,MCH6810,2026-02-01 02:57:51,2026-02-11 00:00:00,2026-02-28 00:00:00,9.876493055555555,17.0,False,1755.45,False,Account Takeover / Unauthorized,Unauthorized Transaction,user claims account was compromised before transaction.,In Progress,Low,IVR
CBK0002129,TXN00005777,False,USR99787,MCH8779,2026-03-05 00:00:00,2026-03-21 00:00:00,2026-04-02 00:00:00,16.0,12.0,False,891.95,False,Other/Unclassified,FRAUD,Customer says amount was debited twice.,Open,Medium,Call Center
CBK0001675,TXN00007698,False,USR30500,MCH1290,2026-03-25 00:00:00,2026-03-27 00:00:00,2026-04-10 05:50:27,2.0,14.243368055555555,False,1746.55,False,Duplicate Debit,DUP_DEBIT,Merchant service was not delivered after payment.,Resolved,Medium,Branch
CBK0002449,TXN00010509,False,USR57946,MCH4966,2026-02-26 06:53:00,2026-02-28 00:00:00,2026-03-25 00:00:00,1.7131944444444445,25.0,False,1835.21,False,Other/Unclassified,service failed,Suspicious high-value payment disputed by customer.,Open,Medium,IVR
CBK0000924,TXN00003076,False,USR28031,MCH8603,2026-01-01 00:00:00,,2026-01-24 01:31:00,,,False,342.0,False,General Complaint / Dispute,customer issue,User says UPI PIN was not entered by them.,Pending Bank,Medium,App
CBK0002583,TXN00016902,False,USR33856,MCH4131,2026-01-15 15:10:59,2026-01-17 22:10:59,2026-02-10 00:00:00,2.2916666666666665,23.075706018518517,False,1595.05,False,Account Takeover / Unauthorized,unauthorized_transaction,Customer says amount was debited twice.,Pending Bank,Low,Branch
CBK0002083,TXN00014640,False,USR17657,MCH2822,2026-03-25 00:00:00,2026-03-27 00:00:00,2026-04-03 14:05:27,2.0,7.587118055555556,False,5247.0,False,Item/Service Not Delivered,no service,Suspicious high-value payment disputed by customer. NA,Closed,Low,Email
CBK0000076,TXN00001158,False,USR27355,MCH5963,2026-01-04 00:00:00,2026-01-05 22:59:45,2026-01-09 22:59:00,1.9581597222222222,3.9994791666666667,False,461.85,False,Item/Service Not Delivered,no service,CUSTOMER SAYS TRANSACTION WAS NOT AUTHORIZED.,Rejected,Low,IVR
CBK0000938,TXN00011273,False,USR80424,MCH1874,2026-02-16 00:00:00,2026-02-21 00:00:00,2026-02-28 00:00:00,5.0,7.0,False,1062.27,False,Item/Service Not Delivered,not delivered,Customer says amount was debited twice.,Resolved,Critical,Branch
CBK0002610,TXN00011255,False,USR62673,MCH3100,2026-01-06 00:00:00,2026-01-21 17:51:37,2026-01-25 17:51:37,15.744178240740741,4.0,False,2068.22,False,Account Takeover / Unauthorized,account hacked,Merchant service was not delivered after payment.,Open,Low,Call Center
CBK0001142,TXN00013418,False,USR55881,MCH1320,2026-01-13 19:02:00,2026-01-15 00:00:00,,1.2069444444444444,,False,6925.85,False,Item/Service Not Delivered,Merchant Not Delivered,User claims account was compromised before transaction.,Closed,Medium,IVR
CBK0001084,TXN00017437,False,USR13933,MCH2265,2026-01-17 10:41:08,2026-01-18 00:00:00,2026-02-09 00:00:00,0.5547685185185185,22.0,False,1311.0,False,General Complaint / Dispute,customer issue,Customer complaint text unclear due to poor call center notes.,Pending Bank,Medium,Chatbot
CBK0001441,TXN00017441,False,USR80479,MCH2733,2026-01-12 00:00:00,2026-01-15 00:00:00,,3.0,,False,766.94,False,Account Takeover / Unauthorized,unauthorized_transaction,Customer says amount was debited twice.,In Progress,High,Call Center
CBK0002220,TXN00018020,False,USR89284,MCH2757,2026-03-15 13:36:00,2026-03-18 00:00:00,2026-04-10 01:36:14,2.433333333333333,23.066828703703703,False,1238.72,False,Other/Unclassified,Service Not Provided,Payment made to unknown merchant as per customer statement.,Closed,Low,Call Center
CBK0002548,TXN00003431,False,USR51725,MCH1320,2026-01-01 00:00:00,2026-01-09 00:00:00,2026-01-09 00:08:00,8.0,0.005555555555555556,False,3242.15,False,Item/Service Not Delivered,merchant service issue,User reports money deducted but merchant denies receiving payment.,Open,Medium,Chatbot
CBK0002511,TXN00014471,False,USR91311,MCH8100,2026-02-21 00:00:00,2026-02-27 00:00:00,,6.0,,False,2509.27,False,Account Takeover / Unauthorized,Account Takeover,COMPLAINT RECEIVED AFTER MULTIPLE FAILED ATTEMPTS.,Open,High,IVR
CBK0002761,TXN00017387,False,USR73413,MCH2266,2026-03-09 00:00:00,2026-03-12 11:20:23,2026-03-30 00:00:00,3.472488425925926,17.527511574074072,False,303.26,False,Account Takeover / Unauthorized,not done by me,User says UPI PIN was not entered by them.,Open,Medium,App
CBK0000999,TXN00009812,False,USR25934,MCH4473,2026-03-11 14:54:18,2026-03-15 00:00:00,2026-04-01 00:00:00,3.3789583333333333,17.0,False,2069.51,False,General Complaint / Dispute,dispute raised,User reports money deducted but merchant denies receiving payment. details missing,Open,Low,Call Center
CBK0002271,TXN00012860,False,USR27755,MCH6850,2026-01-27 00:00:00,2026-01-30 23:27:37,2026-02-10 23:27:37,3.977511574074074,11.0,False,4626.0,False,Account Takeover / Unauthorized,account hacked,User reports money deducted but merchant denies receiving payment.,Pending Bank,Low,App
CBK0000793,TXN00006175,False,USR62254,MCH4226,2026-02-27 00:00:00,2026-02-28 09:53:08,,1.411898148148148,,False,709.86,False,Item/Service Not Delivered,Merchant Not Delivered,Suspicious high-value payment disputed by cust.,Pending Bank,Low,IVR
CBK0001886,TXN00004693,False,USR44959,MCH7728,2026-01-27 00:00:00,2026-01-29 00:00:00,,2.0,,False,3249.99,False,Amount Mismatch,amount mismatch,User says UPI PIN was not entered by them.,Open,Low,App
CBK0000674,TXN95066,False,USR27533,MCH5993,2026-03-01 00:00:00,,2026-03-10 00:00:00,,,False,731.0,False,Account Takeover / Unauthorized,Unauthorized Transaction,customer says amount was debited twice.,Resolved,Medium,App
CBK0002434,TXN00017925,False,USR13134,MCH5284,2026-01-07 02:25:00,,2026-01-27 00:00:00,,,False,1402.12,False,General Complaint / Dispute,complaint,User claims account was compromised before transaction.,In Progress,Medium,Email
CBK0000199,TXN00014454,False,USR65385,MCH9061,2026-01-01 00:00:00,,,,,False,752.03,False,Account Takeover / Unauthorized,unauthorized_transaction,User says UPI PIN was not entered by them. call dropped,Closed,Low,App
CBK0002095,TXN00004933,False,USR43455,MCH2566,2026-01-26 00:00:00,2026-02-06 00:00:00,2026-03-08 00:00:00,11.0,30.0,False,4720.79,False,Item/Service Not Delivered,not delivered,Suspicious high-value payment disputed by customer.,Closed,Low,Chatbot
CBK0000051,TXN00015825,False,USR97494,MCH6181,2026-03-19 00:00:00,2026-04-03 00:00:00,2026-04-24 00:00:00,15.0,21.0,False,272.77,False,Account Takeover / Unauthorized,account hacked,payment made to unknown merchant as per customer statement.,Resolved,Critical,Chatbot
CBK0000240,TXN00014390,False,USR75856,MCH4429,2026-01-12 00:00:00,2026-01-15 10:39:00,2026-01-29 00:00:00,3.44375,13.55625,False,793.04,False,Other/Unclassified,incorrect amount,Customer says transaction was not authorized.,Open,Low,Chatbot
CBK0001791,TXN00002382,False,USR91799,MCH9069,2026-01-02 22:06:00,2026-01-04 02:06:30,2026-01-31 00:00:00,1.1670138888888888,26.912152777777777,False,44046.77,False,Amount Mismatch,Wrong Amount,Complaint received after multiple failed attempts.,Closed,Low,App
CBK0001797,TXN00007084,False,USR14626,MCH7878,2026-02-07 00:00:00,2026-02-10 00:00:00,,3.0,,False,2000.05,False,General Complaint / Dispute,Customer Dispute,Complaint received after multiple failed attempts.,Resolved,Low,IVR
CBK0000565,TXN00007016,False,USR34955,MCH4574,2026-02-05 00:00:00,2026-02-15 00:00:00,2026-03-15 12:45:03,10.0,28.53128472222222,False,1144.6,False,Account Takeover / Unauthorized,ATO,Customer complaint text unclear due to poor call center notes.,Rejected,High,App
CBK0002561,TXN00002204,False,USR14039,MCH6810,2026-03-04 00:00:00,2026-03-08 00:00:00,2026-03-11 00:00:00,4.0,3.0,False,455.59,False,Account Takeover / Unauthorized,Unauthorized Transaction,User says UPI PIN was not entered by them.,In Progress,Medium,IVR
CBK0001912,TXN00004776,False,USR25848,MCH1193,2026-01-17 01:51:00,2026-01-22 00:00:00,2026-01-30 21:51:51,4.922916666666667,8.911006944444445,False,2319.55,False,Item/Service Not Delivered,not delivered,Complaint received after multiple failed attempts.,Rejected,High,Chatbot
CBK0000826,TXN00002919,False,USR50535,MCH2014,2026-01-11 00:00:00,2026-01-13 00:00:00,,2.0,,False,4331.37,False,Other/Unclassified,scam,customer says amount was debited twice.,Pending Bank,High,IVR
CBK0001722,TXN00001041,False,USR72483,MCH9013,2026-01-06 00:00:00,2026-01-08 00:00:00,2026-01-18 00:00:00,2.0,10.0,False,1977.08,False,Amount Mismatch,extra amount deducted,customer says amount was debited twice.,Pending Bank,Low,Branch
CBK0000191,TXN00016165,False,USR22024,MCH5684,2026-02-10 00:00:00,2026-02-16 00:00:00,2026-02-19 00:00:00,6.0,3.0,False,4335.54,False,Item/Service Not Delivered,merchant service issue,Merchant service was not delivered after payment. urgent,Closed,High,Branch
CBK0002007,TXN00018681,False,USR53356,MCH5076,2026-03-06 00:00:00,2026-03-06 00:00:00,,0.0,,False,5525.44,False,Amount Mismatch,amount mismatch,merchant service was not delivered after payment.,Pending Bank,Medium,Chatbot
CBK0002030,TXN00019111,False,USR11036,MCH5122,2026-01-15 00:00:00,2026-01-19 03:25:00,2026-01-22 00:00:00,4.142361111111111,2.857638888888889,False,1094.0,False,Other/Unclassified,UNAUTHORISED,Payment made to unknown merchant as per customer statement.,Rejected,Medium,Email
CBK0002018,TXN00005542,False,USR80304,MCH8953,2026-01-31 00:00:00,2026-02-01 10:25:53,,1.4346412037037037,,False,236.16,False,Duplicate Debit,DUP_DEBIT,Complaint received after multiple failed attempts.,In Progress,Medium,App
CBK0002694,TXN00017451,False,USR11727,MCH6810,2026-03-04 00:00:00,2026-03-06 17:47:56,2026-03-25 00:00:00,2.7416203703703705,18.25837962962963,False,1007.69,False,Item/Service Not Delivered,no service,Customer says transaction was not authorized.,Pending Bank,Low,IVR
CBK0001713,TXN00019900,False,USR24117,MCH3622,2026-01-19 00:00:00,2026-01-27 00:00:00,,8.0,,False,4072.76,False,Item/Service Not Delivered,no service,Complaint received after multiple failed attempts. call dropped,In Progress,Medium,Branch
CBK0000534,TXN00009187,False,USR89514,MCH5319,2026-01-18 00:00:00,2026-01-19 00:00:00,2026-02-07 00:00:00,1.0,19.0,False,3008.39,False,Item/Service Not Delivered,item not received,User says UPI PIN was not entered by them. details missing,Closed,Low,Email
CBK0000720,TXN00009292,False,USR62461,MCH8044,2026-01-16 00:00:00,2026-01-21 00:00:00,,5.0,,False,2299.02,False,Other/Unclassified,scam,Payment made to unknown merchant as per cust statement.,In Progress,Low,Chatbot
CBK0001074,TXN00016035,False,USR30137,MCH4252,2026-03-18 00:00:00,2026-03-20 00:00:00,,2.0,,False,2162.74,False,Duplicate Debit,charged twice,Customer complaint text unclear due to poor call center notes.,Open,Medium,Branch
CBK0000036,TXN00007642,False,USR23143,MCH2032,2026-01-14 00:00:00,2026-01-17 16:21:03,2026-02-05 16:21:03,3.6812847222222222,19.0,False,1258.0,False,General Complaint / Dispute,complaint,Customer says transaction was not authorized. NA,Rejected,Critical,Email
CBK0001251,TXN00007334,False,USR34180,MCH8904,2026-03-05 00:00:00,2026-03-08 00:00:00,2026-03-19 00:00:00,3.0,11.0,False,903.47,False,Other/Unclassified,service failed,PAYMENT MADE TO UNKNOWN MERCHANT AS PER CUSTOMER STATEMENT.,Closed,Low,Chatbot
CBK0000612,TXN00008353,False,USR59073,MCH2016,2026-03-04 00:00:00,2026-03-06 18:57:42,2026-03-11 18:57:00,2.7900694444444443,4.999513888888889,False,1208.71,False,Other/Unclassified,fraud,customer says transaction was not authorized.,Rejected,Medium,Branch
CBK0001327,TXN00010704,False,USR57352,MCH9854,2026-01-15 20:40:00,2026-01-21 00:00:00,,5.138888888888889,,False,2880.65,False,Other/Unclassified,FRAUD,Complaint received after multiple failed attempts.,In Progress,Low,Branch
CBK0001858,TXN00019309,False,USR57601,MCH7194,2026-01-10 00:00:00,2026-01-11 00:00:00,,1.0,,False,6862.58,False,General Complaint / Dispute,complaint,User claims account was compromised before transaction.,In Progress,High,App
CBK0001904,TXN00006057,False,USR27947,MCH5098,2026-01-23 08:43:00,2026-01-26 00:00:00,2026-02-15 09:43:00,2.6368055555555556,20.40486111111111,False,378.18,False,Amount Mismatch,amount mismatch,Merchant service was not delivered after payment.,Pending Bank,Medium,Call Center
CBK0000778,TXN00004797,False,USR73637,MCH1026,2026-01-12 03:41:00,2026-02-27 00:00:00,,45.84652777777778,,False,3784.33,False,Other/Unclassified,UNAUTHORISED,customer says transaction was not authorized.,Resolved,Medium,Call Center
CBK0000322,TXN00019719,False,USR68594,MCH8391,2026-03-23 00:00:00,2026-04-02 20:20:18,2026-04-18 20:20:18,10.847430555555556,16.0,False,4373.83,False,Item/Service Not Delivered,delivery issue,merchant service was not delivered after payment.,Closed,High,Branch
CBK0000923,TXN94657,False,USR35229,MCH1505,2026-03-23 00:00:00,2026-04-23 00:00:00,2026-04-26 00:00:00,31.0,3.0,False,2556.0,False,Amount Mismatch,Wrong Amount,Merchant service was not delivered after payment.,Closed,High,Branch
CBK0001186,TXN00018221,False,USR54313,MCH9511,2026-01-30 00:00:00,2026-03-17 00:00:00,2026-04-03 00:00:00,46.0,17.0,False,119.0,False,Amount Mismatch,Wrong Amount,User claims account was compromised before transaction. pls check asap,Open,Low,Branch
CBK0001687,TXN00003168,False,USR79935,MCH8154,2026-02-26 00:00:00,2026-03-01 00:00:00,2026-03-11 03:30:00,3.0,10.145833333333334,False,2132.64,False,Other/Unclassified,Fraud Suspected,merchant service was not delivered after payment.,Pending Bank,Medium,Chatbot
CBK0000554,TXN00016199,False,USR58457,MCH2818,2026-03-03 00:00:00,2026-03-13 00:00:00,2026-03-20 00:00:00,10.0,7.0,False,4366.91,False,Account Takeover / Unauthorized,account hacked,Payment made to unknown merchant as per customer statement.,In Progress,High,Chatbot
CBK0002778,TXN34155,False,USR63286,MCH5795,2026-03-31 00:00:00,2026-05-15 00:00:00,,45.0,,False,736.99,False,Item/Service Not Delivered,delivery issue,Suspicious high-value payment disputed by customer.,Pending Bank,Medium,Chatbot
CBK0000042,TXN00001246,False,USR48537,MCH2700,2026-02-08 00:00:00,,2026-02-25 00:00:00,,,False,702.0,False,General Complaint / Dispute,complaint,customer says transaction was not authorized.,Closed,High,IVR
CBK0000211,TXN00019098,False,USR76655,MCH2383,2026-02-12 00:00:00,2026-02-27 00:00:00,2026-03-14 00:00:00,15.0,15.0,False,536.94,False,Account Takeover / Unauthorized,login compromised,Complaint received after multiple failed attempts.,Pending Bank,Medium,Email
CBK0002337,TXN00008947,False,USR74187,MCH2877,2026-01-05 00:00:00,2026-01-08 00:00:00,2026-01-14 00:00:00,3.0,6.0,False,4079.0,False,General Complaint / Dispute,dispute raised,Customer says amount was debited twice.,Resolved,Low,IVR
CBK0001305,TXN00017826,False,USR89617,MCH5076,2026-01-18 23:38:00,2026-02-03 00:00:00,2026-02-24 00:00:00,15.015277777777778,21.0,False,5617.04,False,Account Takeover / Unauthorized,Account Takeover,Payment made to unknown merchant as per customer statement.,In Progress,Low,IVR
CBK0002466,TXN00013029,False,USR16995,MCH7040,2026-01-13 05:39:00,2026-01-15 19:39:00,2026-01-25 19:39:06,2.5833333333333335,10.000069444444444,False,1491.88,False,Item/Service Not Delivered,merchant service issue,Customer says transaction was not authorized.,Rejected,Medium,Email
CBK0001106,TXN81951,False,USR84942,MCH2073,2026-02-12 01:12:00,,2026-03-12 00:00:00,,,False,3816.43,False,Account Takeover / Unauthorized,login compromised,Customer says transaction was not authorized. call dropped,Pending Bank,Medium,Branch
CBK0002641,TXN00005655,False,USR10307,MCH4859,2026-02-27 00:00:00,2026-03-03 00:00:00,,4.0,,False,5976.8,False,Other/Unclassified,incorrect amount,Merchant service was not delivered after payment.,Open,High,Chatbot
CBK0000182,TXN00013078,False,USR91108,MCH4931,2026-02-06 21:01:00,2026-02-06 00:00:00,2026-03-01 00:00:00,-0.8756944444444444,23.0,True,3943.46,False,Item/Service Not Delivered,merchant service issue,Suspicious high-value payment disputed by customer.,Open,Critical,App
CBK0001740,TXN00009712,False,USR32707,MCH4181,2026-01-28 00:00:00,2026-01-29 00:00:00,2026-02-28 00:00:00,1.0,30.0,False,803.59,False,General Complaint / Dispute,Customer Dispute,User reports money deducted but merchant denies receiving payment.,Closed,Medium,App
CBK0000991,TXN00016978,False,USR85967,MCH9642,2026-03-28 06:01:00,2026-04-12 20:01:14,2026-04-12 00:00:00,15.58349537037037,-0.8341898148148148,False,3895.0,False,Other/Unclassified,suspicious transaction,Customer says amount was debited twice.,Closed,Medium,IVR
CBK0002390,TXN00008564,False,USR53527,MCH1450,2026-03-14 00:00:00,2026-03-20 12:52:19,2026-04-18 00:00:00,6.536331018518519,28.463668981481483,False,7520.47,False,Item/Service Not Delivered,delivery issue,USER CLAIMS ACCOUNT WAS COMPROMISED BEFORE TRANSACTION.,Resolved,Medium,Chatbot
CBK0002044,TXN00012234,False,USR38814,MCH2495,2026-02-25 00:00:00,2026-04-11 00:00:00,2026-04-17 00:00:00,45.0,6.0,False,1786.57,False,Other/Unclassified,UNAUTHORISED,Customer says amount was debited twice.,Pending Bank,High,IVR
CBK0001405,TXN32094,False,USR48929,MCH2565,2026-02-16 00:00:00,2026-02-20 00:00:00,2026-03-22 19:28:00,4.0,30.81111111111111,False,1381.95,False,Duplicate Debit,charged twice,User reports money deducted but merchant denies receiving payment.,In Progress,Medium,Chatbot
CBK0002456,TXN00015278,False,USR97030,MCH7914,2026-03-29 13:39:54,2026-04-08 19:39:54,2026-04-23 19:39:54,10.25,15.0,False,1070.58,False,Amount Mismatch,amount mismatch,Complaint received after multiple failed attempts. urgent,Resolved,Medium,App
CBK0002607,TXN00010699,False,USR18453,MCH9441,2026-03-27 21:25:00,2026-03-30 02:25:11,2026-04-15 00:00:00,2.208460648148148,15.89917824074074,False,428.88,False,Account Takeover / Unauthorized,ATO,USER SAYS UPI PIN WAS NOT ENTERED BY THEM.,In Progress,Critical,IVR
CBK0000730,TXN00009351,False,USR52558,MCH2688,2026-03-04 00:00:00,2026-03-06 14:47:30,2026-03-25 00:00:00,2.6163194444444446,18.383680555555557,False,1026.98,False,Item/Service Not Delivered,delivery issue,Merchant service was not delivered after payment.,Open,Medium,App
CBK0001227,TXN00007552,False,USR61339,MCH4281,2026-01-01 00:00:00,2026-01-09 00:00:00,,8.0,,False,12509.66,False,Other/Unclassified,service failed,Payment made to unknown merchant as per customer statement.,Closed,Low,Email
CBK0000882,TXN00018975,False,USR38277,MCH9872,2026-01-11 00:00:00,,2026-01-19 00:00:00,,,False,701.39,False,General Complaint / Dispute,Customer Dispute,Payment made to unknown merchant as per customer statement.,Closed,High,IVR
CBK0000141,TXN00006360,False,USR82731,MCH8970,2026-02-25 00:00:00,2026-02-27 00:00:00,2026-03-14 00:00:00,2.0,15.0,False,1731.1,False,Duplicate Debit,double debit,Complaint received after multiple failed attempts. details missing,Pending Bank,Low,Chatbot
CBK0000186,TXN00016957,False,USR98066,MCH1945,2026-03-17 00:00:00,2026-04-16 00:00:00,2026-05-11 20:04:57,30.0,25.836770833333333,False,1444.28,False,Account Takeover / Unauthorized,ATO,user reports money deducted but merchant denies receiving payment.,Resolved,Low,Branch
CBK0001725,TXN00007324,False,USR35882,MCH8337,2026-02-03 09:39:26,2026-02-06 00:00:00,2026-02-13 00:00:00,2.5976157407407405,7.0,False,175.45,False,General Complaint / Dispute,complaint,Customer says transaction was not authorized.,Closed,High,App
CBK0000815,TXN00014312,False,USR67696,MCH5671,2026-01-16 00:00:00,2026-01-17 00:00:00,2026-02-10 00:00:00,1.0,24.0,False,4063.03,False,Other/Unclassified,scam,User says UPI PIN was not entered by them.,In Progress,Low,Call Center
CBK0001222,TXN00004174,False,USR60027,MCH2402,2026-02-22 00:00:00,2026-03-10 00:00:00,2026-03-24 00:40:00,16.0,14.027777777777779,False,26842.07,False,Other/Unclassified,unauth txn,Customer complaint text unclear due to poor call center notes.,Rejected,High,Chatbot
CBK0002330,TXN00007824,False,USR15414,MCH7186,2026-03-24 00:00:00,2026-03-27 06:06:46,,3.254699074074074,,False,1375.65,False,Item/Service Not Delivered,delivery issue,Suspicious high-value payment disputed by cust.,Rejected,Medium,Call Center
CBK0001645,TXN00004849,False,USR87914,MCH2065,2026-03-31 15:04:00,2026-04-03 00:00:00,2026-04-04 09:04:41,2.3722222222222222,1.378252314814815,False,1212.0,False,Item/Service Not Delivered,no service,Payment made to unknown merchant as per customer statement.,In Progress,Medium,Branch
CBK0001385,TXN00015532,False,USR43241,MCH2822,2026-02-02 21:47:00,2026-02-03 00:00:00,2026-02-15 00:00:00,0.09236111111111112,12.0,False,90.26,False,Account Takeover / Unauthorized,Account Takeover,Customer says transaction was not authorized.,Pending Bank,High,App
CBK0002599,TXN00015427,False,USR46465,MCH3243,2026-03-04 00:00:00,2026-04-04 00:00:00,2026-04-18 00:00:00,31.0,14.0,False,1089.6,False,Other/Unclassified,fraud,Customer says transaction was not authorized. NA,Open,Medium,Chatbot
CBK0002621,TXN00013196,False,USR25302,MCH2285,2026-01-05 00:00:00,2026-01-08 00:00:00,2026-02-06 00:00:00,3.0,29.0,False,4814.0,False,Item/Service Not Delivered,Merchant Not Delivered,Merchant service was not delivered after payment.,Pending Bank,Medium,Branch
CBK0000229,TXN00011498,False,USR25152,MCH5516,2026-03-10 08:33:00,2026-03-13 00:00:00,2026-03-18 16:33:39,2.64375,5.690034722222222,False,1209.77,False,Other/Unclassified,Fraud Suspected,User says UPI PIN was not entered by them.,In Progress,Low,Chatbot
CBK0000414,TXN71282,False,USR51465,MCH8403,2026-03-05 00:00:00,2026-03-21 02:45:00,2026-03-30 02:45:00,16.114583333333332,9.0,False,4105.21,False,Account Takeover / Unauthorized,ATO,USER CLAIMS ACCOUNT WAS COMPROMISED BEFORE TRANSACTION.,In Progress,High,Call Center
CBK0001953,TXN00002867,False,USR48061,MCH8600,2026-01-15 00:00:00,2026-01-16 10:12:56,2026-01-24 00:00:00,1.4256481481481482,7.574351851851852,False,4361.29,False,General Complaint / Dispute,dispute raised,Suspicious high-value payment disputed by customer.,Pending Bank,Low,Email
CBK0000634,TXN00003160,False,USR20310,MCH5168,2026-03-14 00:00:00,2026-03-14 07:16:00,,0.30277777777777776,,False,11376.0,False,Amount Mismatch,amount mismatch,USER SAYS UPI PIN WAS NOT ENTERED BY THEM.,Rejected,Low,Email
CBK0000256,TXN00001617,False,USR63778,MCH6614,2026-01-29 00:00:00,2026-01-30 00:00:00,2026-02-17 00:00:00,1.0,18.0,False,14278.2,False,Item/Service Not Delivered,delivery issue,User reports money deducted but merchant denies receiving payment.,In Progress,Low,IVR
CBK0002294,TXN00004771,False,USR12753,MCH9267,2026-02-03 00:00:00,2026-02-19 00:00:00,,16.0,,False,5005.08,False,General Complaint / Dispute,Customer Dispute,Complaint received after multiple failed attempts.,Pending Bank,Critical,Chatbot
CBK0001650,TXN00007842,False,USR43371,MCH9291,2026-03-24 00:00:00,2026-03-27 00:00:00,2026-04-21 00:00:00,3.0,25.0,False,5443.0,False,Amount Mismatch,amount mismatch,Customer says amount was debited twice.,In Progress,Low,IVR
CBK0001226,TXN00014655,False,USR64776,MCH4837,2026-01-19 00:00:00,2026-01-29 00:00:00,2026-02-08 00:00:00,10.0,10.0,False,290.31,False,Duplicate Debit,double debit,customer complaint text unclear due to poor call center notes.,Pending Bank,High,Chatbot
CBK0000226,TXN00015815,False,USR35149,MCH8971,2026-02-11 01:43:00,2026-02-26 00:00:00,,14.928472222222222,,False,458.03,False,General Complaint / Dispute,customer issue,Customer complaint text unclear due to poor call center notes.,In Progress,Low,Email
CBK0001003,TXN00006075,False,USR31466,MCH8516,2026-02-07 03:40:00,2026-02-12 09:40:00,,5.25,,False,1413.0,False,Item/Service Not Delivered,no service,User claims account was compromised before transaction.,In Progress,High,Email
CBK0002013,TXN00007063,False,USR45520,MCH1320,2026-03-01 06:39:21,2026-03-02 00:00:00,2026-03-17 00:00:00,0.7226736111111111,15.0,False,370.32,False,Account Takeover / Unauthorized,login compromised,User says UPI PIN was not entered by them.,In Progress,Low,Chatbot
CBK0001578,TXN00008775,False,USR61019,MCH8496,2026-03-30 13:32:00,2026-03-31 00:00:00,2026-04-22 00:00:00,0.4361111111111111,22.0,False,8304.41,False,Account Takeover / Unauthorized,ATO,Customer says amount was debited twice.,Resolved,Low,Email
CBK0002248,TXN00018611,False,USR80560,MCH1043,2026-02-11 00:00:00,2026-02-13 00:00:00,2026-02-28 00:00:00,2.0,15.0,False,1143.89,False,Duplicate Debit,DUP_DEBIT,Customer says amount was debited twice.,Open,Medium,Branch
CBK0000907,TXN00018961,False,USR73332,MCH5096,2026-03-24 00:00:00,,,,,False,409.0,False,Account Takeover / Unauthorized,account hacked,Merchant service was not delivered after payment.,Resolved,Low,IVR
CBK0002431,TXN00015350,False,USR95800,MCH4448,2026-03-26 01:08:15,2026-03-28 03:08:15,2026-04-10 03:08:00,2.0833333333333335,12.99982638888889,False,676.77,False,Account Takeover / Unauthorized,account hacked,Customer complaint text unclear due to poor call center notes.,In Progress,Low,Call Center
CBK0000266,TXN00006755,False,USR13301,MCH5226,2026-01-07 00:00:00,2026-01-07 00:00:00,2026-02-02 18:44:26,0.0,26.780856481481482,False,1874.0,False,Amount Mismatch,amount mismatch,Customer complaint text unclear due to poor call center notes. call dropped,Closed,Medium,Call Center
CBK0000790,TXN00010376,False,USR31294,MCH2721,2026-02-21 00:00:00,2026-02-21 00:00:00,,0.0,,False,3789.0,False,Amount Mismatch,Wrong Amount,suspicious high-value payment disputed by customer.,Pending Bank,Medium,App
CBK0000491,TXN00012981,False,USR53356,MCH3100,2026-02-28 00:00:00,2026-03-01 00:00:00,2026-03-09 00:00:00,1.0,8.0,False,1168.0,False,Item/Service Not Delivered,no service,MERCHANT SERVICE WAS NOT DELIVERED AFTER PAYMENT.,Pending Bank,High,IVR
CBK0002263,TXN00017565,False,USR25091,MCH2757,2026-03-25 00:00:00,,2026-04-08 00:00:00,,,False,3265.92,False,Item/Service Not Delivered,not delivered,User claims account was compromised before transaction.,Open,Medium,App
CBK0000236,TXN00015982,False,USR78462,MCH5980,2026-02-19 02:15:55,2026-03-21 00:00:00,2026-04-14 00:00:00,29.905613425925925,24.0,False,3445.69,False,General Complaint / Dispute,dispute raised,Suspicious high-value payment disputed by customer.,Open,Low,IVR
CBK0002288,TXN00001620,False,USR79613,MCH2822,2026-03-07 00:00:00,2026-03-07 00:00:00,,0.0,,False,650.47,False,Duplicate Debit,Duplicate Debit,User reports money deducted but merchant denies receiving payment.,Closed,High,Chatbot
CBK0000171,TXN00003032,False,USR85839,MCH4965,2026-02-02 06:26:00,2026-03-04 00:00:00,,29.731944444444444,,False,988.93,False,Item/Service Not Delivered,not delivered,User says UPI PIN was not entered by them.,Rejected,High,Chatbot
CBK0000644,TXN00007288,False,USR97139,MCH2822,2026-02-03 00:00:00,2026-02-06 00:00:00,2026-02-12 15:55:43,3.0,6.66369212962963,False,320.6,False,Account Takeover / Unauthorized,not done by me,Suspicious high-value payment disputed by customer.,Open,Low,Branch
CBK0000090,TXN00018546,False,USR70795,MCH3992,2026-02-26 00:00:00,2026-02-23 00:00:00,2026-03-03 00:00:00,-3.0,8.0,True,7492.62,False,Item/Service Not Delivered,item not received,MERCHANT SERVICE WAS NOT DELIVERED AFTER PAYMENT.,Closed,High,IVR
CBK0000028,TXN00005785,False,USR15008,MCH4604,2026-02-03 15:28:00,2026-03-06 00:28:00,2026-03-28 00:00:00,30.375,21.980555555555554,False,222.95,False,Duplicate Debit,charged twice,Payment made to unknown merchant as per cust statement.,Closed,Medium,IVR
CBK0002419,TXN00008154,False,USR61213,MCH1320,2026-02-25 14:30:00,2026-04-12 00:00:00,,45.395833333333336,,False,1654.89,False,Item/Service Not Delivered,delivery issue,suspicious high-value payment disputed by customer.,Open,Medium,App
CBK0000878,TXN00017227,False,USR23617,MCH9290,2026-02-28 16:25:00,2026-03-08 13:25:00,2026-03-09 00:00:00,7.875,0.4409722222222222,False,2799.72,False,Duplicate Debit,charged twice,User claims account was compromised before transaction. urgent,In Progress,High,Chatbot
CBK0001060,TXN00004377,False,USR65291,MCH5076,2026-01-08 00:00:00,2026-01-12 13:45:00,2026-02-06 00:00:00,4.572916666666667,24.427083333333332,False,6954.75,False,General Complaint / Dispute,customer issue,Payment made to unknown merchant as per customer statement.,In Progress,Low,Chatbot
CBK0002269,TXN00002609,False,USR70968,MCH6810,2026-03-06 00:00:00,2026-04-05 00:00:00,2026-04-22 00:00:00,30.0,17.0,False,3155.0,False,Amount Mismatch,extra amount deducted,MERCHANT SERVICE WAS NOT DELIVERED AFTER PAYMENT.,In Progress,Medium,Email
CBK0001520,TXN00005376,False,USR68623,MCH8701,2026-03-31 00:00:00,2026-04-03 00:00:00,2026-04-18 00:00:00,3.0,15.0,False,6375.04,False,Item/Service Not Delivered,not delivered,User claims account was compromised before transaction.,Pending Bank,Medium,App
CBK0000341,TXN00009379,False,USR68432,MCH6606,2026-03-20 14:08:47,2026-03-23 00:00:00,2026-03-31 06:08:47,2.4105671296296296,8.256099537037038,False,578.72,False,Duplicate Debit,Duplicate Debit,Suspicious high-value payment disputed by customer.,Closed,Medium,IVR
CBK0001660,TXN00002347,False,USR11036,MCH2383,2026-03-08 00:42:06,2026-03-09 00:00:00,2026-04-01 00:00:00,0.9707638888888889,23.0,False,1200.09,False,Item/Service Not Delivered,not delivered,suspicious high-value payment disputed by customer.,Rejected,Medium,IVR
CBK0002110,TXN00019908,False,USR76321,MCH5838,2026-02-03 00:00:00,2026-02-18 00:00:00,2026-02-22 00:00:00,15.0,4.0,False,14932.0,False,Account Takeover / Unauthorized,account hacked,customer complaint text unclear due to poor call center notes.,Open,Low,Chatbot
CBK0001544,TXN00010606,False,USR12233,MCH9344,2026-03-21 23:56:00,,2026-04-16 09:56:11,,,False,13028.67,False,Other/Unclassified,service failed,Customer complaint text unclear due to poor call center notes.,Resolved,Medium,Chatbot
CBK0002301,TXN00016200,False,USR35882,MCH8547,2026-01-20 15:12:31,2026-01-22 03:12:00,2026-02-07 00:00:00,1.4996412037037037,15.866666666666667,False,1071.38,False,Item/Service Not Delivered,Merchant Not Delivered,Suspicious high-value payment disputed by customer.,Closed,High,Email
CBK0001337,TXN00011351,False,USR28182,MCH2065,2026-01-05 00:00:00,2026-01-08 00:00:00,,3.0,,False,4601.18,False,Duplicate Debit,DUP_DEBIT,Customer says transaction was not authorized.,Pending Bank,Medium,Email
CBK0000801,TXN00000284,False,USR94447,MCH5873,2026-03-06 06:58:00,2026-03-21 12:58:56,2026-04-20 00:00:00,15.250648148148148,29.459074074074074,False,2676.58,False,Other/Unclassified,unauth txn,Customer says amount was debited twice.,Resolved,Medium,IVR
CBK0000129,TXN00009368,False,USR60939,MCH4143,2026-03-01 00:00:00,2026-03-03 00:00:00,2026-03-11 20:10:00,2.0,8.840277777777779,False,2931.23,False,Other/Unclassified,service failed,MERCHANT SERVICE WAS NOT DELIVERED AFTER PAYMENT.,Rejected,Low,Email
CBK0002173,TXN00013107,False,USR82940,MCH2266,2026-03-28 00:00:00,2026-04-12 00:00:00,2026-04-15 00:00:00,15.0,3.0,False,2242.79,False,Other/Unclassified,unauth txn,Customer says transaction was not authorized. details missing,In Progress,Low,Email
CBK0002343,TXN00015911,False,USR29306,MCH9294,2026-02-16 00:00:00,2026-04-02 00:00:00,2026-04-29 00:00:00,45.0,27.0,False,1701.23,False,Duplicate Debit,charged twice,User claims account was compromised before transaction.,Rejected,Medium,App
CBK0001881,TXN00008840,False,USR73167,MCH4857,2026-01-13 00:00:00,2026-01-18 00:00:00,,5.0,,False,1257.85,False,Duplicate Debit,Duplicate Debit,Customer says amount was debited twice.,In Progress,High,Branch
CBK0002112,TXN00002782,False,USR94403,MCH2757,2026-02-14 18:10:29,2026-02-17 00:00:00,2026-03-19 12:10:29,2.2427199074074076,30.50728009259259,False,3648.19,False,Account Takeover / Unauthorized,unauthorized_transaction,Customer says txn was not authorized.,Pending Bank,High,Call Center
CBK0002068,TXN00009416,False,USR13134,MCH9782,2026-03-07 00:00:00,2026-03-09 13:28:00,2026-03-17 00:00:00,2.561111111111111,7.438888888888889,False,4883.77,False,Other/Unclassified,unauth txn,Payment made to unknown merchant as per cust statement.,In Progress,Low,IVR
CBK0001824,TXN00016562,False,USR59778,MCH2822,2026-01-10 00:00:00,2026-01-15 13:06:53,,5.5464467592592595,,False,709.53,False,Account Takeover / Unauthorized,ATO,Customer says transaction was not authorized.,Closed,Low,Call Center
CBK0000947,TXN00013726,False,USR83095,MCH5410,2026-03-28 00:00:00,2026-03-29 11:05:48,,1.462361111111111,,False,6019.31,False,Duplicate Debit,double debit,suspicious high-value payment disputed by customer.,In Progress,High,Branch
CBK0001555,TXN00010998,False,USR55626,MCH3270,2026-03-23 00:00:00,2026-03-23 23:29:00,2026-04-03 00:00:00,0.9784722222222222,10.021527777777777,False,1074.0,False,Other/Unclassified,unauth txn,Merchant service was not delivered after payment. NA,Closed,High,Call Center
CBK0002355,TXN00010287,False,USR83793,MCH2036,2026-02-28 07:09:59,2026-03-03 00:00:00,,2.701400462962963,,False,852.14,False,Item/Service Not Delivered,item not received,USER SAYS UPI PIN WAS NOT ENTERED BY THEM.,Resolved,High,Chatbot
CBK0002160,TXN00003789,False,USR91387,MCH3992,2026-03-09 00:00:00,2026-03-13 00:02:43,2026-03-31 00:00:00,4.001886574074074,17.998113425925926,False,1061.09,False,General Complaint / Dispute,complaint,COMPLAINT RECEIVED AFTER MULTIPLE FAILED ATTEMPTS.,Pending Bank,Medium,Call Center
CBK0000208,TXN00011412,False,USR90908,MCH1460,2026-01-05 00:00:00,,2026-02-04 00:00:00,,,False,1142.95,False,Item/Service Not Delivered,not delivered,User says UPI PIN was not entered by them.,Rejected,Low,IVR
CBK0001103,TXN00006537,False,USR64942,MCH8349,2026-02-25 00:00:00,2026-03-12 23:58:49,2026-03-21 23:58:00,15.99917824074074,8.99943287037037,False,418.0,False,General Complaint / Dispute,customer issue,User says UPI PIN was not entered by them.,Pending Bank,Medium,IVR
CBK0001792,TXN00002522,False,USR78192,MCH5237,2026-01-23 04:37:11,2026-01-24 00:00:00,,0.807511574074074,,False,877.59,False,Item/Service Not Delivered,not delivered,User reports money deducted but merchant denies receiving payment. pls check asap,Closed,Medium,IVR
CBK0002197,TXN00006372,False,USR66647,MCH5779,2026-02-17 13:16:55,2026-02-21 00:00:00,,3.4465856481481483,,False,5763.76,False,Other/Unclassified,unauth txn,user reports money deducted but merchant denies receiving payment.,In Progress,Medium,Chatbot
CBK0002462,TXN00017340,False,USR67399,MCH8154,2026-02-10 00:00:00,2026-03-28 00:00:00,2026-04-17 00:00:00,46.0,20.0,False,1945.77,False,Account Takeover / Unauthorized,unauthorized_transaction,PAYMENT MADE TO UNKNOWN MERCHANT AS PER CUSTOMER STATEMENT.,Pending Bank,Low,IVR
CBK0001085,TXN00007125,False,USR27848,MCH8555,2026-03-14 00:00:00,2026-03-16 00:00:00,,2.0,,False,1467.82,False,Item/Service Not Delivered,no service,user reports money deducted but merchant denies receiving payment.,In Progress,High,Chatbot
CBK0000489,TXN00009790,False,USR14874,MCH3965,2026-02-24 00:00:00,2026-02-25 23:38:39,,1.9851736111111111,,False,1114.59,False,Item/Service Not Delivered,merchant service issue,Customer says txn was not authorized.,Resolved,Medium,Chatbot
CBK0000228,TXN00001207,False,USR43461,MCH2457,2026-02-10 00:00:00,2026-02-06 21:57:00,2026-02-17 21:57:00,-3.0854166666666667,11.0,True,5779.34,False,Account Takeover / Unauthorized,ATO,Complaint received after multiple failed attempts.,Rejected,Medium,IVR
CBK0000108,TXN00012720,False,USR63044,MCH3342,2026-01-03 07:04:00,2026-01-05 00:00:00,2026-01-05 00:00:00,1.7055555555555555,0.0,False,1297.0,False,Other/Unclassified,UNAUTHORISED,User reports money deducted but merchant denies receiving payment.,Resolved,Low,Chatbot
CBK0002734,TXN86247,False,USR30500,MCH9900,2026-01-02 00:00:00,2026-01-04 00:00:00,,2.0,,False,1425.14,False,Account Takeover / Unauthorized,Unauthorized Transaction,SUSPICIOUS HIGH-VALUE PAYMENT DISPUTED BY CUSTOMER.,Open,High,Chatbot
CBK0001587,TXN00016352,False,USR29556,MCH9289,2026-01-14 00:00:00,2026-01-18 00:00:00,2026-01-18 00:00:00,4.0,0.0,False,6616.61,False,Item/Service Not Delivered,no service,Complaint received after multiple failed attempts.,Open,Medium,Chatbot
CBK0000412,TXN00007488,False,USR50260,MCH1591,2026-01-14 05:30:00,2026-02-13 00:00:00,2026-02-19 00:00:00,29.770833333333332,6.0,False,384.26,False,Amount Mismatch,Wrong Amount,USER REPORTS MONEY DEDUCTED BUT MERCHANT DENIES RECEIVING PAYMENT.,Pending Bank,High,IVR
CBK0000001,TXN00000797,False,USR85565,MCH8779,2026-02-04 20:55:03,2026-02-03 00:00:00,2026-02-13 00:00:00,-1.8715625,10.0,True,1020.66,False,Other/Unclassified,service failed,Suspicious high-value payment disputed by customer. details missing,Resolved,Low,Email
CBK0002274,TXN00008466,False,USR84517,MCH6508,2026-01-21 00:00:00,2026-01-23 00:00:00,,2.0,,False,494.63,False,Other/Unclassified,suspicious transaction,user claims account was compromised before transaction.,Pending Bank,Medium,IVR
CBK0000495,TXN00010199,False,USR31808,MCH4590,2026-01-17 00:00:00,2026-01-27 00:00:00,2026-02-07 00:00:00,10.0,11.0,False,3450.0,False,Item/Service Not Delivered,no service,Customer says transaction was not authorized.,In Progress,High,IVR
CBK0001216,TXN00002147,False,USR51748,MCH7793,2026-01-25 00:00:00,2026-01-28 00:00:00,,3.0,,False,1064.06,False,Account Takeover / Unauthorized,Unauthorized Transaction,Complaint received after multiple failed attempts.,Rejected,High,Branch
CBK0002165,TXN00011788,False,USR69706,MCH3368,2026-01-04 00:00:00,2026-01-07 00:00:00,2026-01-16 00:00:00,3.0,9.0,False,4428.67,False,Duplicate Debit,Duplicate Debit,Customer says amount was debited twice. details missing,Rejected,Low,IVR
CBK0000150,TXN00004153,False,USR21449,MCH8072,2026-03-21 00:00:00,2026-03-22 00:00:00,2026-03-24 09:18:00,1.0,2.3875,False,3630.27,False,Other/Unclassified,FRAUD,Suspicious high-value payment disputed by customer.,In Progress,High,App
CBK0002261,TXN00000527,False,USR82246,MCH6318,2026-01-18 00:00:00,2026-01-20 00:00:00,2026-01-29 03:15:21,2.0,9.135659722222222,False,3784.42,False,Duplicate Debit,charged twice,Customer complaint text unclear due to poor call center notes.,In Progress,Low,Branch
CBK0001581,TXN96928,False,USR33856,MCH8779,2026-01-06 00:00:00,2026-01-08 02:03:43,2026-01-20 00:00:00,2.085914351851852,11.914085648148149,False,2456.94,False,General Complaint / Dispute,dispute raised,Payment made to unknown merchant as per customer statement.,In Progress,Low,Call Center
CBK0001685,TXN00009635,False,USR26009,MCH8203,2026-01-29 11:05:25,2026-02-13 00:00:00,2026-02-13 00:00:00,14.537905092592593,0.0,False,1538.91,False,Duplicate Debit,double debit,USER REPORTS MONEY DEDUCTED BUT MERCHANT DENIES RECEIVING PAYMENT.,Pending Bank,Low,Chatbot
CBK0000433,TXN46623,False,USR96958,MCH2105,2026-03-03 11:55:57,2026-03-05 12:55:00,,2.0410069444444443,,False,6432.0,False,Other/Unclassified,suspicious transaction,User claims account was compromised before transaction.,Open,Medium,Chatbot
CBK0001072,TXN00006554,False,USR20930,MCH7833,2026-01-11 00:00:00,2026-02-11 00:00:00,2026-03-04 00:59:16,31.0,21.041157407407407,False,4172.97,False,Other/Unclassified,Service Not Provided,merchant service was not delivered after payment.,In Progress,Medium,Email
CBK0000492,TXN00008504,False,USR51736,MCH8181,2026-01-12 00:00:00,2026-01-15 03:05:53,,3.129085648148148,,False,303.99,False,Duplicate Debit,double debit,Customer complaint text unclear due to poor call center notes.,In Progress,Low,IVR
CBK0001962,TXN00008141,False,USR88930,MCH5655,2026-01-21 00:00:00,2026-01-27 00:00:00,2026-02-06 06:00:00,6.0,10.25,False,4306.86,False,Other/Unclassified,FRAUD,Customer complaint text unclear due to poor call center notes.,Pending Bank,Medium,App
CBK0001952,TXN00013367,False,USR59329,MCH3526,2026-01-08 00:00:00,2026-01-11 00:00:00,2026-01-20 01:50:10,3.0,9.07650462962963,False,18514.67,False,Other/Unclassified,FRAUD,User claims account was compromised before transaction.,In Progress,Low,Email
CBK0000965,TXN00009897,False,USR16439,MCH2212,2026-01-11 00:00:00,2026-01-12 00:00:00,2026-01-14 00:00:00,1.0,2.0,False,1827.19,False,Amount Mismatch,amount mismatch,User claims account was compromised before transaction.,Rejected,High,Call Center
CBK0000630,TXN00019233,False,USR41212,MCH3129,2026-03-01 00:00:00,2026-03-08 15:33:27,2026-03-28 00:00:00,7.648229166666667,19.351770833333333,False,1007.91,False,Other/Unclassified,FRAUD,User reports money deducted but merchant denies receiving payment.,Rejected,Low,Email
CBK0002226,TXN00005923,False,USR15487,MCH2547,2026-01-26 00:00:00,2026-02-06 03:51:00,2026-02-20 00:00:00,11.160416666666666,13.839583333333334,False,1759.97,False,Account Takeover / Unauthorized,not done by me,Customer says transaction was not authorized.,Resolved,Medium,Email
CBK0000901,TXN00012155,False,USR12240,MCH4226,2026-02-27 00:00:00,2026-03-04 15:39:00,2026-03-12 15:39:05,5.652083333333334,8.00005787037037,False,348.42,False,General Complaint / Dispute,complaint,Customer says amount was debited twice.,In Progress,Medium,App
CBK0000805,TXN00009314,False,USR13620,MCH3239,2026-01-21 00:00:00,2026-01-24 00:00:00,,3.0,,False,766.0,False,General Complaint / Dispute,Customer Dispute,User says UPI PIN was not entered by them.,In Progress,Low,Email
CBK0000381,TXN00014178,False,USR27107,MCH3113,2026-01-05 17:14:00,2026-01-11 00:00:00,2026-01-27 00:00:00,5.281944444444444,16.0,False,431.5,False,Duplicate Debit,charged twice,customer says transaction was not authorized.,Rejected,Low,IVR
CBK0002671,TXN00018559,False,USR95364,MCH3979,2026-02-16 00:00:00,2026-02-17 02:27:10,2026-03-14 02:27:10,1.1021990740740741,25.0,False,9404.0,False,Account Takeover / Unauthorized,ATO,User says UPI PIN was not entered by them.,Rejected,Low,Call Center
CBK0001298,TXN00007668,False,USR64776,MCH6492,2026-02-13 00:00:00,2026-02-16 00:00:00,2026-03-02 00:00:00,3.0,14.0,False,872.83,False,Account Takeover / Unauthorized,account hacked,Complaint received after multiple failed attempts.,Rejected,Low,IVR
CBK0001556,TXN00003293,False,USR34180,MCH4663,2026-03-09 21:48:00,,2026-03-22 00:00:00,,,False,2045.0,False,Duplicate Debit,Duplicate Debit,User reports money deducted but merchant denies receiving payment.,Resolved,Medium,Email
CBK0001595,TXN00019657,False,USR11057,MCH7114,2026-03-10 01:00:24,2026-03-20 14:00:00,2026-04-13 00:00:00,10.54138888888889,23.416666666666668,False,18735.0,False,General Complaint / Dispute,customer issue,Merchant service was not delivered after payment.,Closed,Medium,App
CBK0001360,TXN00018073,False,USR38459,MCH1267,2026-01-17 05:43:30,2026-01-18 00:00:00,2026-01-30 00:00:00,0.7614583333333333,12.0,False,171.37,False,Other/Unclassified,Service Not Provided,User claims account was compromised before transaction.,Pending Bank,Low,Call Center
CBK0000903,TXN00009145,False,USR87189,MCH8391,2026-01-14 00:00:00,2026-01-14 00:00:00,2026-01-19 18:38:44,0.0,5.776898148148148,False,1922.11,False,Account Takeover / Unauthorized,Unauthorized Transaction,Customer says transaction was not authorized.,In Progress,Low,IVR
CBK0001068,TXN00011141,False,USR85237,MCH9377,2026-01-13 20:39:53,2026-01-14 00:00:00,2026-01-26 00:00:00,0.13896990740740742,12.0,False,1466.29,False,Item/Service Not Delivered,Merchant Not Delivered,user says upi pin was not entered by them.,Closed,Medium,IVR
CBK0002222,TXN00017740,False,USR92520,MCH5264,2026-02-18 17:42:00,2026-02-19 04:42:00,2026-02-20 04:42:36,0.4583333333333333,1.0004166666666667,False,2328.0,False,Other/Unclassified,service failed,User claims account was compromised before transaction.,In Progress,Medium,Chatbot
CBK0000062,TXN00012210,False,USR39698,MCH5302,2026-01-22 10:10:40,2026-01-25 00:00:00,,2.575925925925926,,False,1467.32,False,Amount Mismatch,extra amount deducted,Customer says amount was debited twice.,Closed,Medium,IVR
CBK0000742,TXN00007076,False,USR36630,MCH5264,2026-02-26 00:00:00,2026-02-28 00:00:00,2026-03-23 11:58:36,2.0,23.499027777777776,False,533.33,False,Other/Unclassified,service failed,Customer complaint text unclear due to poor call center notes.,Pending Bank,Medium,App
CBK0000523,TXN00014885,False,USR52281,MCH1833,2026-01-16 00:00:00,2026-01-26 00:00:00,2026-02-10 00:00:00,10.0,15.0,False,573.0,False,General Complaint / Dispute,dispute raised,Complaint received after multiple failed attempts.,In Progress,High,Chatbot
CBK0002730,TXN00004070,False,USR84719,MCH4590,2026-02-15 00:00:00,2026-02-16 00:00:00,2026-02-26 00:00:00,1.0,10.0,False,3047.23,False,Account Takeover / Unauthorized,Account Takeover,Complaint received after multiple failed attempts.,Pending Bank,Medium,Chatbot
CBK0001871,TXN00009076,False,USR67496,MCH3100,2026-03-30 00:00:00,2026-03-31 11:44:40,2026-04-28 00:00:00,1.4893518518518518,27.51064814814815,False,1552.98,False,Account Takeover / Unauthorized,ATO,Customer complaint text unclear due to poor call center notes.,Open,Medium,Branch
CBK0000281,TXN00017953,False,USR13544,MCH2334,2026-01-04 01:24:00,2026-01-06 19:24:02,,2.750023148148148,,False,6427.42,False,Other/Unclassified,service failed,Complaint received after multiple failed attempts.,Resolved,Medium,App
CBK0002361,TXN00010080,False,USR53138,MCH7137,2026-03-08 00:00:00,2026-03-14 08:24:12,2026-04-11 00:00:00,6.350138888888889,27.64986111111111,False,824.94,False,Account Takeover / Unauthorized,login compromised,Customer says transaction was not authorized.,Closed,Medium,App
CBK0001610,TXN00008090,False,USR29627,MCH9644,2026-03-28 23:39:25,2026-03-31 00:00:00,,2.0142939814814813,,False,3349.24,False,Other/Unclassified,incorrect amount,Merchant service was not delivered after payment.,Pending Bank,Medium,Call Center
CBK0000232,TXN00019245,False,USR86563,MCH2065,2026-01-01 00:00:00,2026-01-11 00:00:00,,10.0,,False,2823.84,False,General Complaint / Dispute,dispute raised,User claims account was compromised before transaction.,Resolved,Low,Email
CBK0001783,TXN00003103,False,USR31416,MCH8794,2026-01-24 15:01:00,2026-01-26 00:00:00,2026-02-03 00:00:00,1.3743055555555554,8.0,False,7765.0,False,Item/Service Not Delivered,item not received,SUSPICIOUS HIGH-VALUE PAYMENT DISPUTED BY CUSTOMER.,Resolved,Low,IVR
CBK0000673,TXN00006799,False,USR90390,MCH2514,2026-01-04 00:00:00,2026-01-19 00:00:00,2026-02-09 00:00:00,15.0,21.0,False,7272.77,False,Other/Unclassified,Fraud Suspected,customer complaint text unclear due to poor call center notes.,Rejected,Medium,Email
CBK0000472,TXN00001422,False,USR49251,MCH7171,2026-02-20 00:00:00,2026-02-21 00:00:00,2026-02-26 02:45:57,1.0,5.115243055555555,False,2080.17,False,Other/Unclassified,suspicious transaction,User claims account was compromised before transaction.,Closed,Low,IVR
CBK0000225,TXN00000007,False,USR30925,MCH5655,2026-02-07 05:47:09,2026-02-09 00:00:00,2026-02-12 18:47:00,1.758923611111111,3.782638888888889,False,2231.72,False,Account Takeover / Unauthorized,Account Takeover,User reports money deducted but merchant denies receiving payment.,In Progress,High,Email
CBK0000846,TXN00018851,False,USR98606,MCH9609,2026-03-18 00:00:00,2026-04-17 14:56:00,,30.622222222222224,,False,2087.83,False,General Complaint / Dispute,Customer Dispute,User says UPI PIN was not entered by them.,Pending Bank,High,App
CBK0002061,TXN00000123,False,USR25645,MCH1279,2026-01-26 00:00:00,2026-01-30 00:00:00,,4.0,,False,4808.45,False,Account Takeover / Unauthorized,ATO,User says UPI PIN was not entered by them.,Open,High,Email
CBK0000074,TXN00018905,False,USR67079,MCH5054,2026-02-09 00:00:00,2026-02-10 00:00:00,,1.0,,False,547.94,False,General Complaint / Dispute,complaint,Suspicious high-value payment disputed by customer. pls check asap,In Progress,High,Branch
CBK0001883,TXN00014046,False,USR51538,MCH5600,2026-03-18 00:00:00,2026-03-20 13:07:18,2026-03-25 00:00:00,2.546736111111111,4.4532638888888885,False,4405.58,False,Item/Service Not Delivered,merchant service issue,User says UPI PIN was not entered by them.,Pending Bank,Low,App
CBK0000625,TXN00000101,False,USR93581,MCH5578,2026-02-16 00:00:00,2026-02-19 00:00:00,,3.0,,False,703.07,False,Item/Service Not Delivered,Merchant Not Delivered,Customer says transaction was not authorized.,Resolved,Critical,App
CBK0000775,TXN00004439,False,USR27107,MCH7732,2026-01-21 00:00:00,2026-01-24 00:00:00,,3.0,,False,1706.04,False,Item/Service Not Delivered,Merchant Not Delivered,Merchant service was not delivered after payment.,Rejected,Medium,IVR
CBK0000223,TXN00005582,False,USR74418,MCH4130,2026-02-19 15:03:20,,2026-02-25 03:03:20,,,False,16352.81,False,Other/Unclassified,scam,User claims account was compromised before transaction.,Resolved,Medium,Call Center
CBK0000700,TXN00001244,False,USR88147,MCH2972,2026-02-13 00:00:00,2026-03-31 00:00:00,2026-04-04 00:00:00,46.0,4.0,False,1404.94,False,Other/Unclassified,service failed,User claims account was compromised before transaction.,In Progress,Medium,Chatbot
CBK0001817,TXN00010816,False,USR54649,MCH5999,2026-01-20 00:00:00,2026-01-21 00:00:00,2026-01-27 00:00:00,1.0,6.0,False,1622.49,False,General Complaint / Dispute,dispute raised,Customer complaint text unclear due to poor call center notes.,In Progress,Critical,Chatbot
CBK0000646,TXN00018578,False,USR49324,MCH3174,2026-03-01 01:31:22,2026-03-02 00:00:00,2026-03-11 00:00:00,0.9365509259259259,9.0,False,4970.0,False,Account Takeover / Unauthorized,ATO,User says UPI PIN was not entered by them.,In Progress,Medium,Chatbot
CBK0002211,TXN00013107,False,USR37685,MCH8309,2026-01-17 04:52:50,2026-01-18 00:00:00,2026-01-24 00:00:00,0.7966435185185186,6.0,False,2345.09,False,Duplicate Debit,DUP_DEBIT,Customer complaint text unclear due to poor call center notes.,In Progress,High,IVR
CBK0002530,TXN00008558,False,USR71564,MCH4848,2026-01-29 00:00:00,2026-02-01 06:28:44,2026-02-17 06:28:44,3.269953703703704,16.0,False,1053.3,False,Account Takeover / Unauthorized,unauthorized_transaction,User says UPI PIN was not entered by them. call dropped,Closed,Medium,IVR
CBK0000338,TXN00014545,False,USR52948,MCH4069,2026-02-28 00:00:00,2026-03-06 00:00:00,,6.0,,False,1623.27,False,General Complaint / Dispute,customer issue,CUSTOMER SAYS AMOUNT WAS DEBITED TWICE.,Closed,Critical,Chatbot
CBK0001920,TXN00011275,False,USR18736,MCH4473,2026-02-21 00:00:00,2026-02-17 00:00:00,2026-02-23 12:13:00,-4.0,6.509027777777778,True,10469.69,False,Account Takeover / Unauthorized,ATO,User claims account was compromised before txn.,In Progress,Medium,App
CBK0002284,TXN00019560,False,USR71503,MCH7874,2026-01-17 12:10:09,2026-01-19 00:00:00,2026-02-05 00:00:00,1.4929513888888888,17.0,False,4923.1,False,Item/Service Not Delivered,not delivered,Complaint received after multiple failed attempts.,In Progress,Critical,App
CBK0000484,TXN00005084,False,USR96003,MCH8682,2026-03-06 05:20:24,2026-03-08 00:00:00,2026-03-30 23:20:24,1.7775,22.9725,False,12351.07,False,Item/Service Not Delivered,merchant service issue,Customer says amount was debited twice.,Pending Bank,Low,IVR
CBK0000794,TXN00013962,False,USR28913,MCH9984,2026-01-12 10:51:00,2026-01-28 00:00:00,,15.547916666666667,,False,1826.0,False,Item/Service Not Delivered,not delivered,User claims account was compromised before transaction.,Closed,Medium,Email
CBK0001370,TXN00017169,False,USR14813,MCH6201,2026-03-05 07:45:00,2026-03-12 00:00:00,2026-03-14 07:45:00,6.677083333333333,2.3229166666666665,False,696.63,False,Amount Mismatch,amount mismatch,Complaint received after multiple failed attempts.,Rejected,Low,Branch
CBK0002513,TXN00003753,False,USR11110,MCH5076,2026-01-03 00:00:00,2026-01-06 09:06:26,2026-01-29 09:06:00,3.3794675925925928,22.999699074074073,False,691.4,False,General Complaint / Dispute,Customer Dispute,Suspicious high-value payment disputed by customer.,Pending Bank,Medium,Call Center
CBK0001764,TXN00007180,False,USR97480,MCH8142,2026-01-31 00:00:00,2026-02-01 00:00:00,2026-02-10 00:00:00,1.0,9.0,False,671.37,False,Other/Unclassified,service failed,User reports money deducted but merchant denies receiving payment.,Pending Bank,Medium,Email
CBK0001259,TXN00012199,False,USR39404,MCH2849,2026-03-30 00:00:00,2026-04-06 00:00:00,2026-04-13 00:00:00,7.0,7.0,False,879.0,False,General Complaint / Dispute,dispute raised,User claims account was compromised before transaction.,Open,Low,Chatbot
CBK0000596,TXN00006654,False,USR37722,MCH4208,2026-01-02 00:00:00,2026-01-08 17:27:00,,6.727083333333334,,False,2733.0,False,Other/Unclassified,UNAUTHORISED,User reports money deducted but merchant denies receiving payment.,Closed,Low,Chatbot
CBK0000822,TXN00005564,False,USR76792,MCH6388,2026-03-15 00:00:00,2026-03-16 02:35:00,2026-04-08 02:35:00,1.1076388888888888,23.0,False,1858.07,False,Item/Service Not Delivered,not delivered,Customer says amount was debited twice.,Pending Bank,Medium,IVR
CBK0001225,TXN00015094,False,USR34566,MCH5674,2026-03-03 00:00:00,2026-03-05 00:00:00,,2.0,,False,12640.85,False,Duplicate Debit,double debit,Customer complaint text unclear due to poor call center notes.,Pending Bank,Low,App
CBK0002558,TXN00011898,False,USR64312,MCH7218,2026-01-14 19:22:13,2026-01-18 00:00:00,2026-02-04 00:00:00,3.192905092592593,17.0,False,2771.91,False,Duplicate Debit,DUP_DEBIT,Customer complaint text unclear due to poor call center notes.,Rejected,Low,Branch
CBK0000026,TXN00001919,False,USR39089,MCH5042,2026-03-03 00:00:00,2026-03-05 00:00:00,2026-03-27 22:56:15,2.0,22.955729166666668,False,1859.77,False,Item/Service Not Delivered,no service,Complaint received after multiple failed attempts.,Rejected,Low,IVR
CBK0001468,TXN00016367,False,USR57411,MCH5305,2026-03-12 10:03:31,2026-03-11 00:00:00,,-1.4191087962962963,,True,6490.82,False,General Complaint / Dispute,Customer Dispute,Payment made to unknown merchant as per customer statement.,In Progress,Medium,Email
CBK0001959,TXN00011213,False,USR97266,MCH6311,2026-03-23 11:07:04,,,,,False,1071.93,False,Account Takeover / Unauthorized,Account Takeover,Customer complaint text unclear due to poor call center notes.,Resolved,Low,Email
CBK0002657,TXN00017047,False,USR97927,MCH9426,2026-01-26 00:00:00,2026-02-05 00:00:00,2026-03-04 00:00:00,10.0,27.0,False,1731.53,False,Other/Unclassified,FRAUD,Complaint received after multiple failed attempts.,In Progress,Low,Call Center
CBK0002257,TXN41888,False,USR36095,MCH2102,2026-02-17 00:00:00,,2026-03-15 00:00:00,,,False,3064.59,False,Item/Service Not Delivered,delivery issue,Customer says transaction was not authorized.,Rejected,Medium,Branch
CBK0001462,TXN00002045,False,USR58805,MCH2842,2026-03-02 00:00:00,2026-03-01 00:00:00,2026-03-21 12:45:23,-1.0,20.531516203703703,True,3144.27,False,Other/Unclassified,UNAUTHORISED,Suspicious high-value payment disputed by customer.,In Progress,Medium,Email
CBK0000459,TXN00018065,False,USR75856,MCH6850,2026-02-11 19:04:00,2026-02-14 14:04:54,2026-03-01 14:04:00,2.792291666666667,14.999375,False,4568.57,False,Other/Unclassified,FRAUD,merchant service was not delivered after payment.,Open,Low,IVR
CBK0000264,TXN00012389,False,USR77084,MCH4475,2026-01-23 11:24:20,2026-01-28 00:00:00,,4.524768518518519,,False,1247.52,False,Duplicate Debit,DUP_DEBIT,Customer complaint text unclear due to poor call center notes. call dropped,In Progress,Low,Email
CBK0000277,TXN00013423,False,USR88037,MCH4048,2026-01-11 00:00:00,2026-01-14 07:32:19,,3.3141087962962965,,False,498.7,False,Other/Unclassified,Service Not Provided,Customer says amount was debited twice.,Pending Bank,Medium,App
CBK0001158,TXN00016429,False,USR80809,MCH9349,2026-01-10 00:00:00,2026-01-12 05:11:00,2026-01-17 05:11:04,2.2159722222222222,5.000046296296296,False,276.59,False,Other/Unclassified,Service Not Provided,Payment made to unknown merchant as per customer statement.,Resolved,Medium,Branch
CBK0002177,TXN00018087,False,USR50619,MCH1160,2026-01-07 00:00:00,2026-01-15 00:00:00,2026-01-22 00:00:00,8.0,7.0,False,2152.04,False,Other/Unclassified,Service Not Provided,CUSTOMER SAYS TRANSACTION WAS NOT AUTHORIZED.,Rejected,Low,Call Center
CBK0000347,TXN00015951,False,USR35882,MCH6839,2026-03-01 00:00:00,2026-03-02 22:57:12,2026-03-10 00:00:00,1.956388888888889,7.043611111111111,False,607.62,False,Other/Unclassified,suspicious transaction,CUSTOMER SAYS AMOUNT WAS DEBITED TWICE.,Pending Bank,Medium,Call Center
CBK0001714,TXN00019200,False,USR10307,MCH3670,2026-01-23 04:45:00,2026-01-24 13:45:28,2026-02-20 00:00:00,1.375324074074074,26.42675925925926,False,1186.0,False,General Complaint / Dispute,dispute raised,Complaint received after multiple failed attempts.,Open,Medium,Chatbot
CBK0002709,TXN00003581,False,USR40538,MCH8057,2026-01-27 00:00:00,2026-02-26 10:26:00,2026-03-08 00:00:00,30.434722222222224,9.565277777777778,False,3616.02,False,Other/Unclassified,unauth txn,Merchant service was not delivered after payment.,In Progress,Medium,IVR
CBK0001215,TXN00007445,False,USR46899,MCH9910,2026-01-24 18:17:00,2026-01-27 00:00:00,,2.2381944444444444,,False,3055.0,False,Account Takeover / Unauthorized,Account Takeover,User says UPI PIN was not entered by them. pls check asap,Resolved,Medium,IVR
CBK0002255,TXN00008016,False,USR72981,MCH7286,2026-01-01 23:32:29,2026-01-02 00:00:00,,0.019108796296296297,,False,1364.41,False,Other/Unclassified,unauth txn,Customer says amount was debited twice. NA,In Progress,Low,Chatbot
CBK0002428,TXN00009714,False,USR79175,MCH8542,2026-02-15 22:57:47,2026-03-03 00:00:00,2026-04-02 00:00:00,15.043206018518518,30.0,False,807.62,False,Duplicate Debit,double debit,Customer says transaction was not authorized.,Closed,Low,Branch
CBK0001348,TXN00006710,False,USR80160,MCH8221,2026-03-28 11:14:00,2026-03-30 00:00:00,2026-04-07 00:00:00,1.5319444444444446,8.0,False,2194.0,False,Account Takeover / Unauthorized,not done by me,USER CLAIMS ACCOUNT WAS COMPROMISED BEFORE TRANSACTION.,Open,Medium,IVR
CBK0002569,TXN00012026,False,USR10288,MCH8779,2026-01-12 00:00:00,,2026-01-25 00:00:00,,,False,4655.0,False,Account Takeover / Unauthorized,Account Takeover,Payment made to unknown merchant as per customer statement.,Rejected,Low,App
CBK0001458,TXN00002805,False,USR85655,MCH1702,2026-02-18 00:00:00,2026-03-05 00:00:00,2026-03-28 00:00:00,15.0,23.0,False,1623.96,False,Duplicate Debit,double debit,User claims account was compromised before transaction. call dropped,Closed,Medium,Branch
CBK0002119,TXN00005222,False,USR53942,MCH6399,2026-01-21 09:16:49,2026-01-29 00:00:00,,7.613321759259259,,False,1345.55,False,Account Takeover / Unauthorized,Account Takeover,COMPLAINT RECEIVED AFTER MULTIPLE FAILED ATTEMPTS.,Rejected,Low,IVR
CBK0001850,TXN00000410,False,USR29306,MCH9778,2026-01-23 00:00:00,2026-01-29 00:00:00,2026-02-02 05:21:02,6.0,4.222939814814815,False,388.0,False,Other/Unclassified,UNAUTHORISED,User claims account was compromised before transaction.,In Progress,Medium,App
CBK0001982,TXN00003383,False,USR14096,MCH7078,2026-03-01 00:00:00,2026-03-07 00:00:00,2026-03-08 10:23:47,6.0,1.4331828703703704,False,1589.0,False,Account Takeover / Unauthorized,Unauthorized Transaction,Complaint received after multiple failed attempts.,Resolved,Low,App
CBK0002563,TXN00004512,False,USR79645,MCH1381,2026-02-11 00:00:00,2026-02-13 00:00:00,2026-02-25 14:14:00,2.0,12.593055555555555,False,1358.0,False,Duplicate Debit,double debit,Merchant service was not delivered after payment.,Open,Low,Email
CBK0000899,TXN00019564,False,USR29187,MCH8779,2026-03-19 00:00:00,2026-03-20 00:00:00,2026-04-04 08:18:37,1.0,15.346261574074074,False,17075.88,False,Duplicate Debit,charged twice,user reports money deducted but merchant denies receiving payment.,In Progress,Low,Email
CBK0001570,TXN00015345,False,USR50434,MCH4720,2026-03-14 05:36:46,2026-03-21 13:36:00,,7.332800925925926,,False,891.13,False,Account Takeover / Unauthorized,not done by me,Payment made to unknown merchant as per customer statement.,Resolved,Low,Branch
CBK0002467,TXN00018324,False,USR12011,MCH6969,2026-03-09 02:28:51,2026-03-11 00:00:00,,1.8966319444444444,,False,1624.65,False,Amount Mismatch,amount mismatch,Customer says amount was debited twice.,In Progress,Low,Call Center
CBK0001454,TXN00011270,False,USR25463,MCH7713,2026-01-12 23:29:29,2026-02-12 00:00:00,2026-03-14 00:00:00,30.02119212962963,30.0,False,2315.0,False,Account Takeover / Unauthorized,account hacked,Complaint received after multiple failed attempts.,Pending Bank,Medium,IVR
CBK0002357,TXN00009106,False,USR64172,MCH7722,2026-03-05 00:00:00,2026-03-09 07:38:31,2026-04-05 07:38:31,4.318414351851852,27.0,False,1104.0,False,Account Takeover / Unauthorized,ATO,Merchant service was not delivered after payment.,Rejected,Medium,Chatbot
CBK0001834,TXN00009538,False,USR93486,MCH1097,2026-03-25 23:42:00,2026-03-28 00:00:00,2026-04-12 00:00:00,2.0125,15.0,False,1124.0,False,Other/Unclassified,scam,Merchant service was not delivered after payment. call dropped,Closed,Medium,Email
CBK0001285,TXN00011614,False,USR22620,MCH8730,2026-01-25 15:04:08,2026-01-26 00:00:00,2026-02-13 00:00:00,0.37212962962962964,18.0,False,459.43,False,Duplicate Debit,double debit,Customer says amount was debited twice.,Resolved,Medium,Chatbot
CBK0000333,TXN00009429,False,USR43447,MCH6659,2026-03-06 05:06:00,2026-03-13 17:06:24,2026-03-30 00:00:00,7.500277777777778,16.287222222222223,False,1275.75,False,Item/Service Not Delivered,merchant service issue,Complaint received after multiple failed attempts.,In Progress,Low,App
CBK0001969,TXN00002091,False,USR88037,MCH7819,2026-03-21 00:00:00,2026-03-29 07:59:18,,8.332847222222222,,False,497.48,False,Account Takeover / Unauthorized,login compromised,Payment made to unknown merchant as per customer statement.,Rejected,Medium,IVR
CBK0002592,TXN00003766,False,USR79094,MCH8315,2026-01-17 13:54:40,2026-01-21 00:00:00,2026-01-28 00:00:00,3.4203703703703705,7.0,False,587.08,False,Account Takeover / Unauthorized,login compromised,Suspicious high-value payment disputed by customer.,Pending Bank,Medium,Email
CBK0002052,TXN00019589,False,USR55253,MCH4612,2026-03-16 00:00:00,2026-03-17 00:00:00,,1.0,,False,2150.0,False,General Complaint / Dispute,customer issue,user says upi pin was not entered by them.,Resolved,Medium,Email
CBK0001914,TXN00009715,False,USR93782,MCH5614,2026-02-12 00:00:00,2026-02-13 03:25:21,2026-02-24 00:00:00,1.1426041666666666,10.857395833333333,False,1483.0,False,Other/Unclassified,Fraud Suspected,Suspicious high-value payment disputed by customer.,Open,Critical,App
CBK0000454,TXN00010362,False,USR13559,MCH3717,2026-02-01 00:00:00,2026-02-04 00:00:00,2026-02-10 00:00:00,3.0,6.0,False,721.17,False,Duplicate Debit,DUP_DEBIT,Payment made to unknown merchant as per customer statement.,Open,Medium,Chatbot
CBK0000073,TXN00007186,False,USR55692,MCH9079,2026-02-14 01:49:22,2026-02-21 00:00:00,2026-02-21 00:00:00,6.9240509259259255,0.0,False,7193.48,False,Other/Unclassified,incorrect amount,Customer says amount was debited twice.,Rejected,Medium,Email
CBK0000746,TXN00006761,False,USR27533,MCH9632,2026-01-09 00:00:00,2026-01-16 00:00:00,2026-01-25 23:15:33,7.0,9.969131944444445,False,1870.83,False,Duplicate Debit,DUP_DEBIT,CUSTOMER COMPLAINT TEXT UNCLEAR DUE TO POOR CALL CENTER NOTES.,Open,Medium,Chatbot
CBK0000497,TXN00001489,False,USR78501,MCH8779,2026-03-22 14:52:27,2026-05-07 01:52:00,2026-05-19 00:00:00,45.458020833333336,11.922222222222222,False,6345.72,False,Item/Service Not Delivered,not delivered,Merchant service was not delivered after payment.,Resolved,High,App
CBK0002634,TXN00017469,False,USR67399,MCH4047,2026-02-04 00:00:00,2026-02-05 00:00:00,2026-02-20 00:00:00,1.0,15.0,False,1016.01,False,Amount Mismatch,amount mismatch,User reports money deducted but merchant denies receiving payment.,Rejected,Low,IVR
CBK0000332,TXN00005378,False,USR88270,MCH4590,2026-03-31 00:00:00,2026-05-16 14:52:28,2026-05-16 14:52:28,46.61976851851852,0.0,False,1274.1,False,Other/Unclassified,Service Not Provided,Complaint received after multiple failed attempts.,Open,Medium,Call Center
CBK0002757,TXN00002386,False,USR65855,MCH2446,2026-01-07 14:37:01,2026-01-03 14:37:01,,-4.0,,True,4215.68,False,Other/Unclassified,service failed,Customer says amount was debited twice.,Pending Bank,Low,Call Center
CBK0000747,TXN00015384,False,USR91399,MCH3815,2026-02-21 00:00:00,2026-03-04 07:27:02,,11.310439814814815,,False,452.46,False,General Complaint / Dispute,dispute raised,user claims account was compromised before transaction.,Closed,Low,Chatbot
CBK0001389,TXN00013530,False,USR54156,MCH6601,2026-01-09 13:45:32,2026-01-15 00:00:00,,5.426712962962963,,False,11913.51,False,Duplicate Debit,Duplicate Debit,Customer says transaction was not authorized.,In Progress,Low,IVR
CBK0000419,TXN00018842,False,USR61484,MCH8719,2026-03-13 16:46:00,2026-03-29 08:46:00,,15.666666666666666,,False,1397.32,False,Amount Mismatch,Wrong Amount,Payment made to unknown merchant as per customer statement.,Closed,Medium,Email
CBK0002788,TXN00007182,False,USR38163,MCH5980,2026-03-11 00:00:00,2026-03-13 01:58:00,2026-03-24 00:00:00,2.0819444444444444,10.918055555555556,False,7942.83,False,General Complaint / Dispute,complaint,Customer says transaction was not authorized.,In Progress,Low,Branch
CBK0001181,TXN00009419,False,USR39500,MCH9291,2026-03-06 15:17:00,2026-04-21 00:00:00,,45.363194444444446,,False,16164.46,False,Item/Service Not Delivered,item not received,Complaint received after multiple failed attempts.,In Progress,Low,IVR
CBK0001603,TXN00007165,False,USR26534,MCH2266,2026-03-03 00:00:00,2026-03-06 00:00:00,2026-03-09 18:27:00,3.0,3.76875,False,676.0,False,Duplicate Debit,charged twice,suspicious high-value payment disputed by customer.,Closed,Low,App
CBK0000800,TXN00008407,False,USR54047,MCH8953,2026-03-29 00:00:00,2026-03-29 00:00:00,2026-04-22 00:00:00,0.0,24.0,False,2017.17,False,Other/Unclassified,scam,Customer says transaction was not authorized. urgent,Closed,Medium,IVR
CBK0000007,TXN00017412,False,USR26201,MCH8154,2026-02-16 22:23:08,2026-02-17 00:00:00,2026-02-18 05:23:00,0.06726851851851852,1.2243055555555555,False,1505.0,False,Item/Service Not Delivered,merchant service issue,Complaint received after multiple failed attempts.,Open,Low,App
CBK0000544,TXN00016205,False,USR41135,MCH4873,2026-03-21 00:00:00,2026-03-20 00:00:00,2026-04-13 00:00:00,-1.0,24.0,True,3052.0,False,Account Takeover / Unauthorized,login compromised,suspicious high-value payment disputed by customer.,Resolved,Low,Chatbot
CBK0001715,TXN00010566,False,USR83077,MCH9707,2026-02-21 00:00:00,2026-02-24 00:00:00,2026-03-01 19:01:00,3.0,5.792361111111111,False,3265.07,False,Other/Unclassified,unauth txn,Payment made to unknown merchant as per cust statement.,Rejected,Medium,IVR
CBK0001874,TXN00004675,False,USR30340,MCH7982,2026-03-21 00:00:00,2026-04-06 22:58:00,,16.956944444444446,,False,258.2,False,Item/Service Not Delivered,not delivered,Complaint received after multiple failed attempts.,Pending Bank,High,Chatbot
CBK0000743,TXN00005962,False,USR43455,MCH1477,2026-03-16 00:00:00,2026-03-22 00:00:00,,6.0,,False,354.48,False,Other/Unclassified,Fraud Suspected,Suspicious high-value payment disputed by customer.,Open,Medium,IVR
CBK0002140,TXN00013237,False,USR59679,MCH1712,2026-01-23 00:00:00,2026-01-24 20:01:00,,1.8340277777777778,,False,405.0,False,Account Takeover / Unauthorized,Account Takeover,User claims account was compromised before transaction.,Open,Medium,Call Center
CBK0001347,TXN00016394,False,USR93953,MCH3886,2026-03-27 07:12:43,2026-03-30 00:00:00,2026-03-31 04:12:00,2.699502314814815,1.175,False,1503.32,False,Other/Unclassified,Service Not Provided,User says UPI PIN was not entered by them.,Pending Bank,Low,App
CBK0001263,TXN00002462,False,USR87914,MCH6026,2026-01-03 00:00:00,2026-01-04 13:43:14,2026-01-07 00:00:00,1.5716898148148148,2.428310185185185,False,2723.0,False,Duplicate Debit,charged twice,User says UPI PIN was not entered by them.,Resolved,High,Call Center
CBK0002697,TXN00004642,False,USR90463,MCH5765,2026-03-13 01:00:19,2026-03-14 00:00:00,,0.958113425925926,,False,1778.23,False,Account Takeover / Unauthorized,unauthorized_transaction,Suspicious high-value payment disputed by customer.,Open,Medium,IVR
CBK0002127,TXN00007220,False,USR63182,MCH9060,2026-01-05 00:00:00,2026-01-08 00:00:00,2026-01-12 00:00:00,3.0,4.0,False,4676.01,False,Other/Unclassified,fraud,Customer complaint text unclear due to poor call center notes.,Open,Medium,Branch
CBK0002190,TXN74121,False,USR68897,MCH4316,2026-03-13 12:21:29,2026-03-19 00:00:00,2026-03-26 00:00:00,5.485081018518518,7.0,False,1678.99,False,Account Takeover / Unauthorized,not done by me,Customer says transaction was not authorized.,Pending Bank,Medium,Chatbot
CBK0000761,TXN00001654,False,USR73010,MCH6154,2026-02-05 00:00:00,2026-02-08 03:55:59,2026-02-10 00:00:00,3.163877314814815,1.8361226851851853,False,11920.81,False,Other/Unclassified,fraud,Suspicious high-value payment disputed by cust.,Pending Bank,Low,IVR
CBK0001736,TXN00006569,False,USR82594,MCH5200,2026-03-07 00:00:00,2026-03-09 00:00:00,,2.0,,False,3352.04,False,Item/Service Not Delivered,merchant service issue,Merchant service was not delivered after payment. details missing,Resolved,High,App
CBK0001464,TXN32619,False,USR22277,MCH4473,2026-01-02 00:00:00,2026-01-05 19:21:00,2026-01-30 00:00:00,3.80625,24.19375,False,2826.04,False,Item/Service Not Delivered,item not received,User claims account was compromised before transaction.,Resolved,Medium,Email
CBK0000298,TXN00003788,False,USR83977,MCH4437,2026-02-03 23:13:39,2026-02-05 03:13:00,2026-02-24 00:00:00,1.1662152777777777,18.865972222222222,False,5092.34,False,Item/Service Not Delivered,merchant service issue,Merchant service was not delivered after payment.,Pending Bank,Low,Chatbot
CBK0002038,TXN00005021,False,USR23918,MCH2822,2026-02-15 01:06:00,2026-02-17 05:06:57,2026-03-01 00:00:00,2.1673263888888887,11.786840277777777,False,7640.62,False,Item/Service Not Delivered,not delivered,Customer says transaction was not authorized.,Resolved,Low,Email
CBK0001214,TXN84117,False,USR58335,MCH8999,2026-02-06 00:00:00,2026-02-11 21:36:27,2026-02-27 00:00:00,5.9003125,15.0996875,False,3956.74,False,Item/Service Not Delivered,delivery issue,user reports money deducted but merchant denies receiving payment.,Closed,High,Branch
CBK0000443,TXN00003234,False,USR48070,MCH7286,2026-02-25 00:00:00,2026-02-26 00:00:00,2026-03-21 00:00:00,1.0,23.0,False,8014.91,False,Other/Unclassified,scam,Suspicious high-value payment disputed by customer.,Rejected,Medium,IVR
CBK0002254,TXN00016982,False,USR48692,MCH4326,2026-01-08 00:00:00,2026-01-10 00:00:00,2026-01-27 22:58:49,2.0,17.957511574074076,False,662.25,False,Other/Unclassified,suspicious transaction,User says UPI PIN was not entered by them.,Open,Medium,App
CBK0000039,TXN00010340,False,USR89475,MCH2478,2026-01-07 12:28:00,2026-01-12 00:00:00,2026-01-31 00:00:00,4.480555555555555,19.0,False,8382.0,False,Account Takeover / Unauthorized,not done by me,Payment made to unknown merchant as per customer statement.,In Progress,Medium,Chatbot
CBK0002359,TXN00004169,False,USR59679,MCH4473,2026-01-03 08:56:00,2026-01-08 00:00:00,2026-01-16 14:56:06,4.627777777777778,8.622291666666667,False,13744.99,False,Other/Unclassified,fraud,Customer complaint text unclear due to poor call center notes.,Closed,Critical,Email
CBK0002015,TXN00003845,False,USR71348,MCH6074,2026-01-20 00:00:00,2026-01-23 00:00:00,2026-02-18 00:40:34,3.0,26.028171296296296,False,2182.0,False,Account Takeover / Unauthorized,account hacked,Customer says amount was debited twice.,Resolved,High,Chatbot
CBK0000384,TXN00007704,False,USR74500,MCH5267,2026-02-07 00:00:00,2026-02-09 00:00:00,,2.0,,False,1568.0,False,Amount Mismatch,amount mismatch,Customer says amount was debited twice.,Closed,Low,Chatbot
CBK0001630,TXN00011150,False,USR97781,MCH4684,2026-03-04 21:59:00,2026-03-07 00:00:00,,2.0840277777777776,,False,3344.0,False,Duplicate Debit,Duplicate Debit,Customer says transaction was not authorized.,Resolved,Medium,Call Center
CBK0001023,TXN00007154,False,USR60699,MCH6910,2026-01-24 02:08:45,2026-01-29 13:08:00,,5.4578125,,False,3092.99,False,Duplicate Debit,DUP_DEBIT,User claims account was compromised before transaction.,Rejected,Low,Chatbot
CBK0001358,TXN00013107,False,USR31479,MCH2757,2026-01-20 00:15:51,,2026-02-26 00:00:00,,,False,1035.74,False,Account Takeover / Unauthorized,login compromised,Payment made to unknown merchant as per customer statement.,Closed,Low,IVR
CBK0000652,TXN00015166,False,USR42412,MCH2811,2026-01-06 00:00:00,2026-01-09 00:00:00,2026-01-26 00:00:00,3.0,17.0,False,732.38,False,Other/Unclassified,service failed,USER SAYS UPI PIN WAS NOT ENTERED BY THEM.,Open,Medium,IVR
CBK0000902,TXN00019180,False,USR18416,MCH3100,2026-02-28 00:00:00,2026-03-04 08:02:37,,4.335150462962963,,False,163.0,False,Other/Unclassified,Service Not Provided,Complaint received after multiple failed attempts.,Pending Bank,Medium,Branch
CBK0001927,TXN00011359,False,USR71316,MCH5954,2026-03-14 00:00:00,2026-03-22 14:50:33,2026-04-09 14:50:33,8.6184375,18.0,False,6170.83,False,Account Takeover / Unauthorized,ATO,Customer says amount was debited twice.,Closed,Medium,Chatbot
CBK0000987,TXN00003201,False,USR35236,MCH3555,2026-02-03 15:38:55,2026-03-05 23:38:00,,30.33269675925926,,False,993.95,False,Account Takeover / Unauthorized,Unauthorized Transaction,Suspicious high-value payment disputed by customer. pls check asap,Rejected,Low,Chatbot
CBK0000061,TXN00010949,False,USR32546,MCH9169,2026-01-06 00:00:00,2026-01-07 06:45:00,2026-01-12 00:00:00,1.28125,4.71875,False,2673.31,False,Item/Service Not Delivered,no service,User says UPI PIN was not entered by them. call dropped,Closed,Medium,App
CBK0002659,TXN00003213,False,USR61306,MCH7286,2026-03-25 00:00:00,2026-03-28 00:00:00,2026-04-13 00:00:00,3.0,16.0,False,1246.38,False,Amount Mismatch,amount mismatch,Customer says transaction was not authorized.,Open,High,IVR
CBK0000368,TXN00005138,False,USR72854,MCH3135,2026-03-03 00:00:00,2026-03-08 18:14:00,2026-03-19 18:14:00,5.759722222222222,11.0,False,1597.23,False,Other/Unclassified,service failed,Customer says amount was debited twice.,Pending Bank,Medium,Chatbot
CBK0000307,TXN00010177,False,USR34955,MCH8749,2026-02-22 00:00:00,2026-02-23 16:33:27,2026-03-23 16:33:27,1.6898958333333334,28.0,False,690.45,False,Amount Mismatch,Wrong Amount,customer complaint text unclear due to poor call center notes.,Open,High,IVR
CBK0000246,TXN00019885,False,USR90720,MCH8625,2026-02-22 05:29:58,2026-02-23 00:00:00,,0.7708564814814814,,False,2738.74,False,Duplicate Debit,charged twice,Payment made to unknown merchant as per customer statement.,Pending Bank,Medium,IVR
CBK0002461,TXN00017240,False,USR28613,MCH1420,2026-02-12 06:09:18,2026-02-18 00:00:00,2026-03-03 00:00:00,5.743541666666666,13.0,False,7674.03,False,Item/Service Not Delivered,no service,Merchant service was not delivered after payment.,Pending Bank,Low,App
CBK0000531,TXN00014058,False,USR49275,MCH9836,2026-01-24 00:00:00,2026-01-30 00:00:07,2026-02-20 00:00:00,6.000081018518519,20.999918981481482,False,1009.36,False,Other/Unclassified,incorrect amount,User claims account was compromised before transaction.,Pending Bank,High,IVR
CBK0000494,TXN00017891,False,USR29919,MCH9291,2026-01-01 08:32:31,2026-01-12 00:00:00,2026-01-31 00:00:00,10.644085648148149,19.0,False,3343.99,False,Item/Service Not Delivered,Merchant Not Delivered,Merchant service was not delivered after payment.,Rejected,Critical,App
CBK0002126,TXN00010837,False,USR17697,MCH6219,2026-03-15 07:18:08,2026-03-16 11:18:08,,1.1666666666666667,,False,3555.94,False,Amount Mismatch,Wrong Amount,User reports money deducted but merchant denies receiving payment.,Resolved,Low,Chatbot
CBK0002141,TXN00009768,False,USR20378,MCH9291,2026-03-20 00:00:00,2026-03-30 17:28:30,2026-04-03 00:00:00,10.728125,3.271875,False,2335.0,False,Other/Unclassified,unauth txn,User says UPI PIN was not entered by them.,Open,Medium,App
CBK0001390,TXN00017748,False,USR66250,MCH1711,2026-03-04 16:20:03,2026-03-19 19:20:03,2026-03-20 00:00:00,15.125,0.19440972222222222,False,8160.0,False,Account Takeover / Unauthorized,Account Takeover,User says UPI PIN was not entered by them.,Resolved,Low,App
CBK0000631,TXN00004185,False,USR21843,MCH5007,2026-01-16 00:00:00,,2026-01-26 00:00:00,,,False,7433.73,False,Amount Mismatch,extra amount deducted,USER REPORTS MONEY DEDUCTED BUT MERCHANT DENIES RECEIVING PAYMENT.,Open,Low,Chatbot
CBK0002424,TXN00002184,False,USR26661,MCH1213,2026-01-02 15:21:00,,2026-01-24 00:00:00,,,False,3019.75,False,Other/Unclassified,fraud,Payment made to unknown merchant as per customer statement.,Closed,Medium,Email
CBK0002771,TXN00003740,False,USR43341,MCH4181,2026-02-07 00:00:00,2026-02-08 09:22:00,2026-03-08 00:00:00,1.3902777777777777,27.60972222222222,False,6434.35,False,General Complaint / Dispute,Customer Dispute,user says upi pin was not entered by them.,In Progress,Low,Branch
CBK0000421,TXN00010803,False,USR72422,MCH2757,2026-02-24 00:00:00,2026-02-27 00:00:00,,3.0,,False,7913.77,False,Other/Unclassified,suspicious transaction,Payment made to unknown merchant as per customer statement.,In Progress,Medium,Branch
CBK0001767,TXN00003813,False,USR78593,MCH3210,2026-01-09 14:05:22,2026-01-11 00:00:00,,1.412939814814815,,False,5758.61,False,Other/Unclassified,UNAUTHORISED,PAYMENT MADE TO UNKNOWN MERCHANT AS PER CUSTOMER STATEMENT.,Resolved,Low,Email
CBK0000071,TXN00008538,False,USR89774,MCH8569,2026-02-08 00:00:00,2026-02-10 14:50:39,,2.6185069444444444,,False,2850.0,False,Other/Unclassified,FRAUD,Customer complaint text unclear due to poor call center notes.,Rejected,Medium,Chatbot
CBK0001457,TXN00004271,False,USR60321,MCH2200,2026-03-06 15:12:38,2026-03-13 23:12:00,,7.332893518518518,,False,2672.78,False,Item/Service Not Delivered,not delivered,User reports money deducted but merchant denies receiving payment.,Open,Low,App
CBK0000911,TXN00002114,False,USR52444,MCH1797,2026-01-26 14:20:00,2026-02-26 00:00:00,,30.40277777777778,,False,4126.61,False,Account Takeover / Unauthorized,account hacked,Customer says amount was debited twice.,Rejected,Low,Branch
CBK0000313,TXN00000248,False,USR50945,MCH5264,2026-01-25 01:32:00,2026-01-26 05:32:05,2026-02-01 00:00:00,1.166724537037037,5.769386574074074,False,1984.03,False,General Complaint / Dispute,dispute raised,customer says amount was debited twice.,Closed,Low,Chatbot
CBK0002673,TXN00017755,False,USR27181,MCH6810,2026-02-02 22:47:32,2026-02-06 08:47:00,2026-02-14 00:00:00,3.4162962962962964,7.634027777777778,False,3261.84,False,Duplicate Debit,charged twice,Customer says amount was debited twice.,Closed,Medium,Email
CBK0001446,TXN00017598,False,USR51720,MCH4274,2026-01-22 19:24:28,,2026-02-27 00:00:00,,,False,819.3,False,General Complaint / Dispute,complaint,CUSTOMER SAYS AMOUNT WAS DEBITED TWICE.,Closed,Medium,Branch
CBK0002619,TXN00000071,False,USR86538,MCH2766,2026-01-25 00:00:00,2026-01-27 18:40:21,,2.778020833333333,,False,3311.22,False,Account Takeover / Unauthorized,not done by me,Suspicious high-value payment disputed by customer. urgent,Pending Bank,Medium,Call Center
CBK0000434,TXN00002783,False,USR21986,MCH9344,2026-01-10 02:14:17,2026-01-25 00:00:00,2026-02-19 10:14:17,14.906747685185184,25.426585648148148,False,447.3,False,Other/Unclassified,FRAUD,Customer says amount was debited twice.,Closed,Medium,IVR
CBK0001432,TXN00014015,False,USR84470,MCH4732,2026-02-07 00:00:00,2026-02-12 00:00:00,2026-03-10 00:00:00,5.0,26.0,False,1855.84,False,Duplicate Debit,Duplicate Debit,MERCHANT SERVICE WAS NOT DELIVERED AFTER PAYMENT.,Open,Medium,IVR
CBK0000514,TXN91755,False,USR83157,MCH3365,2026-03-24 11:00:58,,2026-04-22 00:00:00,,,False,3762.83,False,Other/Unclassified,scam,COMPLAINT RECEIVED AFTER MULTIPLE FAILED ATTEMPTS.,Open,Critical,App
CBK0000838,TXN00002790,False,USR38178,MCH9291,2026-01-30 05:36:28,,2026-02-09 00:00:00,,,False,870.0,False,Other/Unclassified,incorrect amount,User reports money deducted but merchant denies receiving payment.,Closed,Medium,Chatbot
CBK0002538,TXN00018880,False,USR86824,MCH3870,2026-01-13 00:00:00,2026-01-29 12:17:00,2026-02-18 00:00:00,16.511805555555554,19.488194444444446,False,2224.0,False,Account Takeover / Unauthorized,ATO,User reports money deducted but merchant denies receiving payment.,Rejected,Low,Branch
CBK0001249,TXN00003498,False,USR73675,MCH3822,2026-03-31 00:00:00,2026-04-08 14:29:36,2026-04-20 00:00:00,8.60388888888889,11.39611111111111,False,3661.3,False,Other/Unclassified,suspicious transaction,user reports money deducted but merchant denies receiving payment.,Resolved,Medium,Email
CBK0001981,TXN00014392,False,USR72048,MCH4590,2026-03-17 00:00:00,2026-03-20 00:00:00,2026-03-23 00:00:00,3.0,3.0,False,4520.19,False,Duplicate Debit,Duplicate Debit,user claims account was compromised before transaction.,Rejected,Low,App
CBK0002134,TXN00009374,False,USR27878,MCH5264,2026-03-30 13:34:53,2026-04-02 15:34:53,,3.0833333333333335,,False,50.0,False,General Complaint / Dispute,Customer Dispute,Customer says amount was debited twice.,Pending Bank,Medium,IVR
CBK0000787,TXN00015064,False,USR33856,MCH8652,2026-02-03 00:00:00,2026-03-20 00:00:00,2026-03-25 00:00:00,45.0,5.0,False,981.9,False,Duplicate Debit,Duplicate Debit,User reports money deducted but merchant denies receiving payment.,In Progress,Medium,IVR
CBK0000100,TXN00017882,False,USR54020,MCH3381,2026-01-17 00:00:00,2026-01-20 00:00:00,2026-02-17 00:00:00,3.0,28.0,False,732.66,False,Duplicate Debit,double debit,User reports money deducted but merchant denies receiving payment.,Open,Medium,App
CBK0000138,TXN00003017,False,USR74855,MCH9944,2026-01-12 10:06:13,2026-01-18 08:06:13,2026-02-13 00:00:00,5.916666666666667,25.662349537037038,False,707.43,False,Account Takeover / Unauthorized,login compromised,Customer complaint text unclear due to poor call center notes.,Rejected,Low,Email
CBK0000551,TXN00012467,False,USR71976,MCH4344,2026-02-01 10:46:36,2026-02-05 08:46:36,2026-03-07 00:00:00,3.9166666666666665,29.634305555555557,False,1654.78,False,General Complaint / Dispute,dispute raised,Suspicious high-value payment disputed by customer.,Pending Bank,Low,Chatbot
CBK0002520,TXN00006276,False,USR55226,MCH7826,2026-01-21 00:00:00,2026-01-22 00:00:00,2026-01-24 16:37:21,1.0,2.6926041666666665,False,1890.0,False,Duplicate Debit,DUP_DEBIT,Merchant service was not delivered after payment.,Pending Bank,Critical,Branch
CBK0002392,TXN00006668,False,USR61084,MCH2875,2026-01-28 00:00:00,2026-01-30 00:00:00,2026-02-17 12:08:01,2.0,18.50556712962963,False,1736.0,False,General Complaint / Dispute,Customer Dispute,payment made to unknown merchant as per customer statement.,Resolved,High,Email
CBK0002498,TXN00009704,False,USR26525,MCH4212,2026-01-24 00:00:00,2026-01-26 03:33:00,2026-01-26 00:00:00,2.1479166666666667,-0.14791666666666667,False,2595.11,False,Other/Unclassified,Service Not Provided,Customer says amount was debited twice.,Resolved,Low,Call Center
CBK0002016,TXN00007362,False,USR90209,MCH9344,2026-03-23 00:00:00,2026-04-03 14:15:00,2026-04-17 00:00:00,11.59375,13.40625,False,3269.55,False,Other/Unclassified,Service Not Provided,Customer says transaction was not authorized.,In Progress,Low,Chatbot
CBK0000437,TXN00008304,False,USR31182,MCH7390,2026-03-17 00:00:00,2026-03-19 00:00:00,,2.0,,False,6321.44,False,Other/Unclassified,UNAUTHORISED,Merchant service was not delivered after payment. NA,Pending Bank,Medium,Chatbot
CBK0002781,TXN00007463,False,USR88712,MCH4226,2026-02-08 10:50:00,2026-02-09 00:00:00,,0.5486111111111112,,False,540.0,False,Item/Service Not Delivered,merchant service issue,Merchant service was not delivered after payment.,In Progress,Medium,IVR
CBK0002609,TXN00005872,False,USR71348,MCH9291,2026-03-31 04:58:00,2026-04-16 00:00:00,2026-05-11 00:00:00,15.793055555555556,25.0,False,2023.21,False,Account Takeover / Unauthorized,not done by me,Customer complaint text unclear due to poor call center notes.,Resolved,Low,Chatbot
CBK0000473,TXN00006355,False,USR15888,MCH5561,2026-01-12 00:00:00,2026-01-14 00:00:00,2026-01-18 13:37:06,2.0,4.567430555555555,False,1211.72,False,Item/Service Not Delivered,Merchant Not Delivered,Customer says transaction was not authorized.,Resolved,Medium,Branch
CBK0000425,TXN00019652,False,USR51854,MCH4908,2026-03-06 00:00:00,,2026-03-25 08:31:28,,,False,1289.49,False,Other/Unclassified,FRAUD,Payment made to unknown merchant as per customer statement.,In Progress,High,App
CBK0002759,TXN00003778,False,USR65783,MCH3028,2026-02-06 00:00:00,2026-02-07 12:51:27,2026-02-25 00:00:00,1.5357291666666666,17.464270833333334,False,7597.0,False,Amount Mismatch,amount mismatch,User claims account was compromised before transaction.,Pending Bank,Medium,Call Center
CBK0000376,TXN00010928,False,USR62685,MCH9719,2026-02-26 00:00:00,2026-03-01 05:50:00,2026-03-17 05:50:00,3.2430555555555554,16.0,False,1538.0,False,Duplicate Debit,DUP_DEBIT,Customer says transaction was not authorized. urgent,Closed,High,Chatbot
CBK0000085,TXN00004176,False,USR35280,MCH8030,2026-01-08 00:00:00,2026-01-09 21:57:00,2026-01-27 21:57:00,1.9145833333333333,18.0,False,1105.82,False,Account Takeover / Unauthorized,login compromised,Customer complaint text unclear due to poor call center notes.,Closed,High,Branch
CBK0000458,TXN00016719,False,USR26895,MCH4723,2026-01-16 00:00:00,2026-01-19 00:00:00,2026-02-03 00:00:00,3.0,15.0,False,2956.42,False,General Complaint / Dispute,complaint,User claims account was compromised before txn.,Resolved,Low,Chatbot
CBK0001422,TXN00013883,False,USR59251,MCH7833,2026-01-13 00:00:00,2026-01-15 11:58:51,2026-01-21 00:00:00,2.499201388888889,5.500798611111111,False,3588.0,False,Account Takeover / Unauthorized,Unauthorized Transaction,Payment made to unknown merchant as per customer statement.,Open,Medium,Chatbot
CBK0000521,TXN00019385,False,USR20822,MCH6549,2026-03-19 19:31:42,2026-03-21 00:00:00,2026-04-11 11:31:42,1.1863194444444445,21.48034722222222,False,1082.82,False,Account Takeover / Unauthorized,unauthorized_transaction,Suspicious high-value payment disputed by customer.,In Progress,High,Branch
CBK0002797,TXN00013910,False,USR34880,MCH1320,2026-01-21 11:46:59,2026-01-27 08:46:00,,5.874317129629629,,False,877.44,False,Account Takeover / Unauthorized,unauthorized_transaction,USER REPORTS MONEY DEDUCTED BUT MERCHANT DENIES RECEIVING PAYMENT.,In Progress,High,Chatbot
CBK0002602,TXN00012801,False,USR20795,MCH5787,2026-02-11 00:00:00,2026-02-18 00:00:00,2026-03-09 12:23:30,7.0,19.516319444444445,False,2374.29,False,Other/Unclassified,Service Not Provided,Suspicious high-value payment disputed by customer.,Resolved,Medium,Call Center
CBK0002554,TXN00000914,False,USR21146,MCH2266,2026-02-08 11:30:00,2026-03-25 00:00:00,2026-04-02 00:00:00,44.520833333333336,8.0,False,1207.28,False,Item/Service Not Delivered,item not received,User claims account was compromised before txn.,Open,High,Branch
CBK0000704,TXN00015091,False,USR45203,MCH9864,2026-03-28 00:00:00,2026-04-03 18:18:00,2026-05-01 00:00:00,6.7625,27.2375,False,20286.73,False,Other/Unclassified,Service Not Provided,Suspicious high-value payment disputed by customer. NA,Open,High,Chatbot
CBK0000344,TXN00018344,False,USR11559,MCH4841,2026-02-05 00:00:00,2026-03-07 00:00:00,2026-03-08 22:10:00,30.0,1.9236111111111112,False,9060.0,False,Other/Unclassified,Fraud Suspected,Merchant service was not delivered after payment.,Closed,High,IVR
CBK0002733,TXN00015766,False,USR87074,MCH6810,2026-03-26 15:10:36,2026-04-05 00:00:00,,9.367638888888889,,False,198.26,False,Account Takeover / Unauthorized,ATO,User reports money deducted but merchant denies receiving payment.,Open,Low,Chatbot
CBK0001956,TXN00004350,False,USR48482,MCH1641,2026-03-16 00:00:00,2026-03-22 00:00:00,2026-03-30 00:00:00,6.0,8.0,False,2131.37,False,Other/Unclassified,UNAUTHORISED,user claims account was compromised before transaction.,In Progress,Low,Chatbot
CBK0000059,TXN00011102,False,USR87051,MCH4693,2026-03-06 00:00:00,2026-03-07 00:00:00,2026-03-09 00:00:00,1.0,2.0,False,1825.45,False,Account Takeover / Unauthorized,ATO,COMPLAINT RECEIVED AFTER MULTIPLE FAILED ATTEMPTS.,Open,Low,Call Center
CBK0000394,TXN00000779,False,USR64440,MCH8614,2026-02-03 13:21:00,2026-03-06 00:00:00,2026-03-28 00:00:00,30.44375,22.0,False,4511.29,False,Duplicate Debit,DUP_DEBIT,User claims account was compromised before txn.,In Progress,Medium,Chatbot
CBK0000905,TXN00003495,False,USR37693,MCH8091,2026-01-08 00:00:00,2026-02-08 00:07:18,,31.005069444444445,,False,2983.97,False,Item/Service Not Delivered,Merchant Not Delivered,Complaint received after multiple failed attempts.,Pending Bank,Low,Email
CBK0001016,TXN00018653,False,USR39211,MCH1376,2026-02-19 00:00:00,2026-02-22 00:00:00,2026-03-05 00:00:00,3.0,11.0,False,2423.45,False,Account Takeover / Unauthorized,ATO,User reports money deducted but merchant denies receiving payment.,Rejected,Low,Chatbot
CBK0002020,TXN00019784,False,USR89588,MCH8760,2026-03-08 00:00:00,2026-03-10 00:00:00,,2.0,,False,2591.32,False,Account Takeover / Unauthorized,not done by me,Customer says amount was debited twice.,Resolved,Low,IVR
CBK0000035,TXN00004120,False,USR53171,MCH6920,2026-03-07 00:00:00,2026-03-05 00:00:00,2026-04-02 00:00:00,-2.0,28.0,True,5701.53,False,Duplicate Debit,double debit,user reports money deducted but merchant denies receiving payment.,In Progress,Low,IVR
CBK0002058,TXN00010832,False,USR29952,MCH6418,2026-02-22 21:09:00,2026-02-28 00:00:00,2026-03-16 00:00:00,5.11875,16.0,False,1882.0,False,Account Takeover / Unauthorized,ATO,User says UPI PIN was not entered by them. urgent,In Progress,Low,Chatbot
CBK0000297,TXN00019269,False,USR53731,MCH9458,2026-02-08 09:15:08,2026-02-11 00:00:00,2026-02-15 00:00:00,2.6144907407407407,4.0,False,2732.12,False,Other/Unclassified,UNAUTHORISED,CUSTOMER SAYS TRANSACTION WAS NOT AUTHORIZED.,Closed,Medium,IVR
CBK0002012,TXN00012346,False,USR40998,MCH3992,2026-01-07 00:00:00,2026-01-10 15:42:32,,3.654537037037037,,False,1010.1,False,Account Takeover / Unauthorized,account hacked,Customer says amount was debited twice.,In Progress,Medium,Call Center
CBK0001434,TXN00014276,False,USR37196,MCH2407,2026-03-27 00:00:00,2026-03-30 00:00:00,2026-04-08 00:00:00,3.0,9.0,False,637.61,False,Duplicate Debit,charged twice,payment made to unknown merchant as per customer statement.,Pending Bank,Medium,IVR
CBK0001381,TXN00011623,False,USR99837,MCH8765,2026-01-28 09:27:00,2026-01-30 21:27:00,,2.5,,False,3487.78,False,Item/Service Not Delivered,no service,Customer says amount was debited twice. NA,Closed,Medium,IVR
CBK0002227,TXN97124,False,USR21632,MCH9291,2026-02-25 20:48:05,2026-04-12 00:00:00,2026-04-26 00:00:00,45.13327546296296,14.0,False,1596.33,False,Duplicate Debit,Duplicate Debit,User reports money deducted but merchant denies receiving payment.,Resolved,High,App
CBK0000501,TXN00019009,False,USR96611,MCH3763,2026-01-10 00:00:00,2026-01-15 00:00:00,2026-01-27 15:33:00,5.0,12.647916666666667,False,1552.99,False,Amount Mismatch,amount mismatch,Customer complaint text unclear due to poor call center notes.,Pending Bank,High,App
CBK0000891,TXN00017408,False,USR10307,MCH7766,2026-03-23 00:00:00,2026-03-23 00:00:00,,0.0,,False,836.19,False,Item/Service Not Delivered,delivery issue,user reports money deducted but merchant denies receiving payment.,In Progress,Low,Email
CBK0000388,TXN00000433,False,USR50784,MCH6968,2026-02-18 00:00:00,2026-02-23 19:00:44,2026-03-19 00:00:00,5.792175925925926,23.207824074074075,False,979.0,False,Amount Mismatch,amount mismatch,User says UPI PIN was not entered by them.,Open,Low,Branch
CBK0001580,TXN00004779,False,USR38912,MCH6908,2026-01-12 10:59:00,2026-01-13 09:59:00,2026-01-16 00:00:00,0.9583333333333334,2.5840277777777776,False,1565.13,False,Other/Unclassified,scam,customer says amount was debited twice.,Open,Medium,Email
CBK0002098,TXN00012193,False,USR22644,MCH5980,2026-03-19 04:04:00,2026-03-20 00:00:00,2026-03-24 00:00:00,0.8305555555555556,4.0,False,1913.11,False,Other/Unclassified,fraud,Merchant service was not delivered after payment.,Closed,High,Call Center
CBK0000503,TXN00009139,False,USR87033,MCH8779,2026-03-05 00:00:00,2026-03-08 00:00:00,2026-03-29 10:48:07,3.0,21.450081018518517,False,1518.49,False,Account Takeover / Unauthorized,not done by me,Payment made to unknown merchant as per customer statement.,Closed,Critical,Email
CBK0000219,TXN76688,False,USR63208,MCH6288,2026-03-31 00:00:00,2026-04-06 00:00:00,2026-05-05 00:00:00,6.0,29.0,False,355.19,False,Item/Service Not Delivered,Merchant Not Delivered,User claims account was compromised before transaction.,Resolved,Low,Branch
CBK0002157,TXN00010666,False,USR74780,MCH6850,2026-02-07 00:00:00,2026-03-09 00:00:00,2026-03-27 00:00:00,30.0,18.0,False,1349.33,False,Amount Mismatch,extra amount deducted,Payment made to unknown merchant as per customer statement.,Closed,Low,Branch
CBK0000305,TXN00002303,False,USR21074,MCH1320,2026-02-04 00:00:00,2026-02-09 00:00:00,2026-02-22 00:00:00,5.0,13.0,False,1712.22,False,Item/Service Not Delivered,no service,Customer says amount was debited twice.,In Progress,Low,App
CBK0001841,TXN00005953,False,USR96307,MCH1423,2026-03-28 00:00:00,2026-03-29 00:00:00,2026-04-18 00:00:00,1.0,20.0,False,1742.0,False,Item/Service Not Delivered,Merchant Not Delivered,Payment made to unknown merchant as per customer statement.,Rejected,Low,IVR
CBK0000040,TXN00009861,False,USR84241,MCH1811,2026-02-05 00:00:00,2026-02-08 00:00:00,2026-02-15 15:27:00,3.0,7.64375,False,883.5,False,Other/Unclassified,service failed,User reports money deducted but merchant denies receiving payment.,Resolved,High,Email
CBK0000861,TXN00016940,False,USR83977,MCH1995,2026-01-05 00:00:00,2026-01-07 01:02:00,2026-01-24 00:00:00,2.0430555555555556,16.956944444444446,False,7669.97,False,Duplicate Debit,charged twice,Payment made to unknown merchant as per customer statement.,Resolved,Medium,Branch
CBK0000095,TXN00006584,False,USR85655,MCH1599,2026-03-03 21:45:00,2026-03-04 00:00:00,2026-03-18 00:00:00,0.09375,14.0,False,1087.37,False,Item/Service Not Delivered,Merchant Not Delivered,Merchant service was not delivered after payment.,In Progress,Medium,Call Center
CBK0000092,TXN00019596,False,USR96380,MCH3161,2026-02-23 05:30:01,,,,,False,2991.63,False,Duplicate Debit,Duplicate Debit,Customer says amount was debited twice.,Resolved,High,Chatbot
CBK0000476,TXN76059,False,USR36575,MCH1929,2026-03-29 00:00:00,2026-04-01 00:00:00,,3.0,,False,1726.97,False,Other/Unclassified,incorrect amount,Payment made to unknown merchant as per customer statement.,In Progress,High,IVR
CBK0000070,TXN00019236,False,USR39755,MCH6038,2026-03-26 13:55:00,2026-04-10 23:55:00,2026-05-08 00:00:00,15.416666666666666,27.00347222222222,False,3160.25,False,Account Takeover / Unauthorized,not done by me,Payment made to unknown merchant as per customer statement.,Resolved,Medium,Email
CBK0001189,TXN00015243,False,USR90963,MCH4871,2026-02-14 13:48:33,2026-02-14 00:00:00,2026-03-05 14:48:33,-0.5753819444444445,19.617048611111112,True,448.21,False,General Complaint / Dispute,customer issue,Merchant service was not delivered after payment.,Rejected,Medium,Chatbot
CBK0001294,TXN00019221,False,USR67336,MCH7286,2026-03-10 08:05:58,2026-03-17 00:00:00,2026-04-04 21:05:58,6.662523148148148,18.879143518518518,False,596.6,False,General Complaint / Dispute,Customer Dispute,Customer says txn was not authorized.,Closed,Medium,Branch
CBK0001682,TXN00010834,False,USR67399,MCH8675,2026-03-12 15:00:00,2026-03-23 00:00:00,,10.375,,False,1750.36,False,Duplicate Debit,Duplicate Debit,Customer complaint text unclear due to poor call center notes.,In Progress,Medium,Chatbot
CBK0001090,TXN00016195,False,USR85787,MCH4442,2026-03-11 00:00:00,2026-03-22 01:33:06,2026-04-13 00:00:00,11.064652777777777,21.935347222222223,False,471.0,False,Item/Service Not Delivered,delivery issue,User says UPI PIN was not entered by them.,Open,Low,Branch
CBK0000939,TXN00009825,False,USR24660,MCH9618,2026-03-26 00:00:00,2026-03-29 06:03:00,2026-04-25 00:00:00,3.252083333333333,26.747916666666665,False,3080.0,False,General Complaint / Dispute,customer issue,Complaint received after multiple failed attempts.,Resolved,Low,Branch
CBK0001117,TXN00012679,False,USR13963,MCH3522,2026-02-07 00:00:00,2026-02-09 00:00:00,,2.0,,False,1851.93,False,Duplicate Debit,Duplicate Debit,Complaint received after multiple failed attempts.,Pending Bank,Medium,App
CBK0000633,TXN00013693,False,USR72322,MCH8732,2026-03-19 17:11:52,2026-03-21 00:00:00,,1.283425925925926,,False,1899.73,False,Item/Service Not Delivered,item not received,Merchant service was not delivered after payment.,Resolved,High,IVR
CBK0000536,TXN00017414,False,USR39006,MCH5032,2026-01-10 00:00:00,2026-01-08 00:00:00,2026-02-06 04:32:02,-2.0,29.18891203703704,True,12249.71,False,Item/Service Not Delivered,item not received,Complaint received after multiple failed attempts.,Closed,High,Email
CBK0002207,TXN00015126,False,USR62875,MCH2383,2026-01-06 00:00:00,2026-01-06 00:00:00,2026-01-23 00:00:00,0.0,17.0,False,2119.11,False,Duplicate Debit,double debit,Customer complaint text unclear due to poor call center notes.,In Progress,Low,Chatbot
CBK0000906,TXN00009979,False,USR59679,MCH6645,2026-02-02 22:05:54,2026-02-04 00:00:00,2026-02-13 00:00:00,1.079236111111111,9.0,False,876.91,False,Account Takeover / Unauthorized,account hacked,User claims account was compromised before transaction.,Rejected,Medium,App
CBK0001833,TXN00009923,False,USR24660,MCH3434,2026-01-04 12:15:00,2025-12-30 12:15:20,2025-12-31 00:00:00,-4.999768518518518,0.48935185185185187,True,2940.0,False,General Complaint / Dispute,complaint,Merchant service was not delivered after payment.,Open,Medium,Call Center
CBK0001270,TXN00015781,False,USR60184,MCH5412,2026-02-22 00:00:00,2026-02-25 18:53:25,2026-02-25 18:53:25,3.7870949074074076,0.0,False,6433.23,False,Amount Mismatch,amount mismatch,Customer says transaction was not authorized.,Open,Medium,Chatbot
CBK0000159,TXN00001671,False,USR51888,MCH8727,2026-02-19 00:00:00,2026-02-24 00:00:00,2026-02-24 00:00:00,5.0,0.0,False,2605.0,False,Amount Mismatch,Wrong Amount,User says UPI PIN was not entered by them.,Pending Bank,Medium,IVR
CBK0000757,TXN00010601,False,USR53404,MCH4311,2026-03-20 14:22:47,2026-03-26 10:22:00,2026-04-22 00:00:00,5.832789351851852,26.568055555555556,False,1363.12,False,Item/Service Not Delivered,item not received,User says UPI PIN was not entered by them.,Closed,Medium,IVR
CBK0001950,TXN00002053,False,USR33960,MCH5223,2026-03-26 00:00:00,2026-03-27 11:08:07,2026-04-08 11:08:00,1.4639699074074075,11.999918981481482,False,2130.67,False,Duplicate Debit,charged twice,Customer complaint text unclear due to poor call center notes.,Pending Bank,Medium,Email
CBK0002612,TXN00010607,False,USR32830,MCH9346,2026-03-01 00:00:00,2026-03-17 00:00:00,2026-04-07 00:00:00,16.0,21.0,False,397.65,False,Account Takeover / Unauthorized,Account Takeover,CUSTOMER SAYS AMOUNT WAS DEBITED TWICE.,Resolved,High,Branch
CBK0001994,TXN00000296,False,USR71624,MCH4650,2026-03-29 00:00:00,2026-03-29 17:25:00,2026-03-30 00:00:00,0.7256944444444444,0.2743055555555556,False,512.0,False,Account Takeover / Unauthorized,login compromised,Complaint received after multiple failed attempts.,Resolved,High,App
CBK0002270,TXN00000045,False,USR73010,MCH6294,2026-01-03 00:00:03,2026-01-05 22:00:00,2026-01-11 22:00:03,2.9166319444444446,6.000034722222222,False,1101.8,False,Account Takeover / Unauthorized,ATO,Customer says transaction was not authorized.,Closed,Medium,Call Center
CBK0002737,TXN00005881,False,USR91565,MCH2757,2026-02-03 19:55:07,2026-02-07 00:00:00,2026-02-13 08:55:00,3.1700578703703703,6.371527777777778,False,2284.0,False,Amount Mismatch,Wrong Amount,Merchant service was not delivered after payment.,Rejected,Medium,Email
CBK0002746,TXN00015136,False,USR57117,MCH5167,2026-02-24 00:00:00,2026-02-26 00:00:00,2026-03-27 08:47:00,2.0,29.365972222222222,False,661.74,False,Item/Service Not Delivered,Merchant Not Delivered,Customer complaint text unclear due to poor call center notes.,Open,Low,Call Center
CBK0001519,TXN00000459,False,USR36461,MCH6850,2026-01-05 01:52:09,2026-02-20 00:52:09,2026-03-19 00:00:00,45.958333333333336,26.963784722222222,False,8278.26,False,General Complaint / Dispute,customer issue,Customer says amount was debited twice.,Pending Bank,High,Call Center
CBK0001313,TXN00002015,False,USR70926,MCH8374,2026-03-24 00:00:00,2026-03-26 22:40:05,2026-04-11 22:40:00,2.9445023148148146,15.99994212962963,False,2615.98,False,Account Takeover / Unauthorized,ATO,Merchant service was not delivered after payment.,Open,Critical,Chatbot
CBK0001973,TXN00013275,False,USR71371,MCH9810,2026-03-19 00:00:00,2026-03-27 00:00:00,2026-04-19 00:00:00,8.0,23.0,False,666.32,False,Item/Service Not Delivered,delivery issue,Complaint received after multiple failed attempts.,Pending Bank,Medium,Chatbot
CBK0002138,TXN00000295,False,USR86497,MCH2786,2026-01-10 00:00:00,2026-01-16 00:00:00,2026-01-30 00:00:00,6.0,14.0,False,731.69,False,Other/Unclassified,FRAUD,Customer says amount was debited twice.,In Progress,Low,Chatbot
CBK0002769,TXN00003447,False,USR76233,MCH8735,2026-02-19 00:00:00,2026-02-21 00:00:00,2026-03-03 00:00:00,2.0,10.0,False,1984.96,False,Amount Mismatch,Wrong Amount,Payment made to unknown merchant as per cust statement.,Rejected,Medium,Chatbot
CBK0001945,TXN00015576,False,USR59679,MCH5013,2026-02-28 04:17:48,2026-03-03 00:00:00,2026-03-07 00:00:00,2.820972222222222,4.0,False,2182.01,False,Duplicate Debit,charged twice,MERCHANT SERVICE WAS NOT DELIVERED AFTER PAYMENT.,Open,Medium,IVR
CBK0000920,TXN00000546,False,USR20076,MCH2383,2026-03-02 00:00:00,2026-04-17 13:17:00,2026-04-27 00:00:00,46.553472222222226,9.446527777777778,False,427.33,False,Amount Mismatch,amount mismatch,Complaint received after multiple failed attempts.,Pending Bank,Low,App
CBK0000097,TXN00014288,False,USR75999,MCH4226,2026-03-14 12:10:00,2026-03-13 00:00:00,,-1.5069444444444444,,True,4255.52,False,General Complaint / Dispute,dispute raised,Payment made to unknown merchant as per customer statement.,Pending Bank,Medium,IVR
CBK0001944,TXN00005059,False,USR14388,MCH5076,2026-03-10 22:25:51,2026-04-25 00:00:00,2026-04-26 05:25:51,45.06538194444445,1.2262847222222222,False,4128.34,False,Amount Mismatch,amount mismatch,CUSTOMER SAYS AMOUNT WAS DEBITED TWICE.,Open,Critical,IVR
CBK0001443,TXN00003853,False,USR70317,MCH6921,2026-02-19 00:00:00,2026-02-22 00:00:00,2026-02-26 00:00:00,3.0,4.0,False,2342.78,False,Item/Service Not Delivered,item not received,PAYMENT MADE TO UNKNOWN MERCHANT AS PER CUSTOMER STATEMENT.,Closed,Medium,IVR
CBK0002358,TXN00012958,False,USR45319,MCH4022,2026-02-23 16:54:56,2026-03-03 00:00:00,2026-03-20 03:54:56,7.295185185185185,17.16314814814815,False,1142.21,False,Duplicate Debit,Duplicate Debit,Customer complaint text unclear due to poor call center notes. call dropped,Pending Bank,Low,IVR
CBK0000325,TXN00011027,False,USR51987,MCH6810,2026-01-04 03:24:27,2026-01-06 00:00:00,2026-01-16 00:00:00,1.8580208333333332,10.0,False,3285.5,False,Other/Unclassified,unauth txn,Customer says txn was not authorized.,In Progress,Medium,App
CBK0001190,TXN00017091,False,USR51699,MCH7327,2026-02-17 00:00:00,2026-02-28 00:00:00,2026-03-11 02:20:08,11.0,11.097314814814816,False,2254.1,False,Account Takeover / Unauthorized,account hacked,User says UPI PIN was not entered by them.,Open,High,App
CBK0001951,TXN00007053,False,USR17824,MCH8057,2026-03-26 16:44:00,2026-05-10 00:00:00,2026-06-09 00:00:00,44.30277777777778,30.0,False,3545.44,False,Amount Mismatch,amount mismatch,User claims account was compromised before transaction.,Closed,High,Branch
CBK0001444,TXN00003678,False,USR50434,MCH5076,2026-01-01 07:55:22,2026-01-04 00:00:00,,2.669884259259259,,False,8722.75,False,Item/Service Not Delivered,item not received,User claims account was compromised before transaction.,Closed,High,Chatbot
CBK0002107,TXN00013202,False,USR27107,MCH9715,2026-03-29 00:00:00,2026-04-01 00:00:00,2026-04-21 00:00:00,3.0,20.0,False,1331.0,False,Account Takeover / Unauthorized,ATO,Customer says amount was debited twice.,In Progress,Critical,IVR
CBK0000314,TXN00017581,False,USR74438,MCH2757,2026-01-04 00:00:00,2026-01-08 21:56:24,2026-01-11 00:00:00,4.914166666666667,2.0858333333333334,False,1299.7,False,Other/Unclassified,suspicious transaction,Customer says transaction was not authorized.,Closed,Critical,Chatbot
CBK0000178,TXN00004134,False,USR75133,MCH1949,2026-02-24 00:00:00,,2026-03-06 06:12:04,,,False,794.23,False,Other/Unclassified,suspicious transaction,Customer complaint text unclear due to poor call center notes.,Open,Medium,IVR
CBK0000863,TXN00016767,False,USR90880,MCH2841,2026-03-06 00:00:00,2026-03-07 21:23:05,2026-04-03 00:00:00,1.8910300925925927,26.108969907407406,False,1273.0,False,Item/Service Not Delivered,Merchant Not Delivered,customer says transaction was not authorized.,Closed,High,Email
CBK0002181,TXN00014627,False,USR41247,MCH7342,2026-03-02 00:00:00,2026-03-04 00:00:00,,2.0,,False,4363.55,False,General Complaint / Dispute,Customer Dispute,Customer says amount was debited twice.,Pending Bank,Medium,Chatbot
CBK0000306,TXN00000680,False,USR62254,MCH5980,2026-01-26 00:00:00,2026-02-02 00:00:00,2026-02-21 12:35:42,7.0,19.524791666666665,False,589.63,False,Other/Unclassified,scam,User says UPI PIN was not entered by them.,In Progress,High,Chatbot
CBK0000490,TXN00019708,False,USR89588,MCH9291,2026-02-23 01:22:04,,2026-04-18 23:22:00,,,False,1943.24,False,General Complaint / Dispute,Customer Dispute,customer says amount was debited twice.,Open,Low,Call Center
CBK0001153,TXN00007272,False,USR23407,MCH9088,2026-03-13 04:40:00,2026-03-14 00:00:00,2026-03-19 23:40:22,0.8055555555555556,5.986365740740741,False,928.0,False,Account Takeover / Unauthorized,Account Takeover,Merchant service was not delivered after payment.,Pending Bank,High,Chatbot
CBK0000442,TXN00007729,False,USR34645,MCH5076,2026-01-05 00:00:00,2026-01-09 00:00:00,2026-01-29 00:00:00,4.0,20.0,False,819.04,False,General Complaint / Dispute,dispute raised,USER CLAIMS ACCOUNT WAS COMPROMISED BEFORE TRANSACTION.,Closed,Low,Email
CBK0001495,TXN00014774,False,USR47392,MCH8779,2026-03-23 00:00:00,2026-04-03 00:00:00,2026-04-20 00:00:00,11.0,17.0,False,2478.18,False,Account Takeover / Unauthorized,Unauthorized Transaction,Payment made to unknown merchant as per customer statement.,Rejected,Low,Branch
CBK0001051,TXN00007915,False,USR14299,MCH2383,2026-02-10 03:04:00,2026-03-13 00:00:00,2026-03-18 00:00:00,30.872222222222224,5.0,False,1789.71,False,Account Takeover / Unauthorized,not done by me,PAYMENT MADE TO UNKNOWN MERCHANT AS PER CUSTOMER STATEMENT.,Resolved,Critical,Call Center
CBK0000038,TXN00016138,False,USR75856,MCH5345,2026-02-15 00:00:00,2026-03-18 00:00:00,2026-04-13 00:00:00,31.0,26.0,False,2973.45,False,Duplicate Debit,double debit,Payment made to unknown merchant as per customer statement.,Pending Bank,Low,IVR
CBK0000431,TXN00011403,False,USR76792,MCH3707,2026-03-16 00:00:00,2026-03-17 00:00:00,2026-03-22 00:00:00,1.0,5.0,False,88.39,False,Account Takeover / Unauthorized,login compromised,user reports money deducted but merchant denies receiving payment.,Closed,Low,Branch
CBK0001146,TXN00006160,False,USR11770,MCH4871,2026-03-07 00:00:00,2026-03-14 00:00:00,2026-04-07 00:00:00,7.0,24.0,False,384.6,False,Other/Unclassified,scam,Customer complaint text unclear due to poor call center notes.,In Progress,Medium,Branch
CBK0001681,TXN00013474,False,USR44690,MCH1928,2026-03-08 17:42:18,2026-04-07 00:00:00,,29.262291666666666,,False,3303.95,False,Item/Service Not Delivered,not delivered,Payment made to unknown merchant as per customer statement.,Open,Low,IVR
CBK0000284,TXN32709,False,USR91199,MCH7235,2026-01-29 00:00:00,,2026-02-13 00:00:00,,,False,4152.0,False,Account Takeover / Unauthorized,Unauthorized Transaction,User claims account was compromised before transaction.,Closed,Medium,Email
CBK0001673,TXN00017039,False,USR32436,MCH9055,2026-01-03 00:00:00,2026-01-06 00:00:00,2026-01-21 15:04:59,3.0,15.628460648148149,False,1306.0,False,Item/Service Not Delivered,item not received,user reports money deducted but merchant denies receiving payment.,Resolved,Low,Chatbot
CBK0001847,TXN00012093,False,USR36399,MCH7286,2026-02-21 10:24:33,2026-02-28 00:00:00,2026-03-22 00:00:00,6.566284722222222,22.0,False,3867.32,False,Account Takeover / Unauthorized,Account Takeover,Merchant service was not delivered after payment.,Resolved,Critical,IVR
CBK0000409,TXN00006280,False,USR91269,MCH4181,2026-02-18 22:17:11,2026-02-22 14:17:00,2026-03-21 14:17:11,3.666539351851852,27.000127314814815,False,1032.66,False,Account Takeover / Unauthorized,login compromised,USER CLAIMS ACCOUNT WAS COMPROMISED BEFORE TRANSACTION.,Rejected,Medium,App
CBK0002242,TXN84424,False,USR30262,MCH6806,2026-03-18 00:38:07,2026-03-18 00:00:00,2026-03-18 00:00:00,-0.026469907407407407,0.0,True,1535.24,False,Other/Unclassified,service failed,USER REPORTS MONEY DEDUCTED BUT MERCHANT DENIES RECEIVING PAYMENT.,In Progress,Low,Call Center
CBK0000970,TXN82870,False,USR36118,MCH1738,2026-01-29 00:00:00,2026-01-30 00:00:00,2026-01-30 19:36:00,1.0,0.8166666666666667,False,543.0,False,Amount Mismatch,extra amount deducted,Merchant service was not delivered after payment.,Closed,Low,Call Center
CBK0001866,TXN00008011,False,USR63376,MCH6063,2026-01-16 00:00:00,2026-01-19 00:00:00,2026-02-15 00:00:00,3.0,27.0,False,1770.2,False,Other/Unclassified,unauth txn,Suspicious high-value payment disputed by customer.,Resolved,Medium,Call Center
CBK0001891,TXN00001071,False,USR11526,MCH9122,2026-03-13 00:00:00,2026-03-17 00:00:00,2026-03-31 00:00:00,4.0,14.0,False,2117.2,False,Other/Unclassified,Service Not Provided,Complaint received after multiple failed attempts. NA,Closed,Medium,Branch
CBK0002598,TXN00012208,False,USR54794,MCH2336,2026-01-06 00:00:00,2026-01-09 00:00:00,2026-01-10 00:00:00,3.0,1.0,False,5802.45,False,Other/Unclassified,Fraud Suspected,Payment made to unknown merchant as per cust statement.,Closed,Medium,Branch
CBK0001613,TXN00012902,False,USR20076,MCH8345,2026-02-18 00:00:00,2026-02-20 00:00:00,2026-03-21 05:15:27,2.0,29.2190625,False,586.88,False,Item/Service Not Delivered,Merchant Not Delivered,Customer says transaction was not authorized.,Pending Bank,Low,Email
CBK0001790,TXN00000533,False,USR46536,MCH5535,2026-01-18 17:59:52,2026-02-03 00:00:00,2026-02-13 00:00:00,15.250092592592592,10.0,False,6055.78,False,Other/Unclassified,fraud,CUSTOMER SAYS TRANSACTION WAS NOT AUTHORIZED.,Open,Medium,Email
CBK0000318,TXN00001878,False,USR10693,MCH5303,2026-03-08 00:00:00,2026-03-15 00:00:00,,7.0,,False,3834.0,False,Item/Service Not Delivered,not delivered,Suspicious high-value payment disputed by customer.,In Progress,High,IVR
CBK0000852,TXN00010668,False,USR81745,MCH4420,2026-03-06 00:00:00,2026-04-06 15:52:29,2026-04-25 00:00:00,31.66144675925926,18.33855324074074,False,1305.45,False,Account Takeover / Unauthorized,not done by me,Customer says amount was debited twice. NA,Pending Bank,Medium,App
CBK0001335,TXN00016756,False,USR44060,MCH7471,2026-03-14 00:00:00,2026-03-14 00:00:00,2026-03-18 00:00:00,0.0,4.0,False,455.72,False,Other/Unclassified,incorrect amount,Customer complaint text unclear due to poor call center notes.,Rejected,Medium,Call Center
CBK0000945,TXN00003565,False,USR46365,MCH4473,2026-03-14 00:00:00,2026-03-14 00:00:00,2026-04-08 03:51:15,0.0,25.16059027777778,False,1723.81,False,Account Takeover / Unauthorized,ATO,merchant service was not delivered after payment.,Rejected,Medium,Branch
CBK0001706,TXN00012764,False,USR22644,MCH1401,2026-03-10 00:00:00,2026-03-18 08:08:27,,8.339201388888888,,False,9737.34,False,Other/Unclassified,service failed,Complaint received after multiple failed attempts.,Closed,Medium,Chatbot
CBK0002719,TXN00016715,False,USR73639,MCH6051,2026-01-09 00:00:00,2026-01-14 00:00:00,,5.0,,False,1128.27,False,Other/Unclassified,suspicious transaction,payment made to unknown merchant as per customer statement.,Rejected,Medium,IVR
CBK0000193,TXN00011628,False,USR15884,MCH9002,2026-01-10 00:00:00,2026-01-13 11:20:14,2026-01-30 11:20:14,3.4723842592592593,17.0,False,6328.27,False,General Complaint / Dispute,dispute raised,Customer complaint text unclear due to poor call center notes.,In Progress,Critical,IVR
CBK0000842,TXN00002437,False,USR58147,MCH1299,2026-01-27 09:34:13,2026-02-02 00:00:00,2026-03-01 00:00:00,5.601238425925926,27.0,False,1368.83,False,Other/Unclassified,Fraud Suspected,Suspicious high-value payment disputed by customer.,Pending Bank,High,Call Center
CBK0001480,TXN00010969,False,USR40561,MCH9717,2026-02-17 00:00:00,2026-02-20 00:00:00,2026-03-04 00:00:00,3.0,12.0,False,1918.05,False,Item/Service Not Delivered,merchant service issue,Customer says amount was debited twice. call dropped,Open,Low,Call Center
CBK0000096,TXN00015289,False,USR24926,MCH9472,2026-03-29 09:32:00,2026-04-05 00:00:00,2026-04-26 00:00:00,6.602777777777778,21.0,False,2649.1,False,Other/Unclassified,service failed,Payment made to unknown merchant as per customer statement.,Closed,Low,IVR
CBK0002199,TXN83913,False,USR69345,MCH1289,2026-03-17 20:54:58,2026-03-20 07:54:58,2026-03-21 00:00:00,2.4583333333333335,0.670162037037037,False,732.0,False,Duplicate Debit,charged twice,Payment made to unknown merchant as per customer statement.,Pending Bank,Medium,Branch
CBK0002304,TXN00005004,False,USR24536,MCH6507,2026-02-25 16:37:09,,2026-03-23 00:00:00,,,False,1095.0,False,Account Takeover / Unauthorized,Unauthorized Transaction,Customer says transaction was not authorized.,Resolved,Medium,Branch
CBK0000610,TXN00014090,False,USR65211,MCH6850,2026-03-24 17:38:00,2026-04-01 06:38:00,,7.541666666666667,,False,848.3,False,Account Takeover / Unauthorized,Account Takeover,User says UPI PIN was not entered by them.,Open,Medium,IVR
CBK0001558,TXN00018011,False,USR70587,MCH9995,2026-02-12 15:33:24,2026-02-12 00:00:00,2026-03-07 00:00:00,-0.6481944444444444,23.0,True,550.29,False,Amount Mismatch,amount mismatch,User claims account was compromised before transaction. NA,Pending Bank,Low,Email
CBK0001410,TXN00012186,False,USR14130,MCH6048,2026-01-04 00:00:00,2026-01-06 00:00:00,,2.0,,False,4466.44,False,Other/Unclassified,scam,User says UPI PIN was not entered by them.,In Progress,Low,IVR
CBK0000245,TXN00010561,False,USR45218,MCH8515,2026-02-05 03:39:40,2026-02-06 00:00:00,,0.8474537037037037,,False,865.55,False,Other/Unclassified,incorrect amount,Customer says amount was debited twice.,Resolved,Low,Chatbot
CBK0000642,TXN00009627,False,USR88037,MCH4516,2026-02-04 00:00:00,2026-02-07 00:00:00,2026-02-09 00:00:00,3.0,2.0,False,10535.8,False,General Complaint / Dispute,customer issue,Merchant service was not delivered after payment.,In Progress,Low,Call Center
CBK0000033,TXN00009708,False,USR97772,MCH5076,2026-01-18 00:00:00,2026-01-24 11:33:49,2026-02-18 00:00:00,6.481817129629629,24.51818287037037,False,3007.22,False,Amount Mismatch,amount mismatch,merchant service was not delivered after payment.,Rejected,High,IVR
CBK0001475,TXN00017932,False,USR30591,MCH4204,2026-01-28 00:00:00,,2026-02-23 12:38:55,,,False,4452.54,False,Item/Service Not Delivered,no service,Suspicious high-value payment disputed by customer. details missing,Open,High,Branch
CBK0001485,TXN00000921,False,USR25087,MCH2266,2026-03-03 18:48:32,2026-03-08 00:00:00,,4.216296296296297,,False,1585.45,False,Other/Unclassified,service failed,user claims account was compromised before transaction.,Closed,Low,Email
CBK0001729,TXN00002228,False,USR56148,MCH6141,2026-02-09 09:11:00,2026-02-13 00:00:00,2026-03-01 00:00:00,3.6173611111111112,16.0,False,378.3,False,Amount Mismatch,Wrong Amount,User claims account was compromised before transaction.,Pending Bank,High,Chatbot
CBK0001851,TXN00006293,False,USR95875,MCH2065,2026-02-27 00:00:00,2026-03-07 00:00:00,2026-03-30 00:00:00,8.0,23.0,False,2387.22,False,Item/Service Not Delivered,delivery issue,Merchant service was not delivered after payment.,Pending Bank,Medium,IVR
CBK0002705,TXN00005717,False,USR91772,MCH2757,2026-01-19 17:45:15,2026-01-22 00:00:00,2026-01-24 00:00:00,2.2602430555555557,2.0,False,2449.38,False,Amount Mismatch,Wrong Amount,Customer complaint text unclear due to poor call center notes.,Pending Bank,Low,IVR
CBK0001193,TXN00014849,False,USR27328,MCH4912,2026-01-19 00:00:00,2026-01-30 00:00:00,2026-02-09 00:04:06,11.0,10.002847222222222,False,2302.0,False,Duplicate Debit,double debit,merchant service was not delivered after payment.,Rejected,Medium,Branch
CBK0000055,TXN00017357,False,USR15485,MCH3992,2026-03-27 00:00:00,2026-03-29 00:00:00,,2.0,,False,3043.82,False,General Complaint / Dispute,complaint,User claims account was compromised before txn.,In Progress,High,Chatbot
CBK0002352,TXN00009981,False,USR92382,MCH2075,2026-03-11 00:00:00,2026-03-12 00:00:00,2026-03-28 10:00:00,1.0,16.416666666666668,False,1850.41,False,Other/Unclassified,FRAUD,Customer says transaction was not authorized.,Closed,High,Call Center
CBK0001677,TXN00005417,False,USR53957,MCH2848,2026-01-02 00:00:00,,2026-02-02 00:00:00,,,False,2380.3,False,Item/Service Not Delivered,delivery issue,Payment made to unknown merchant as per customer statement.,Closed,Medium,App
CBK0000474,TXN00009795,False,USR24690,MCH8976,2026-03-27 00:00:00,2026-03-27 09:12:31,2026-04-22 00:00:00,0.3836921296296296,25.61630787037037,False,1506.67,False,Duplicate Debit,double debit,Suspicious high-value payment disputed by customer.,Resolved,Low,IVR
CBK0002364,TXN00001342,False,USR61151,MCH5245,2026-02-23 23:42:23,2026-03-03 00:00:00,2026-03-24 09:42:23,7.012233796296297,21.40443287037037,False,2534.0,False,Other/Unclassified,incorrect amount,Customer complaint text unclear due to poor call center notes.,In Progress,High,IVR
CBK0000377,TXN38189,False,USR50661,MCH5076,2026-01-08 00:00:00,,,,,False,754.07,False,Other/Unclassified,Fraud Suspected,Complaint received after multiple failed attempts.,Pending Bank,Medium,IVR
CBK0001408,TXN00007170,False,USR49478,MCH8391,2026-03-30 20:56:21,2026-03-31 00:00:00,2026-04-01 00:00:00,0.12753472222222223,1.0,False,468.0,False,General Complaint / Dispute,dispute raised,Merchant service was not delivered after payment.,Open,Medium,Chatbot
CBK0002200,TXN00017653,False,USR80376,MCH5600,2026-01-16 00:00:00,2026-01-23 00:00:00,2026-01-24 19:11:00,7.0,1.7993055555555555,False,4402.84,False,Account Takeover / Unauthorized,account hacked,User reports money deducted but merchant denies receiving payment.,In Progress,Medium,App
CBK0000212,TXN00010499,False,USR18345,MCH6823,2026-03-13 03:19:00,2026-03-16 20:19:36,2026-03-27 00:00:00,3.70875,10.153055555555556,False,4579.0,False,Account Takeover / Unauthorized,ATO,complaint received after multiple failed attempts.,Open,Low,Branch
CBK0002546,TXN41980,False,USR82793,MCH1094,2026-03-17 00:00:00,2026-03-19 15:57:00,2026-03-19 00:00:00,2.6645833333333333,-0.6645833333333333,False,565.73,False,Account Takeover / Unauthorized,not done by me,Suspicious high-value payment disputed by customer. call dropped,Open,High,Email
CBK0002508,TXN00015520,False,USR78921,MCH1369,2026-01-24 00:42:06,2026-02-23 00:00:00,,29.97076388888889,,False,578.15,False,Duplicate Debit,Duplicate Debit,Customer says txn was not authorized.,Pending Bank,High,Branch
CBK0001455,TXN00007357,False,USR62254,MCH5655,2026-01-10 04:54:03,2026-02-09 00:00:00,,29.79579861111111,,False,161.0,False,Amount Mismatch,amount mismatch,Customer says amount was debited twice.,In Progress,Medium,Branch
CBK0001868,TXN00015884,False,USR34835,MCH3992,2026-03-04 00:00:00,2026-03-06 00:00:00,2026-04-02 00:00:00,2.0,27.0,False,247.02,False,General Complaint / Dispute,customer issue,Payment made to unknown merchant as per customer statement.,In Progress,High,Branch
CBK0002103,TXN00005039,False,USR38720,MCH9523,2026-01-24 00:00:00,2026-01-24 18:26:47,2026-02-19 00:00:00,0.768599537037037,25.231400462962963,False,1582.19,False,Item/Service Not Delivered,no service,User reports money deducted but merchant denies receiving payment.,Resolved,High,IVR
CBK0000818,TXN00015972,False,USR83126,MCH2616,2026-01-19 00:00:00,2026-01-21 23:22:51,2026-02-19 00:00:00,2.974201388888889,28.02579861111111,False,8836.22,False,Item/Service Not Delivered,delivery issue,Payment made to unknown merchant as per customer statement.,Rejected,Critical,Chatbot
CBK0000653,TXN00007307,False,USR58692,MCH2298,2026-01-15 00:00:00,2026-01-30 00:00:00,2026-02-26 15:09:16,15.0,27.631435185185186,False,2349.32,False,Account Takeover / Unauthorized,not done by me,User says UPI PIN was not entered by them. call dropped,Closed,Medium,Call Center
CBK0001038,TXN00005386,False,USR82091,MCH1514,2026-01-24 00:00:00,2026-02-04 04:50:27,2026-02-11 00:00:00,11.201701388888889,6.798298611111111,False,2597.6,False,General Complaint / Dispute,complaint,PAYMENT MADE TO UNKNOWN MERCHANT AS PER CUSTOMER STATEMENT.,In Progress,Medium,App
CBK0001096,TXN00019163,False,USR72047,MCH3308,2026-02-17 00:00:00,2026-03-04 00:00:00,,15.0,,False,1202.2,False,Amount Mismatch,extra amount deducted,Complaint received after multiple failed attempts.,Resolved,High,IVR
CBK0001235,TXN00010356,False,USR82947,MCH6407,2026-02-23 00:00:00,2026-02-26 00:00:00,2026-03-12 04:52:03,3.0,14.2028125,False,2359.0,False,Amount Mismatch,Wrong Amount,Customer says transaction was not authorized.,Rejected,High,App
CBK0001552,TXN00014793,False,USR10598,MCH1855,2026-01-21 18:47:00,2026-01-23 00:00:00,2026-02-02 00:00:00,1.2173611111111111,10.0,False,641.02,False,Item/Service Not Delivered,item not received,USER CLAIMS ACCOUNT WAS COMPROMISED BEFORE TRANSACTION.,In Progress,Medium,Chatbot
CBK0001616,TXN00009207,False,USR49823,MCH8953,2026-02-04 00:00:00,2026-02-06 00:00:00,,2.0,,False,4915.0,False,Amount Mismatch,Wrong Amount,Suspicious high-value payment disputed by customer.,Open,High,Chatbot
CBK0001435,TXN00004594,False,USR40538,MCH1070,2026-01-16 00:00:00,2026-01-16 21:36:00,2026-02-02 00:00:00,0.9,16.1,False,262.38,False,Other/Unclassified,fraud,MERCHANT SERVICE WAS NOT DELIVERED AFTER PAYMENT.,In Progress,Low,IVR
CBK0000423,TXN00012405,False,USR33721,MCH8247,2026-01-26 21:04:00,2026-02-11 00:00:00,2026-03-12 00:00:00,15.122222222222222,29.0,False,1837.0,False,Duplicate Debit,charged twice,User claims account was compromised before transaction.,Rejected,Medium,Branch
CBK0001433,TXN00011103,False,USR93242,MCH9047,2026-01-02 23:19:14,2026-02-02 00:00:00,2026-02-25 04:19:00,30.028310185185184,23.179861111111112,False,5968.43,False,Duplicate Debit,double debit,Suspicious high-value payment disputed by cust.,Resolved,Low,Branch
CBK0000278,TXN00018188,False,USR33934,MCH1639,2026-01-03 00:00:00,2026-01-05 00:00:00,2026-02-03 00:00:00,2.0,29.0,False,609.57,False,General Complaint / Dispute,customer issue,Payment made to unknown merchant as per customer statement.,In Progress,High,Branch
CBK0001486,TXN00012555,False,USR32962,MCH5076,2026-01-08 00:00:00,,2026-01-09 00:00:00,,,False,2740.59,False,General Complaint / Dispute,customer issue,USER SAYS UPI PIN WAS NOT ENTERED BY THEM.,Pending Bank,Low,IVR
CBK0000120,TXN00005470,False,USR35882,MCH5805,2026-03-24 00:00:00,2026-03-25 00:00:00,,1.0,,False,881.56,False,General Complaint / Dispute,complaint,COMPLAINT RECEIVED AFTER MULTIPLE FAILED ATTEMPTS.,Open,Medium,Chatbot
CBK0000762,TXN00003810,False,USR65062,MCH5911,2026-01-23 00:00:00,2026-01-25 00:00:00,2026-02-12 00:00:00,2.0,18.0,False,861.41,False,Item/Service Not Delivered,Merchant Not Delivered,User reports money deducted but merchant denies receiving payment.,In Progress,Medium,IVR
CBK0000799,TXN00012446,False,USR75853,MCH2771,2026-02-02 22:34:00,2026-02-03 21:34:00,,0.9583333333333334,,False,1105.07,False,Account Takeover / Unauthorized,unauthorized_transaction,Customer says transaction was not authorized.,Rejected,Medium,IVR
CBK0000668,TXN00011231,False,USR61576,MCH7063,2026-03-19 00:00:00,2026-03-15 00:00:00,2026-04-03 00:00:00,-4.0,19.0,True,4533.6,False,Account Takeover / Unauthorized,not done by me,User reports money deducted but merchant denies receiving payment. details missing,Pending Bank,Medium,IVR
CBK0001379,TXN00010182,False,USR52335,MCH5954,2026-03-31 00:00:00,2026-04-02 00:00:00,2026-04-26 00:00:00,2.0,24.0,False,1252.47,False,Account Takeover / Unauthorized,ATO,User says UPI PIN was not entered by them.,Closed,Low,Branch
CBK0002240,TXN00000019,False,USR40246,MCH4062,2026-02-26 00:00:00,2026-03-01 01:49:00,2026-03-08 01:49:15,3.0756944444444443,7.000173611111111,False,377.11,False,Other/Unclassified,suspicious transaction,Customer says amount was debited twice.,In Progress,High,Chatbot
CBK0000724,TXN00001310,False,USR27947,MCH2065,2026-02-13 06:58:57,2026-02-16 00:00:00,2026-02-17 00:00:00,2.7090625,1.0,False,2026.3,False,Other/Unclassified,unauth txn,Merchant service was not delivered after payment.,Open,Low,Branch
CBK0000403,TXN00014814,False,USR43455,MCH2055,2026-02-14 16:05:00,,2026-03-07 11:05:00,,,False,7081.78,False,Duplicate Debit,charged twice,Payment made to unknown merchant as per customer statement.,In Progress,Low,Call Center
CBK0000835,TXN00016557,False,USR82094,MCH3363,2026-03-20 00:00:00,2026-03-31 11:25:32,,11.476064814814816,,False,3670.72,False,Account Takeover / Unauthorized,account hacked,User claims account was compromised before transaction. pls check asap,Pending Bank,Medium,Call Center
CBK0002182,TXN00015499,False,USR22939,MCH5631,2026-03-11 06:34:26,2026-03-14 00:00:00,,2.726087962962963,,False,1792.1,False,Item/Service Not Delivered,delivery issue,Customer says transaction was not authorized.,In Progress,Low,IVR
CBK0001604,TXN00019626,False,USR38245,MCH7973,2026-02-09 00:00:00,2026-02-13 00:00:00,,4.0,,False,781.0,False,Other/Unclassified,fraud,Suspicious high-value payment disputed by customer.,Rejected,Medium,Email
CBK0001762,TXN00011289,False,USR14871,MCH4080,2026-02-19 00:00:00,2026-02-27 00:00:00,2026-03-22 04:25:49,8.0,23.18459490740741,False,1035.0,False,Item/Service Not Delivered,item not received,User reports money deducted but merchant denies receiving payment.,In Progress,High,Branch
CBK0002235,TXN00009348,False,USR81487,MCH6056,2026-03-17 00:00:00,2026-05-01 00:00:00,,45.0,,False,2309.36,False,Duplicate Debit,double debit,CUSTOMER SAYS AMOUNT WAS DEBITED TWICE.,In Progress,Low,Chatbot
CBK0002010,TXN00008590,False,USR58106,MCH9878,2026-02-01 00:00:00,2026-02-06 00:00:00,2026-03-04 16:37:00,5.0,26.69236111111111,False,2830.0,False,Other/Unclassified,incorrect amount,User claims account was compromised before transaction.,Open,Medium,Email
CBK0000737,TXN00008826,False,USR85122,MCH9786,2026-01-14 00:00:00,2026-01-24 00:00:00,,10.0,,False,1347.43,False,Account Takeover / Unauthorized,login compromised,Complaint received after multiple failed attempts.,Open,Low,Email
CBK0000664,TXN00014659,False,USR74769,MCH9010,2026-03-12 13:53:38,2026-03-15 22:53:00,2026-03-21 00:00:00,3.374560185185185,5.0465277777777775,False,1093.6,False,Account Takeover / Unauthorized,Unauthorized Transaction,suspicious high-value payment disputed by customer.,Open,Critical,App
CBK0000851,TXN00015265,False,USR52830,MCH1188,2026-02-01 00:00:00,2026-02-05 00:00:00,2026-02-18 00:00:00,4.0,13.0,False,9117.57,False,Other/Unclassified,scam,User says UPI PIN was not entered by them.,Closed,Medium,IVR
CBK0000110,TXN00005150,False,USR19275,MCH7578,2026-01-03 00:00:00,2026-01-01 00:00:00,2026-01-20 18:56:14,-2.0,19.789050925925928,True,2477.97,False,Account Takeover / Unauthorized,account hacked,Customer complaint text unclear due to poor call center notes.,Rejected,Medium,Call Center
CBK0001293,TXN00010530,False,USR99535,MCH4181,2026-03-21 18:14:15,2026-03-24 20:14:15,2026-04-21 00:00:00,3.0833333333333335,27.156770833333333,False,7652.76,False,Duplicate Debit,DUP_DEBIT,User claims account was compromised before transaction.,Pending Bank,Medium,App
CBK0000576,TXN00019045,False,USR84127,MCH4763,2026-02-13 00:00:00,2026-02-16 00:00:00,2026-02-21 00:00:00,3.0,5.0,False,4841.06,False,Account Takeover / Unauthorized,unauthorized_transaction,customer complaint text unclear due to poor call center notes.,Pending Bank,Medium,Branch
CBK0000049,TXN00009231,False,USR41135,MCH3165,2026-03-11 00:00:00,,2026-04-18 00:00:00,,,False,669.96,False,Other/Unclassified,scam,Customer complaint text unclear due to poor call center notes.,In Progress,Low,Branch
CBK0000824,TXN78658,False,USR57147,MCH4226,2026-02-18 00:00:00,2026-03-01 00:00:00,2026-03-25 00:00:00,11.0,24.0,False,2283.69,False,Amount Mismatch,extra amount deducted,User says UPI PIN was not entered by them.,Closed,Critical,IVR
CBK0001104,TXN00007230,False,USR60004,MCH8097,2026-03-21 00:00:00,2026-03-22 00:00:00,,1.0,,False,4334.18,False,Other/Unclassified,scam,Suspicious high-value payment disputed by customer.,Resolved,Critical,App
CBK0002486,TXN00007604,False,USR66432,MCH6076,2026-02-14 20:40:00,2026-02-20 00:00:00,2026-03-22 18:40:38,5.138888888888889,30.778217592592593,False,440.35,False,Item/Service Not Delivered,delivery issue,Merchant service was not delivered after payment.,Open,Medium,Chatbot
CBK0001451,TXN00003075,False,USR13134,MCH6033,2026-01-19 00:00:00,2026-02-03 00:00:00,2026-02-12 00:00:00,15.0,9.0,False,2267.96,False,Amount Mismatch,extra amount deducted,User claims account was compromised before transaction.,Open,Low,Email
CBK0000342,TXN00004782,False,USR30157,MCH5825,2026-01-23 00:00:00,2026-01-26 00:00:00,2026-02-07 00:00:00,3.0,12.0,False,779.81,False,General Complaint / Dispute,customer issue,Customer complaint text unclear due to poor call center notes.,Rejected,Medium,Call Center
CBK0001183,TXN00017897,False,USR88749,MCH7263,2026-01-25 00:00:00,2026-01-27 22:56:59,2026-02-17 22:56:00,2.956238425925926,20.99931712962963,False,1234.0,False,General Complaint / Dispute,dispute raised,Customer complaint text unclear due to poor call center notes.,Resolved,Medium,Branch
CBK0000632,TXN00016316,False,USR44482,MCH7297,2026-01-10 00:00:00,2026-01-13 00:00:00,2026-01-27 00:00:00,3.0,14.0,False,5742.0,False,General Complaint / Dispute,dispute raised,User says UPI PIN was not entered by them.,Resolved,Low,Call Center
CBK0000170,TXN00016286,False,USR62841,MCH6175,2026-01-26 00:00:00,,,,,False,800.41,False,Account Takeover / Unauthorized,unauthorized_transaction,customer says transaction was not authorized.,In Progress,Medium,IVR
CBK0002539,TXN00001614,False,USR85040,MCH7599,2026-02-02 01:33:00,2026-02-04 00:00:00,,1.9354166666666666,,False,13495.0,False,Item/Service Not Delivered,merchant service issue,customer says amount was debited twice.,Pending Bank,Low,IVR
CBK0000426,TXN00001222,False,USR40061,MCH7377,2026-01-13 00:00:00,2026-02-13 02:39:13,,31.11056712962963,,False,10359.87,False,Other/Unclassified,service failed,User reports money deducted but merchant denies receiving payment.,Open,Medium,Email
CBK0001702,TXN00003610,False,USR66677,MCH8953,2026-01-30 00:00:00,2026-02-03 00:00:00,2026-02-04 00:00:00,4.0,1.0,False,6753.79,False,Duplicate Debit,DUP_DEBIT,MERCHANT SERVICE WAS NOT DELIVERED AFTER PAYMENT.,Closed,Low,IVR
CBK0001445,TXN00003088,False,USR27045,MCH4407,2026-01-13 00:00:00,2026-01-16 00:00:00,2026-02-10 00:00:00,3.0,25.0,False,1019.25,False,Other/Unclassified,Fraud Suspected,User says UPI PIN was not entered by them.,Open,Medium,App
CBK0001009,TXN00016326,False,USR34963,MCH9568,2026-03-13 00:00:00,2026-03-15 00:00:00,2026-04-12 00:00:00,2.0,28.0,False,905.23,False,Other/Unclassified,incorrect amount,user claims account was compromised before transaction.,In Progress,Low,Chatbot
CBK0001805,TXN00007244,False,USR76141,MCH3777,2026-03-25 00:00:00,2026-03-27 22:50:39,2026-04-19 00:00:00,2.951840277777778,22.048159722222223,False,3040.89,False,Account Takeover / Unauthorized,Account Takeover,User claims account was compromised before transaction.,In Progress,High,Chatbot
CBK0000529,TXN00016687,False,USR79572,MCH6500,2026-01-10 12:15:27,2026-01-11 00:00:00,,0.4892708333333333,,False,15660.34,False,Item/Service Not Delivered,Merchant Not Delivered,User reports money deducted but merchant denies receiving payment.,Closed,Medium,IVR
CBK0000379,TXN00005013,False,USR11871,MCH1785,2026-02-09 22:37:06,2026-02-12 17:37:06,2026-03-10 00:00:00,2.7916666666666665,25.26590277777778,False,1946.17,False,Amount Mismatch,Wrong Amount,User claims account was compromised before transaction.,Open,Low,App
CBK0000912,TXN00017717,False,USR72474,MCH8508,2026-02-19 00:00:00,2026-02-21 00:00:00,2026-03-11 00:00:00,2.0,18.0,False,24414.54,False,Other/Unclassified,suspicious transaction,Complaint received after multiple failed attempts.,Open,Low,Email
CBK0001254,TXN00015085,False,USR72505,MCH4244,2026-03-23 07:03:00,2026-03-26 22:03:00,,3.625,,False,3569.92,False,Duplicate Debit,charged twice,COMPLAINT RECEIVED AFTER MULTIPLE FAILED ATTEMPTS.,Open,Low,Branch
CBK0002691,TXN00002791,False,USR22598,MCH2822,2026-01-27 20:56:14,2026-02-11 00:00:00,2026-02-23 20:56:14,14.12761574074074,12.87238425925926,False,15201.89,False,Other/Unclassified,service failed,Customer says transaction was not authorized.,Open,Critical,IVR
CBK0001724,TXN00001257,False,USR18577,MCH5237,2026-02-06 00:00:00,2026-02-07 03:04:41,2026-03-01 00:00:00,1.128252314814815,21.871747685185184,False,2576.33,False,Other/Unclassified,Fraud Suspected,customer says transaction was not authorized.,Closed,Low,IVR
CBK0000103,TXN00008797,False,USR69455,MCH2902,2026-03-29 03:22:50,2026-03-31 00:00:00,2026-04-02 00:00:00,1.8591435185185186,2.0,False,980.58,False,Account Takeover / Unauthorized,account hacked,User says UPI PIN was not entered by them.,Pending Bank,Medium,IVR
CBK0002091,TXN00006681,False,USR26140,MCH5655,2026-01-27 00:00:00,2026-01-28 00:00:00,2026-02-24 00:00:00,1.0,27.0,False,946.45,False,Account Takeover / Unauthorized,Account Takeover,Merchant service was not delivered after payment. NA,Rejected,Medium,IVR
CBK0000528,TXN00003808,False,USR46923,MCH2685,2026-02-19 14:29:00,2026-02-22 00:00:00,,2.3965277777777776,,False,476.92,False,Duplicate Debit,double debit,PAYMENT MADE TO UNKNOWN MERCHANT AS PER CUSTOMER STATEMENT.,Closed,Critical,IVR
CBK0001132,TXN00019555,False,USR87956,MCH5062,2026-01-24 13:53:56,2026-01-26 00:00:00,2026-02-02 00:00:00,1.4208796296296295,7.0,False,15606.92,False,Amount Mismatch,amount mismatch,User claims account was compromised before transaction.,In Progress,Low,IVR
CBK0002429,TXN00015653,False,USR50125,MCH2266,2026-03-31 00:00:00,2026-04-01 00:00:00,2026-04-25 00:00:00,1.0,24.0,False,3491.1,False,Duplicate Debit,Duplicate Debit,Suspicious high-value payment disputed by customer.,Closed,Medium,Chatbot
CBK0000574,TXN00011825,False,USR78873,MCH9713,2026-01-26 18:02:00,2026-03-12 00:00:00,2026-03-17 00:00:00,44.24861111111111,5.0,False,3123.85,False,Duplicate Debit,charged twice,Complaint received after multiple failed attempts.,In Progress,Low,Email
CBK0000250,TXN00002574,False,USR73010,MCH1320,2026-02-25 03:11:33,2026-03-02 00:00:00,2026-03-07 09:11:33,4.866979166666667,5.383020833333333,False,660.0,False,Item/Service Not Delivered,not delivered,suspicious high-value payment disputed by customer.,Open,Low,IVR
CBK0000011,TXN00006805,False,USR14951,MCH5380,2026-02-20 00:00:00,2026-02-22 00:00:00,2026-03-01 00:00:00,2.0,7.0,False,1087.14,False,Amount Mismatch,Wrong Amount,SUSPICIOUS HIGH-VALUE PAYMENT DISPUTED BY CUSTOMER.,Closed,Medium,IVR
CBK0000817,TXN00002301,False,USR71836,MCH3815,2026-02-05 00:00:00,2026-02-21 00:00:00,2026-03-07 12:29:12,16.0,14.520277777777778,False,769.17,False,Account Takeover / Unauthorized,account hacked,Payment made to unknown merchant as per customer statement.,Open,Low,App
CBK0000858,TXN00015040,False,USR95176,MCH1146,2026-03-29 00:00:00,,,,,False,1568.41,False,Amount Mismatch,amount mismatch,Customer says amount was debited twice.,Pending Bank,Low,Email
CBK0002327,TXN00011877,False,USR69584,MCH5183,2026-03-06 00:00:00,2026-03-06 21:56:02,2026-03-22 00:00:00,0.913912037037037,15.086087962962964,False,728.14,False,Other/Unclassified,unauth txn,Customer says transaction was not authorized.,Open,Medium,IVR
CBK0000857,TXN00018599,False,USR52095,MCH3652,2026-03-19 00:00:00,2026-03-25 04:34:33,,6.190659722222223,,False,576.0,False,General Complaint / Dispute,customer issue,User claims account was compromised before transaction.,Closed,Medium,Email
CBK0000588,TXN00003990,False,USR48652,MCH5552,2026-02-13 00:00:00,2026-02-19 00:00:00,2026-02-26 00:00:00,6.0,7.0,False,702.0,False,Item/Service Not Delivered,delivery issue,Customer complaint text unclear due to poor call center notes.,Rejected,Low,App
CBK0001788,TXN00016160,False,USR74134,MCH4181,2026-01-25 00:00:00,2026-02-05 04:45:43,2026-02-11 04:45:00,11.198414351851852,5.999502314814815,False,604.17,False,Duplicate Debit,DUP_DEBIT,User says UPI PIN was not entered by them.,Closed,Medium,IVR
CBK0001324,TXN00002901,False,USR43702,MCH2167,2026-03-19 00:00:00,2026-03-29 00:00:00,,10.0,,False,668.0,False,Other/Unclassified,FRAUD,Suspicious high-value payment disputed by customer.,Open,Medium,Chatbot
CBK0001579,TXN00013935,False,USR67399,MCH5294,2026-01-30 00:00:00,,2026-02-23 00:00:00,,,False,1513.85,False,Other/Unclassified,incorrect amount,User reports money deducted but merchant denies receiving payment.,Pending Bank,Low,App
CBK0000917,TXN00010215,False,USR71348,MCH2938,2026-01-22 00:00:00,2026-02-01 23:51:18,2026-02-28 00:00:00,10.993958333333333,26.00604166666667,False,6899.7,False,Item/Service Not Delivered,delivery issue,User says UPI PIN was not entered by them.,Pending Bank,Medium,Chatbot
CBK0001073,TXN00004089,False,USR33934,MCH1529,2026-01-25 00:00:00,2026-01-30 16:41:27,2026-02-12 00:00:00,5.6954513888888885,12.30454861111111,False,493.48,False,General Complaint / Dispute,dispute raised,Merchant service was not delivered after payment.,Resolved,Low,Call Center
CBK0001362,TXN00003264,False,USR32927,MCH3566,2026-02-25 05:34:00,2026-02-28 00:00:00,2026-03-11 00:34:58,2.7680555555555557,11.024282407407407,False,1771.56,False,Item/Service Not Delivered,not delivered,User says UPI PIN was not entered by them.,In Progress,High,Email
CBK0000530,TXN00013623,False,USR83977,MCH7491,2026-03-23 13:39:00,2026-03-25 00:00:00,2026-04-01 00:00:00,1.43125,7.0,False,5881.5,False,Duplicate Debit,Duplicate Debit,Customer complaint text unclear due to poor call center notes.,Rejected,High,Chatbot
CBK0002402,TXN00015883,False,USR71704,MCH9745,2026-01-08 00:00:00,2026-01-19 00:00:00,,11.0,,False,2183.47,False,Item/Service Not Delivered,no service,Suspicious high-value payment disputed by customer.,Closed,Medium,Call Center
CBK0002493,TXN00014670,False,USR79511,MCH9179,2026-03-13 00:00:00,2026-03-19 00:00:00,2026-04-17 00:00:00,6.0,29.0,False,1969.23,False,Other/Unclassified,unauth txn,Merchant service was not delivered after payment.,In Progress,Medium,IVR
CBK0001694,TXN51122,False,USR46938,MCH9841,2026-03-02 00:00:00,2026-03-18 00:00:00,2026-03-25 00:00:00,16.0,7.0,False,348.47,False,Amount Mismatch,Wrong Amount,Customer says amount was debited twice.,Rejected,Low,Email
CBK0002518,TXN00001703,False,USR36969,MCH3491,2026-03-13 00:00:00,2026-03-19 00:00:00,,6.0,,False,1926.45,False,Item/Service Not Delivered,not delivered,User reports money deducted but merchant denies receiving payment.,In Progress,Medium,Email
CBK0001048,TXN00006989,False,USR32480,MCH4181,2026-03-31 00:00:00,2026-04-02 00:00:00,2026-04-27 00:00:00,2.0,25.0,False,1796.19,False,Other/Unclassified,FRAUD,Suspicious high-value payment disputed by customer.,Pending Bank,Medium,IVR
CBK0000954,TXN00009961,False,USR59679,MCH7079,2026-03-14 09:02:40,2026-03-16 00:00:00,2026-04-12 00:00:00,1.6231481481481482,27.0,False,983.39,False,General Complaint / Dispute,Customer Dispute,Merchant service was not delivered after payment.,Pending Bank,Low,IVR
CBK0001597,TXN00014374,False,USR80134,MCH4854,2026-02-06 00:00:00,2026-02-06 00:00:00,,0.0,,False,1445.01,False,Other/Unclassified,unauth txn,Complaint received after multiple failed attempts.,Resolved,Low,Branch
CBK0000953,TXN00011579,False,USR13025,MCH7570,2026-03-02 00:00:00,2026-03-18 00:00:00,2026-04-13 00:00:00,16.0,26.0,False,4186.0,False,Item/Service Not Delivered,merchant service issue,User claims account was compromised before transaction.,Closed,Critical,Chatbot
CBK0001862,TXN00015119,False,USR29393,MCH2677,2026-01-29 00:00:00,,2026-02-25 00:00:00,,,False,2069.0,False,Item/Service Not Delivered,not delivered,Customer says transaction was not authorized.,Rejected,Low,Chatbot
CBK0001638,TXN00016806,False,USR90476,MCH2266,2026-01-23 00:00:00,2026-01-23 08:43:25,2026-02-11 00:00:00,0.3634837962962963,18.636516203703703,False,754.9,False,Item/Service Not Delivered,no service,Suspicious high-value payment disputed by customer.,Closed,Medium,Call Center
CBK0000871,TXN00014130,False,USR50013,MCH3815,2026-02-24 14:55:00,2026-03-02 00:00:00,2026-03-04 00:00:00,5.378472222222222,2.0,False,6351.69,False,Other/Unclassified,suspicious transaction,Customer says transaction was not authorized.,Pending Bank,Medium,Chatbot
CBK0000725,TXN00001816,False,USR77595,MCH4624,2026-02-03 00:00:00,2026-02-05 00:11:27,2026-02-15 00:00:00,2.007951388888889,9.99204861111111,False,506.82,False,Other/Unclassified,fraud,Customer says transaction was not authorized.,Resolved,High,Chatbot
CBK0001230,TXN00015088,False,USR49696,MCH6914,2026-01-10 11:58:51,2026-01-18 00:00:00,2026-02-05 00:00:00,7.500798611111111,18.0,False,590.13,False,Item/Service Not Delivered,item not received,user reports money deducted but merchant denies receiving payment.,Resolved,Low,Call Center
CBK0002252,TXN00018705,False,USR30837,MCH4857,2026-02-13 09:40:00,2026-02-18 00:00:00,2026-02-19 00:00:00,4.597222222222222,1.0,False,325.69,False,General Complaint / Dispute,dispute raised,Customer says amount was debited twice.,Pending Bank,Low,Email
CBK0000025,TXN00018011,False,USR73468,MCH3488,2026-01-18 21:37:05,2026-01-20 00:00:00,2026-02-12 00:00:00,1.0992476851851851,23.0,False,376.33,False,General Complaint / Dispute,Customer Dispute,COMPLAINT RECEIVED AFTER MULTIPLE FAILED ATTEMPTS.,Rejected,High,IVR
CBK0000268,TXN00000069,False,USR16371,MCH5588,2026-03-21 00:00:00,2026-03-20 00:00:00,2026-03-20 10:09:00,-1.0,0.42291666666666666,True,985.19,False,Amount Mismatch,extra amount deducted,Merchant service was not delivered after payment.,Pending Bank,Critical,Email
CBK0002524,TXN00010461,False,USR72734,MCH2390,2026-03-14 02:52:00,,,,,False,300.44,False,Amount Mismatch,extra amount deducted,Suspicious high-value payment disputed by customer.,Open,Low,IVR
CBK0000699,TXN35789,False,USR17657,MCH1670,2026-03-06 00:00:00,2026-03-08 00:00:00,,2.0,,False,1813.99,False,Duplicate Debit,double debit,Suspicious high-value payment disputed by customer.,Resolved,Low,Chatbot
CBK0001901,TXN00014122,False,USR98061,MCH7055,2026-02-28 00:00:00,2026-03-15 16:03:17,2026-04-11 16:03:17,15.66894675925926,27.0,False,440.57,False,General Complaint / Dispute,customer issue,CUSTOMER SAYS TRANSACTION WAS NOT AUTHORIZED.,Resolved,Medium,Call Center
CBK0002295,TXN00011080,False,USR86500,MCH1485,2026-03-27 00:15:00,2026-03-28 00:00:00,2026-04-25 13:15:25,0.9895833333333334,28.552372685185187,False,3444.75,False,Item/Service Not Delivered,no service,Merchant service was not delivered after payment.,Resolved,Medium,Chatbot
CBK0002043,TXN00009451,False,USR14683,MCH5344,2026-02-26 19:22:00,2026-03-06 01:22:00,,7.25,,False,3711.97,False,General Complaint / Dispute,Customer Dispute,CUSTOMER SAYS TRANSACTION WAS NOT AUTHORIZED.,Pending Bank,Medium,Chatbot
CBK0002151,TXN00009818,False,USR97580,MCH2800,2026-01-16 07:14:35,2026-01-17 00:00:00,,0.6982060185185185,,False,2614.31,False,Account Takeover / Unauthorized,not done by me,User claims account was compromised before transaction. NA,In Progress,Medium,Chatbot
CBK0002006,TXN00008821,False,USR51720,MCH8701,2026-02-21 00:00:00,2026-03-24 00:00:00,2026-04-04 00:00:00,31.0,11.0,False,2136.49,False,Other/Unclassified,Fraud Suspected,complaint received after multiple failed attempts.,In Progress,Low,Branch
CBK0001917,TXN00019782,False,USR15741,MCH5222,2026-01-26 00:00:00,2026-01-28 00:00:00,2026-02-19 00:43:29,2.0,22.03019675925926,False,2150.18,False,Item/Service Not Delivered,delivery issue,Customer says amount was debited twice.,Rejected,Medium,IVR
CBK0000802,TXN00019956,False,USR41434,MCH1767,2026-03-06 00:28:00,2026-03-09 00:00:00,,2.9805555555555556,,False,503.49,False,Item/Service Not Delivered,no service,User claims account was compromised before transaction.,Pending Bank,Low,IVR
CBK0000255,TXN00008054,False,USR91954,MCH2417,2026-03-22 00:00:00,2026-03-24 11:29:00,2026-04-07 00:00:00,2.4784722222222224,13.521527777777777,False,472.22,False,Duplicate Debit,Duplicate Debit,suspicious high-value payment disputed by customer.,Rejected,Medium,Branch
CBK0001514,TXN00017992,False,USR36766,MCH3815,2026-02-12 00:00:00,,2026-02-25 00:00:00,,,False,1134.77,False,Other/Unclassified,incorrect amount,Customer says amount was debited twice.,Rejected,Low,Chatbot
CBK0001913,TXN00010478,False,USR46902,MCH9912,2026-03-16 00:00:00,2026-03-13 00:00:00,2026-03-31 00:00:00,-3.0,18.0,True,2872.74,False,Account Takeover / Unauthorized,account hacked,suspicious high-value payment disputed by customer.,In Progress,Medium,Email
CBK0002636,TXN00019539,False,USR51854,MCH1037,2026-03-10 00:00:00,2026-03-12 00:00:00,,2.0,,False,671.14,False,General Complaint / Dispute,dispute raised,Complaint received after multiple failed attempts.,Pending Bank,Low,Branch
CBK0002471,TXN00004346,False,USR67181,MCH1914,2026-01-27 00:00:00,2026-02-02 03:10:00,,6.131944444444445,,False,2582.05,False,Other/Unclassified,fraud,Suspicious high-value payment disputed by customer.,Rejected,Low,Call Center
CBK0000098,TXN00003777,False,USR36855,MCH7866,2026-01-12 00:00:00,2026-01-14 00:00:00,2026-01-17 20:23:00,2.0,3.8493055555555555,False,177.16,False,Item/Service Not Delivered,item not received,Customer complaint text unclear due to poor call center notes.,Pending Bank,Medium,App
CBK0001910,TXN00015728,False,USR83310,MCH3536,2026-01-24 00:00:00,2026-01-28 00:00:00,2026-02-06 18:00:46,4.0,9.750532407407407,False,791.9,False,Other/Unclassified,Fraud Suspected,Customer complaint text unclear due to poor call center notes.,Rejected,Low,Email
CBK0002742,TXN00015781,False,USR70003,MCH5954,2026-02-10 00:00:00,2026-02-20 00:00:00,2026-03-15 04:14:07,10.0,23.17646990740741,False,3126.09,False,Account Takeover / Unauthorized,Account Takeover,User says UPI PIN was not entered by them.,In Progress,Medium,App
CBK0002631,TXN00010422,False,USR63280,MCH9480,2026-03-21 00:00:00,2026-03-16 00:00:00,2026-04-15 00:00:00,-5.0,30.0,True,2144.03,False,Other/Unclassified,FRAUD,Payment made to unknown merchant as per customer statement.,Rejected,Medium,IVR
CBK0001400,TXN00013909,False,USR85655,MCH5170,2026-03-14 09:46:00,2026-03-14 13:46:00,,0.16666666666666666,,False,836.05,False,Account Takeover / Unauthorized,ATO,Merchant service was not delivered after payment.,Rejected,High,Call Center
CBK0000680,TXN00006440,False,USR32302,MCH2383,2026-03-11 00:00:00,2026-03-16 23:47:02,2026-03-17 00:00:00,5.990995370370371,0.00900462962962963,False,6058.0,False,Amount Mismatch,amount mismatch,Payment made to unknown merchant as per customer statement.,Open,Low,App
CBK0001419,TXN00003304,False,USR91108,MCH2574,2026-01-07 00:00:00,2026-01-11 00:00:00,2026-02-06 00:00:00,4.0,26.0,False,6448.11,False,Account Takeover / Unauthorized,login compromised,Payment made to unknown merchant as per cust statement.,Closed,Medium,Branch
CBK0000649,TXN00019659,False,USR74992,MCH8779,2026-03-04 00:00:00,2026-03-10 00:00:00,2026-03-19 13:25:24,6.0,9.559305555555556,False,2545.52,False,Item/Service Not Delivered,no service,Payment made to unknown merchant as per cust statement.,Closed,Medium,IVR
CBK0000144,TXN00006125,False,USR91671,MCH4943,2026-03-06 23:07:46,2026-03-12 00:00:00,2026-04-08 00:00:00,5.036273148148148,27.0,False,2573.59,False,Item/Service Not Delivered,no service,Merchant service was not delivered after payment. pls check asap,Closed,High,Chatbot
CBK0002720,TXN00010672,False,USR87829,MCH9344,2026-02-12 21:52:01,2026-02-14 00:00:00,2026-02-18 17:52:00,1.0888773148148148,4.7444444444444445,False,2072.0,False,Item/Service Not Delivered,item not received,Customer complaint text unclear due to poor call center notes.,Closed,Medium,Chatbot
CBK0002319,TXN00011383,False,USR79596,MCH3966,2026-03-22 00:00:00,2026-03-23 09:22:00,2026-04-13 09:22:44,1.3902777777777777,21.00050925925926,False,1933.11,False,Amount Mismatch,extra amount deducted,USER REPORTS MONEY DEDUCTED BUT MERCHANT DENIES RECEIVING PAYMENT.,Closed,Medium,Branch
CBK0002488,TXN00002926,False,USR83342,MCH8398,2026-02-17 14:21:10,2026-02-20 00:00:00,2026-03-15 11:21:00,2.4019675925925927,23.472916666666666,False,407.36,False,Account Takeover / Unauthorized,Account Takeover,Payment made to unknown merchant as per customer statement.,Closed,Critical,Branch
CBK0000143,TXN59408,False,USR34207,MCH9423,2026-03-20 00:00:00,2026-03-25 00:00:00,2026-04-20 00:00:00,5.0,26.0,False,8028.0,False,Account Takeover / Unauthorized,not done by me,Suspicious high-value payment disputed by cust.,Pending Bank,High,App
CBK0001374,TXN85698,False,USR29467,MCH4473,2026-01-20 20:07:30,2026-01-23 03:07:30,2026-02-15 00:00:00,2.2916666666666665,22.869791666666668,False,551.1,False,General Complaint / Dispute,dispute raised,complaint received after multiple failed attempts.,Pending Bank,High,IVR
CBK0000405,TXN00010731,False,USR66391,MCH4181,2026-02-26 18:04:00,2026-02-28 00:00:00,,1.2472222222222222,,False,1916.0,False,Other/Unclassified,scam,User reports money deducted but merchant denies receiving payment.,Resolved,Low,Chatbot
CBK0001489,TXN00014835,False,USR25333,MCH5151,2026-02-25 00:00:00,2026-02-28 08:34:00,,3.3569444444444443,,False,2565.94,False,Account Takeover / Unauthorized,unauthorized_transaction,Customer says amount was debited twice.,Pending Bank,Medium,IVR
CBK0000119,TXN79001,False,USR68410,MCH1820,2026-03-13 00:00:00,2026-03-15 00:00:00,,2.0,,False,5620.82,False,Other/Unclassified,Service Not Provided,User reports money deducted but merchant denies receiving payment.,Resolved,Low,Chatbot
CBK0001955,TXN00018686,False,USR46407,MCH5510,2026-01-11 17:40:36,2026-01-17 00:00:00,2026-01-30 00:00:00,5.263472222222222,13.0,False,530.01,False,Account Takeover / Unauthorized,unauthorized_transaction,Customer says transaction was not authorized.,Pending Bank,Medium,Chatbot
CBK0001279,TXN42287,False,USR83181,MCH2757,2026-02-24 00:00:00,2026-02-27 00:00:00,2026-03-12 00:00:00,3.0,13.0,False,1318.76,False,Account Takeover / Unauthorized,not done by me,User reports money deducted but merchant denies receiving payment.,Rejected,Medium,App
CBK0000253,TXN00009329,False,USR58076,MCH4388,2026-02-01 00:00:00,2026-02-02 00:00:00,2026-02-25 00:00:00,1.0,23.0,False,648.33,False,Duplicate Debit,DUP_DEBIT,payment made to unknown merchant as per customer statement.,Closed,Critical,App
CBK0000830,TXN00007939,False,USR55355,MCH2375,2026-01-13 00:00:00,,2026-01-24 00:00:00,,,False,976.66,False,Item/Service Not Delivered,not delivered,Customer says amount was debited twice.,Open,Medium,Branch
CBK0001417,TXN00014359,False,USR93454,MCH6178,2026-02-23 20:16:08,2026-03-02 00:00:00,2026-03-06 00:00:00,6.155462962962963,4.0,False,3642.0,False,Account Takeover / Unauthorized,Account Takeover,Payment made to unknown merchant as per customer statement.,Closed,Low,Chatbot
CBK0001043,TXN00017300,False,USR36485,MCH4326,2026-02-14 17:44:04,2026-02-16 00:00:00,,1.261064814814815,,False,2554.87,False,Duplicate Debit,Duplicate Debit,User says UPI PIN was not entered by them.,Pending Bank,High,Branch
CBK0001081,TXN00019947,False,USR35882,MCH7833,2026-01-05 00:00:00,2026-01-07 00:00:00,,2.0,,False,3167.22,False,Other/Unclassified,UNAUTHORISED,Customer says transaction was not authorized.,In Progress,Medium,Email
CBK0001780,TXN00012392,False,USR78095,MCH8798,2026-03-19 09:14:00,2026-03-22 00:00:00,,2.6152777777777776,,False,687.06,False,Other/Unclassified,scam,Customer says amount was debited twice.,In Progress,Medium,Email
CBK0002704,TXN00013438,False,USR19231,MCH9625,2026-01-05 00:00:00,2026-01-05 00:00:00,2026-01-15 00:00:00,0.0,10.0,False,532.41,False,Account Takeover / Unauthorized,ATO,Customer complaint text unclear due to poor call center notes.,Closed,Medium,Chatbot
CBK0001184,TXN00010902,False,USR62254,MCH4226,2026-03-03 00:00:00,2026-03-06 03:53:28,2026-04-01 00:00:00,3.1621296296296295,25.83787037037037,False,3801.16,False,General Complaint / Dispute,dispute raised,Complaint received after multiple failed attempts.,Rejected,Medium,App
CBK0001506,TXN00002381,False,USR81570,MCH3815,2026-02-04 00:00:00,2026-02-07 00:00:00,,3.0,,False,3182.0,False,Account Takeover / Unauthorized,Account Takeover,Customer says transaction was not authorized.,In Progress,Medium,Chatbot
CBK0000304,TXN00013266,False,USR84318,MCH5916,2026-02-22 00:00:00,2026-02-28 00:00:00,2026-03-08 00:00:00,6.0,8.0,False,6391.92,False,Item/Service Not Delivered,merchant service issue,Complaint received after multiple failed attempts.,Pending Bank,Medium,Email
CBK0002738,TXN00000947,False,USR89588,MCH2960,2026-02-13 08:30:44,2026-02-13 11:30:44,2026-02-18 11:30:44,0.125,5.0,False,2075.0,False,Account Takeover / Unauthorized,not done by me,Customer says amount was debited twice.,Resolved,Medium,Email
CBK0001649,TXN00018989,False,USR90653,MCH2436,2026-03-30 02:11:00,2026-04-02 00:00:00,,2.9090277777777778,,False,2703.0,False,Duplicate Debit,double debit,Merchant service was not delivered after payment.,Pending Bank,High,Chatbot
CBK0000744,TXN00001703,False,USR53423,MCH6565,2026-01-05 14:34:29,,2026-01-19 00:00:00,,,False,2240.0,False,Duplicate Debit,DUP_DEBIT,User says UPI PIN was not entered by them.,Resolved,Medium,Email
CBK0000564,TXN00005945,False,USR21384,MCH1809,2026-02-03 00:00:00,2026-02-04 00:00:00,2026-02-04 00:00:00,1.0,0.0,False,848.15,False,Item/Service Not Delivered,delivery issue,User reports money deducted but merchant denies receiving payment.,In Progress,High,Email
CBK0000832,TXN00014106,False,USR26145,MCH1012,2026-01-21 23:25:00,2026-01-31 23:25:00,2026-02-27 00:00:00,10.0,26.024305555555557,False,1547.17,False,Other/Unclassified,UNAUTHORISED,Complaint received after multiple failed attempts.,Open,Low,Call Center
CBK0002506,TXN00002955,False,USR68934,MCH7020,2026-03-28 00:00:00,2026-04-28 00:00:00,,31.0,,False,4857.63,False,Account Takeover / Unauthorized,Unauthorized Transaction,Suspicious high-value payment disputed by customer.,Resolved,Low,IVR
CBK0001195,TXN00001271,False,USR48486,MCH5327,2026-01-21 00:00:00,2026-01-23 00:00:00,2026-02-19 00:00:00,2.0,27.0,False,1190.0,False,Item/Service Not Delivered,item not received,Merchant service was not delivered after payment.,Pending Bank,Medium,Call Center
CBK0002776,TXN00013127,False,USR40874,MCH5212,2026-03-19 00:00:00,2026-03-21 14:17:37,,2.5955671296296297,,False,1935.98,False,Account Takeover / Unauthorized,ATO,Customer says transaction was not authorized.,Open,High,Chatbot
CBK0002474,TXN00014618,False,USR24726,MCH2638,2026-02-18 00:00:00,2026-02-20 05:43:41,2026-03-07 00:00:00,2.2386689814814815,14.761331018518518,False,1047.67,False,Other/Unclassified,UNAUTHORISED,Suspicious high-value payment disputed by customer.,Rejected,Medium,Branch
CBK0000919,TXN00004956,False,USR26890,MCH9891,2026-03-15 09:36:34,2026-03-18 00:00:00,2026-03-22 19:36:34,2.5996064814814814,4.817060185185185,False,1752.77,False,Other/Unclassified,suspicious transaction,merchant service was not delivered after payment.,Rejected,Medium,IVR
CBK0001721,TXN00013741,False,USR65211,MCH5954,2026-02-08 00:00:00,2026-02-14 00:34:00,2026-03-11 00:34:00,6.023611111111111,25.0,False,1756.23,False,Item/Service Not Delivered,Merchant Not Delivered,Complaint received after multiple failed attempts.,Closed,High,Branch
CBK0001928,TXN00018064,False,USR85507,MCH2857,2026-01-02 01:25:56,2026-01-09 05:25:00,2026-01-30 00:00:00,7.166018518518518,20.774305555555557,False,590.0,False,General Complaint / Dispute,complaint,Customer says transaction was not authorized.,Resolved,Medium,Email
CBK0001918,TXN00006549,False,USR90740,MCH2943,2026-02-05 01:21:00,2026-02-10 00:00:00,2026-03-02 00:00:00,4.94375,20.0,False,905.53,False,General Complaint / Dispute,complaint,User says UPI PIN was not entered by them.,Rejected,Low,IVR
CBK0002421,TXN00008235,False,USR71538,MCH4564,2026-03-24 15:27:52,2026-03-26 00:00:00,2026-04-07 16:27:00,1.3556481481481482,12.685416666666667,False,1302.0,False,General Complaint / Dispute,Customer Dispute,Customer complaint text unclear due to poor call center notes. call dropped,Rejected,Medium,Branch
CBK0001306,TXN00000143,False,USR63816,MCH4399,2026-03-15 00:00:00,2026-03-26 08:39:16,2026-04-07 00:00:00,11.360601851851852,11.639398148148148,False,449.0,False,Amount Mismatch,extra amount deducted,User says UPI PIN was not entered by them.,Pending Bank,Medium,Call Center
CBK0001563,TXN00004035,False,USR38725,MCH4473,2026-01-08 04:46:00,2026-01-13 00:00:00,2026-02-08 00:00:00,4.801388888888889,26.0,False,4064.18,False,Duplicate Debit,charged twice,User claims account was compromised before transaction.,Closed,Medium,IVR
CBK0001769,TXN00001679,False,USR43379,MCH9176,2026-02-21 00:00:00,2026-02-24 11:40:00,2026-03-06 00:00:00,3.486111111111111,9.51388888888889,False,3976.0,False,General Complaint / Dispute,customer issue,Suspicious high-value payment disputed by customer.,Resolved,Medium,Chatbot
CBK0001473,TXN00001160,False,USR20984,MCH6953,2026-01-02 00:00:00,2026-01-02 00:00:00,2026-01-11 00:00:00,0.0,9.0,False,2273.54,False,Duplicate Debit,charged twice,customer complaint text unclear due to poor call center notes.,Pending Bank,Low,Email
CBK0002203,TXN00005966,False,USR98685,MCH9257,2026-02-22 00:00:00,2026-02-27 10:29:49,2026-03-29 00:00:00,5.437372685185185,29.562627314814815,False,8500.66,False,Account Takeover / Unauthorized,ATO,Customer says transaction was not authorized. details missing,Resolved,Medium,Email
CBK0001924,TXN00005199,False,USR42019,MCH3162,2026-01-09 08:32:40,2026-01-11 00:00:00,2026-01-12 21:32:00,1.6439814814814815,1.8972222222222221,False,2351.11,False,Account Takeover / Unauthorized,unauthorized_transaction,payment made to unknown merchant as per customer statement.,Resolved,Low,IVR
CBK0001652,TXN00018423,False,USR89267,MCH7879,2026-02-03 00:00:00,2026-02-08 16:45:00,2026-02-20 00:00:00,5.697916666666667,11.302083333333334,False,1074.0,False,Item/Service Not Delivered,merchant service issue,User reports money deducted but merchant denies receiving payment.,In Progress,High,IVR
CBK0002698,TXN00019768,False,USR65106,MCH2472,2026-03-29 00:00:00,2026-03-31 00:00:00,2026-04-23 16:54:00,2.0,23.704166666666666,False,537.48,False,Other/Unclassified,UNAUTHORISED,User claims account was compromised before transaction.,Resolved,High,Branch
CBK0001574,TXN00019043,False,USR90528,MCH6885,2026-01-17 00:00:00,2026-01-22 23:10:00,2026-02-10 00:00:00,5.965277777777778,18.03472222222222,False,215.0,False,Other/Unclassified,FRAUD,user reports money deducted but merchant denies receiving payment.,Pending Bank,High,Branch
CBK0002394,TXN00001169,False,USR60198,MCH6518,2026-02-27 00:00:00,2026-03-03 00:00:00,2026-03-16 00:00:00,4.0,13.0,False,10453.78,False,Amount Mismatch,extra amount deducted,Customer says transaction was not authorized.,In Progress,Medium,Chatbot
CBK0002747,TXN00010095,False,USR18347,MCH9442,2026-03-24 00:00:00,,2026-03-30 00:00:00,,,False,1820.01,False,Duplicate Debit,Duplicate Debit,Merchant service was not delivered after payment.,Resolved,Low,Email
CBK0000149,TXN00015300,False,USR25559,MCH8125,2026-03-24 00:00:00,,,,,False,753.9,False,Account Takeover / Unauthorized,account hacked,Merchant service was not delivered after payment.,In Progress,Medium,App
CBK0002412,TXN00003020,False,USR96958,MCH8779,2026-03-14 00:00:00,2026-03-17 00:00:00,2026-03-18 20:13:34,3.0,1.8427546296296295,False,2521.22,False,Duplicate Debit,DUP_DEBIT,User claims account was compromised before transaction.,Closed,Low,Email
CBK0000064,TXN00019898,False,USR48525,MCH5257,2026-03-13 04:30:00,2026-03-15 20:30:00,2026-04-03 20:30:01,2.6666666666666665,19.000011574074072,False,861.86,False,Amount Mismatch,amount mismatch,Suspicious high-value payment disputed by customer.,Closed,Medium,Email
CBK0000116,TXN00008116,False,USR77356,MCH8789,2026-02-13 00:00:00,2026-02-19 00:00:00,2026-03-16 00:00:00,6.0,25.0,False,841.93,False,Other/Unclassified,UNAUTHORISED,Suspicious high-value payment disputed by customer.,Closed,Low,IVR
CBK0000868,TXN00017012,False,USR26098,MCH2383,2026-02-07 23:22:53,2026-02-09 00:00:00,,1.025775462962963,,False,990.42,False,Other/Unclassified,service failed,customer says amount was debited twice.,Resolved,Medium,IVR
CBK0001686,TXN00003833,False,USR21384,MCH4729,2026-03-18 10:00:38,2026-03-22 00:00:00,2026-04-17 00:00:00,3.5828935185185187,26.0,False,1688.18,False,General Complaint / Dispute,Customer Dispute,Customer says transaction was not authorized.,Open,Medium,IVR
CBK0001893,TXN00018872,False,USR67363,MCH2594,2026-01-31 00:00:00,2026-02-02 00:00:00,,2.0,,False,4001.57,False,Other/Unclassified,unauth txn,User reports money deducted but merchant denies receiving payment.,Rejected,Medium,IVR
CBK0000139,TXN34566,False,USR29306,MCH4355,2026-01-13 06:24:38,2026-01-15 00:00:00,,1.7328935185185186,,False,2696.0,False,Duplicate Debit,DUP_DEBIT,User says UPI PIN was not entered by them.,Rejected,Low,IVR
CBK0001619,TXN00007989,False,USR21845,MCH1998,2026-02-17 00:00:00,2026-02-17 00:00:00,2026-02-23 22:05:00,0.0,6.920138888888889,False,1245.09,False,Amount Mismatch,amount mismatch,Customer complaint text unclear due to poor call center notes.,Closed,Medium,Chatbot
CBK0001907,TXN00014905,False,USR24536,MCH2714,2026-02-23 00:00:00,,2026-03-23 00:00:00,,,False,797.17,False,General Complaint / Dispute,complaint,Merchant service was not delivered after payment.,Open,Medium,App
CBK0000740,TXN00019738,False,USR22040,MCH1234,2026-03-20 00:00:00,2026-03-26 03:59:33,2026-04-07 03:59:33,6.166354166666666,12.0,False,584.74,False,Account Takeover / Unauthorized,Account Takeover,Merchant service was not delivered after payment.,Resolved,Low,Email
CBK0000477,TXN00001582,False,USR30157,MCH7030,2026-01-09 00:00:00,2026-01-10 00:00:00,2026-01-20 00:00:00,1.0,10.0,False,6740.29,False,Account Takeover / Unauthorized,account hacked,User says UPI PIN was not entered by them.,Closed,Medium,IVR
CBK0001708,TXN00009350,False,USR60818,MCH2906,2026-01-18 00:00:00,,2026-01-27 00:00:00,,,False,478.75,False,Amount Mismatch,amount mismatch,Customer says transaction was not authorized.,Resolved,Medium,Call Center
CBK0002293,TXN00004932,False,USR18205,MCH1981,2026-02-28 11:31:00,2026-02-24 00:00:00,,-4.479861111111111,,True,595.39,False,Other/Unclassified,Fraud Suspected,User reports money deducted but merchant denies receiving payment.,Rejected,Low,Branch
CBK0002048,TXN00015397,False,USR65030,MCH4270,2026-02-08 00:00:00,,2026-03-04 09:53:00,,,False,460.42,False,Account Takeover / Unauthorized,Account Takeover,User reports money deducted but merchant denies receiving payment. call dropped,Rejected,Critical,Branch
CBK0001513,TXN00000653,False,USR70889,MCH8076,2026-03-15 00:00:00,2026-03-19 00:00:00,2026-04-01 00:00:00,4.0,13.0,False,4308.0,False,Item/Service Not Delivered,not delivered,Customer says transaction was not authorized.,Pending Bank,Low,App
CBK0002326,TXN00005168,False,USR42079,MCH6628,2026-01-01 00:00:00,2026-01-02 00:00:00,2026-01-05 00:00:00,1.0,3.0,False,5074.67,False,Other/Unclassified,FRAUD,Customer complaint text unclear due to poor call center notes.,Resolved,High,Call Center
CBK0001321,TXN00019939,False,USR87558,MCH3588,2026-02-19 00:00:00,2026-02-20 00:00:00,2026-03-09 00:00:00,1.0,17.0,False,1954.14,False,Item/Service Not Delivered,Merchant Not Delivered,User claims account was compromised before transaction. call dropped,Resolved,Medium,Email
CBK0002307,TXN36574,False,USR15565,MCH4590,2026-02-08 00:00:00,2026-02-09 00:00:00,2026-02-15 12:46:00,1.0,6.531944444444444,False,676.79,False,Other/Unclassified,Fraud Suspected,USER REPORTS MONEY DEDUCTED BUT MERCHANT DENIES RECEIVING PAYMENT.,Resolved,Medium,Call Center
CBK0001365,TXN00011080,False,USR44053,MCH1613,2026-02-10 00:00:00,2026-02-17 00:00:00,2026-02-20 16:56:29,7.0,3.7058912037037035,False,1709.82,False,Item/Service Not Delivered,merchant service issue,User reports money deducted but merchant denies receiving payment. details missing,Rejected,Medium,App
CBK0000925,TXN00001097,False,USR67142,MCH4883,2026-02-14 15:47:00,2026-02-18 01:47:00,,3.4166666666666665,,False,4816.91,False,Item/Service Not Delivered,merchant service issue,Merchant service was not delivered after payment.,Resolved,Medium,IVR
CBK0002455,TXN00001275,False,USR69706,MCH5076,2026-01-20 00:00:00,2026-01-23 00:00:00,2026-02-17 00:00:00,3.0,25.0,False,2210.2,False,Duplicate Debit,Duplicate Debit,CUSTOMER SAYS AMOUNT WAS DEBITED TWICE.,Resolved,Low,IVR
CBK0002745,TXN00003727,False,USR54113,MCH7888,2026-03-12 20:17:03,2026-03-18 00:00:00,2026-03-29 11:17:03,5.154826388888889,11.470173611111111,False,1284.94,False,Amount Mismatch,Wrong Amount,Payment made to unknown merchant as per customer statement.,Rejected,Medium,IVR
CBK0001559,TXN00003513,False,USR15980,MCH9291,2026-03-13 00:00:00,2026-03-13 00:00:00,2026-04-05 00:00:00,0.0,23.0,False,754.13,False,Item/Service Not Delivered,merchant service issue,User says UPI PIN was not entered by them.,Resolved,Medium,Chatbot
CBK0001770,TXN00001025,False,USR97417,MCH7480,2026-02-24 23:35:00,2026-03-07 00:00:00,,10.01736111111111,,False,5150.06,False,Item/Service Not Delivered,delivery issue,Complaint received after multiple failed attempts.,Closed,Medium,IVR
CBK0001576,TXN00012979,False,USR85329,MCH1945,2026-01-07 00:00:00,2026-01-07 10:12:22,2026-01-08 00:00:00,0.4252546296296296,0.5747453703703703,False,21185.86,False,Other/Unclassified,FRAUD,Complaint received after multiple failed attempts.,Closed,Low,Chatbot
CBK0000234,TXN00001948,False,USR69297,MCH8977,2026-03-29 04:03:44,2026-03-30 00:00:00,2026-04-25 00:00:00,0.8307407407407408,26.0,False,8296.18,False,Amount Mismatch,Wrong Amount,Suspicious high-value payment disputed by customer.,Resolved,Low,IVR
CBK0000323,TXN00019162,False,USR85655,MCH7346,2026-03-03 02:18:00,2026-03-03 10:18:01,,0.3333449074074074,,False,2538.07,False,Duplicate Debit,charged twice,USER SAYS UPI PIN WAS NOT ENTERED BY THEM.,Pending Bank,Low,Branch
CBK0001115,TXN00018481,False,USR96362,MCH8953,2026-01-31 00:00:00,2026-02-03 00:00:00,2026-02-05 00:00:00,3.0,2.0,False,776.76,False,Item/Service Not Delivered,delivery issue,MERCHANT SERVICE WAS NOT DELIVERED AFTER PAYMENT.,Rejected,Medium,IVR
CBK0000386,TXN00017080,False,USR66286,MCH2441,2026-03-02 00:00:00,2026-03-03 00:00:00,,1.0,,False,687.73,False,Duplicate Debit,DUP_DEBIT,Merchant service was not delivered after payment.,Rejected,Low,Chatbot
CBK0000407,TXN00008429,False,USR90727,MCH2989,2026-01-13 11:06:46,2026-01-15 00:00:00,2026-01-18 00:00:00,1.5369675925925925,3.0,False,1512.54,False,General Complaint / Dispute,Customer Dispute,User claims account was compromised before transaction.,In Progress,Medium,App
CBK0001028,TXN00007136,False,USR67087,MCH5446,2026-03-02 03:15:09,2026-03-05 00:00:00,2026-03-20 00:15:00,2.8644791666666665,15.010416666666666,False,6758.4,False,Duplicate Debit,DUP_DEBIT,Customer complaint text unclear due to poor call center notes.,In Progress,Low,Call Center
CBK0001356,TXN00018996,False,USR61151,MCH3100,2026-01-25 00:00:00,2026-01-27 00:00:00,2026-02-12 00:00:00,2.0,16.0,False,1863.8,False,Other/Unclassified,incorrect amount,Customer says amount was debited twice.,Closed,Low,IVR
CBK0002218,TXN00018418,False,USR35410,MCH7622,2026-03-13 08:55:08,2026-03-16 00:00:00,2026-04-08 00:00:00,2.6283796296296296,23.0,False,671.84,False,General Complaint / Dispute,Customer Dispute,Customer says transaction was not authorized.,In Progress,High,Branch
CBK0000089,TXN00017797,False,USR85655,MCH8344,2026-01-22 00:00:00,2026-01-23 23:22:08,2026-02-07 00:00:00,1.9737037037037037,14.026296296296296,False,1590.47,False,Item/Service Not Delivered,not delivered,Complaint received after multiple failed attempts.,Open,High,IVR
CBK0000788,TXN00003574,False,USR22284,MCH4473,2026-03-28 00:00:00,2026-03-30 14:07:24,2026-04-28 00:00:00,2.5884722222222223,28.411527777777778,False,3933.58,False,Account Takeover / Unauthorized,Unauthorized Transaction,User says UPI PIN was not entered by them.,Resolved,Low,Branch
CBK0001625,TXN00006214,False,USR39132,MCH3495,2026-02-13 00:00:00,2026-03-30 23:46:00,2026-04-12 23:46:08,45.99027777777778,13.000092592592592,False,4111.68,False,General Complaint / Dispute,customer issue,User reports money deducted but merchant denies receiving payment.,Closed,Medium,Email
CBK0000547,TXN00003173,False,USR42144,MCH9330,2026-03-22 02:40:00,2026-03-24 00:00:00,2026-04-14 00:00:00,1.8888888888888888,21.0,False,3014.0,False,Duplicate Debit,charged twice,Customer complaint text unclear due to poor call center notes.,Rejected,Low,Email
CBK0001301,TXN00005559,False,USR98939,MCH5403,2026-01-10 00:00:00,2026-01-07 00:00:00,,-3.0,,True,597.81,False,General Complaint / Dispute,Customer Dispute,merchant service was not delivered after payment.,Rejected,Medium,Chatbot
CBK0000819,TXN00008276,False,USR66046,MCH3941,2026-02-25 00:00:00,2026-03-12 00:00:00,2026-03-28 00:00:00,15.0,16.0,False,2947.75,False,Account Takeover / Unauthorized,not done by me,Suspicious high-value payment disputed by customer.,Open,Medium,Chatbot
CBK0002510,TXN49297,False,USR99880,MCH1439,2026-02-05 04:07:59,,,,,False,1707.55,False,General Complaint / Dispute,dispute raised,User says UPI PIN was not entered by them. NA,Pending Bank,Medium,Email
CBK0002034,TXN00014295,False,USR46599,MCH7669,2026-02-22 00:00:00,2026-04-09 00:23:56,2026-05-05 00:23:56,46.01662037037037,26.0,False,3265.64,False,Duplicate Debit,DUP_DEBIT,customer complaint text unclear due to poor call center notes.,Resolved,Low,Call Center
CBK0001098,TXN00006667,False,USR54912,MCH4734,2026-03-16 00:00:00,2026-03-19 00:00:00,2026-04-07 00:00:00,3.0,19.0,False,4240.52,False,Item/Service Not Delivered,delivery issue,User reports money deducted but merchant denies receiving payment. call dropped,In Progress,Low,Chatbot
CBK0001199,TXN00005512,False,USR76915,MCH3815,2026-03-07 00:00:00,2026-03-12 00:00:00,2026-04-01 00:00:00,5.0,20.0,False,2981.85,False,Duplicate Debit,DUP_DEBIT,suspicious high-value payment disputed by customer.,In Progress,Low,Chatbot
CBK0000160,TXN00015230,False,USR38364,MCH5454,2026-02-08 23:09:47,2026-02-14 02:09:47,,5.125,,False,2419.56,False,General Complaint / Dispute,customer issue,Merchant service was not delivered after payment.,Pending Bank,Medium,Call Center
CBK0000349,TXN00015766,False,USR88643,MCH2541,2026-02-12 00:00:00,2026-02-18 02:44:00,2026-02-25 02:44:00,6.113888888888889,7.0,False,2585.25,False,Account Takeover / Unauthorized,not done by me,Suspicious high-value payment disputed by customer.,Rejected,High,IVR
CBK0002120,TXN00008067,False,USR62703,MCH7593,2026-01-17 00:08:00,2026-01-27 01:08:22,,10.041921296296296,,False,14279.05,False,Item/Service Not Delivered,item not received,customer complaint text unclear due to poor call center notes.,In Progress,Critical,Chatbot
CBK0001470,TXN30234,False,USR24750,MCH6880,2026-03-24 00:00:00,,2026-04-17 00:00:00,,,False,1915.5,False,Other/Unclassified,fraud,Customer complaint text unclear due to poor call center notes.,Closed,Medium,Branch
CBK0002024,TXN00016207,False,USR91246,MCH7726,2026-01-02 00:00:00,2026-01-04 00:00:00,2026-01-24 07:10:00,2.0,20.29861111111111,False,628.32,False,Item/Service Not Delivered,not delivered,Suspicious high-value payment disputed by customer.,Closed,Medium,Email
CBK0001655,TXN00016496,False,USR31906,MCH4225,2026-01-29 00:00:00,2026-02-06 00:00:00,2026-02-13 00:00:00,8.0,7.0,False,5996.21,False,General Complaint / Dispute,customer issue,Customer complaint text unclear due to poor call center notes.,Resolved,Critical,IVR
CBK0000754,TXN00001826,False,USR35882,MCH3115,2026-02-28 00:00:00,2026-03-10 00:00:00,,10.0,,False,895.55,False,General Complaint / Dispute,customer issue,User claims account was compromised before transaction. urgent,Pending Bank,Medium,Chatbot
CBK0000125,TXN00006063,False,USR72570,MCH3943,2026-02-14 00:00:00,2026-02-15 11:35:00,2026-02-18 00:00:00,1.4826388888888888,2.517361111111111,False,2157.0,False,Account Takeover / Unauthorized,ATO,User claims account was compromised before transaction.,In Progress,High,IVR
CBK0000299,TXN00010454,False,USR21651,MCH1397,2026-03-15 00:00:00,2026-03-18 13:17:09,,3.5535763888888887,,False,2554.86,False,Account Takeover / Unauthorized,account hacked,Merchant service was not delivered after payment.,In Progress,Low,Branch
CBK0001194,TXN00010450,False,USR85606,MCH3304,2026-01-20 13:36:47,2026-01-20 19:36:47,2026-01-30 00:00:00,0.25,9.182789351851852,False,1024.0,False,Account Takeover / Unauthorized,account hacked,Suspicious high-value payment disputed by cust.,Pending Bank,Medium,IVR
CBK0002369,TXN00000843,False,USR72135,MCH4517,2026-03-01 00:00:00,2026-03-02 02:12:47,2026-03-17 02:12:00,1.0922106481481482,14.999456018518519,False,947.54,False,Account Takeover / Unauthorized,login compromised,SUSPICIOUS HIGH-VALUE PAYMENT DISPUTED BY CUSTOMER.,Rejected,Low,Call Center
CBK0000738,TXN00018812,False,USR98980,MCH2757,2026-01-05 00:00:00,2026-01-16 00:00:00,2026-02-14 00:00:00,11.0,29.0,False,15054.0,False,Other/Unclassified,FRAUD,User says UPI PIN was not entered by them.,Pending Bank,High,Call Center
CBK0001409,TXN00014019,False,USR20076,MCH4751,2026-01-14 00:00:00,2026-01-16 00:00:00,2026-01-29 00:00:00,2.0,13.0,False,2386.95,False,Other/Unclassified,service failed,User reports money deducted but merchant denies receiving payment.,In Progress,Medium,Chatbot
CBK0001965,TXN00008205,False,USR62398,MCH6714,2026-02-12 00:00:00,2026-02-12 00:00:00,2026-03-01 22:26:43,0.0,17.935219907407408,False,1147.39,False,Account Takeover / Unauthorized,ATO,Customer says amount was debited twice. pls check asap,Resolved,Medium,Chatbot
CBK0002492,TXN00001518,False,USR20737,MCH5541,2026-03-16 00:00:00,2026-03-18 00:00:00,2026-03-21 00:00:00,2.0,3.0,False,9039.58,False,General Complaint / Dispute,dispute raised,Complaint received after multiple failed attempts. urgent,In Progress,Medium,Email
CBK0002137,TXN00008657,False,USR34250,MCH6955,2026-02-23 00:00:00,2026-03-03 03:32:50,2026-03-28 00:00:00,8.147800925925926,24.852199074074075,False,4252.24,False,Other/Unclassified,fraud,Suspicious high-value payment disputed by customer. urgent,Open,Low,IVR
CBK0001086,TXN00019525,False,USR21162,MCH3992,2026-01-12 00:00:00,2026-01-14 08:32:01,2026-01-22 00:00:00,2.3555671296296294,7.644432870370371,False,5874.15,False,General Complaint / Dispute,dispute raised,customer complaint text unclear due to poor call center notes.,In Progress,Low,Call Center
CBK0002590,TXN00001121,False,USR43833,MCH4575,2026-03-23 00:00:00,,2026-04-20 10:56:00,,,False,993.0,False,Item/Service Not Delivered,delivery issue,user says upi pin was not entered by them.,Closed,Medium,Email
CBK0002192,TXN00002316,False,USR77746,MCH1674,2026-01-12 04:00:55,2026-01-14 00:00:00,,1.8326967592592593,,False,20754.36,False,Other/Unclassified,scam,Customer says amount was debited twice.,In Progress,High,IVR
CBK0002056,TXN00003732,False,USR18442,MCH1606,2026-03-03 00:00:00,2026-04-03 00:00:00,,31.0,,False,5678.98,False,Account Takeover / Unauthorized,not done by me,Customer says transaction was not authorized.,Resolved,Critical,IVR
CBK0000204,TXN00014673,False,USR21209,MCH8154,2026-01-24 00:00:00,2026-01-26 01:45:00,2026-02-10 01:45:00,2.0729166666666665,15.0,False,749.06,False,General Complaint / Dispute,customer issue,Customer says amount was debited twice.,Closed,Medium,Call Center
CBK0002443,TXN00017471,False,USR44213,MCH3992,2026-02-01 00:00:00,2026-02-04 00:00:00,2026-02-20 00:00:00,3.0,16.0,False,918.63,False,Account Takeover / Unauthorized,Unauthorized Transaction,User claims account was compromised before transaction.,Rejected,High,Email
CBK0001554,TXN00012362,False,USR87967,MCH3177,2026-02-01 00:00:00,2026-02-08 02:49:19,2026-02-23 00:00:00,7.117581018518519,14.882418981481482,False,1105.15,False,Account Takeover / Unauthorized,login compromised,Merchant service was not delivered after payment.,Resolved,Low,Email
CBK0002435,TXN00015767,False,USR33671,MCH2699,2026-03-01 00:00:00,2026-02-24 01:38:00,2026-03-19 01:38:00,-4.9319444444444445,23.0,True,1904.98,False,Item/Service Not Delivered,item not received,Merchant service was not delivered after payment.,Rejected,Medium,Chatbot
CBK0001463,TXN00018916,False,USR92463,MCH4008,2026-03-25 00:00:00,,2026-04-13 00:00:00,,,False,1889.0,False,Amount Mismatch,extra amount deducted,User reports money deducted but merchant denies receiving payment. NA,Pending Bank,Medium,IVR
CBK0001976,TXN00004835,False,USR37357,MCH5772,2026-02-23 04:26:51,2026-02-20 00:00:00,2026-03-13 04:26:00,-3.1853125,21.184722222222224,True,11573.0,False,Account Takeover / Unauthorized,account hacked,user reports money deducted but merchant denies receiving payment.,In Progress,Medium,IVR
CBK0000874,TXN00008435,False,USR43450,MCH8870,2026-02-03 00:00:00,2026-02-06 00:00:00,2026-03-03 00:00:00,3.0,25.0,False,2126.63,False,General Complaint / Dispute,complaint,User reports money deducted but merchant denies receiving payment.,Resolved,Medium,Email
CBK0000896,TXN00014731,False,USR29803,MCH7761,2026-03-25 00:00:00,2026-03-29 04:53:24,2026-04-13 00:00:00,4.20375,14.79625,False,4988.8,False,Item/Service Not Delivered,delivery issue,Suspicious high-value payment disputed by cust.,Rejected,Medium,App
CBK0002406,TXN00019470,False,USR71704,MCH3759,2026-03-02 00:00:00,2026-03-04 00:00:00,,2.0,,False,3505.15,False,Item/Service Not Delivered,delivery issue,Merchant service was not delivered after payment. urgent,Closed,Low,Branch
CBK0002752,TXN00009074,False,USR58639,MCH4181,2026-01-05 07:07:09,2026-01-05 00:00:00,,-0.29663194444444446,,True,611.73,False,Account Takeover / Unauthorized,account hacked,Complaint received after multiple failed attempts.,Open,Medium,Branch
CBK0000971,TXN00019356,False,USR80212,MCH2335,2026-01-07 00:00:00,2026-01-10 06:07:00,2026-02-04 00:00:00,3.254861111111111,24.74513888888889,False,6782.66,False,Other/Unclassified,unauth txn,merchant service was not delivered after payment.,Closed,High,IVR
CBK0000792,TXN00017591,False,USR59752,MCH2176,2026-02-07 00:00:00,2026-02-09 00:00:00,2026-02-26 17:50:00,2.0,17.743055555555557,False,6180.12,False,General Complaint / Dispute,dispute raised,CUSTOMER SAYS AMOUNT WAS DEBITED TWICE.,Closed,Medium,Email
CBK0002526,TXN00014583,False,USR53424,MCH7006,2026-03-20 19:24:00,2026-03-24 00:00:00,2026-04-08 00:00:00,3.191666666666667,15.0,False,6768.55,False,Amount Mismatch,Wrong Amount,Customer says amount was debited twice.,In Progress,Low,Chatbot
CBK0002743,TXN53543,False,USR85742,MCH4473,2026-01-25 01:22:37,2026-01-25 00:00:00,2026-02-23 00:00:00,-0.057372685185185186,29.0,True,299.18,False,Item/Service Not Delivered,not delivered,User says UPI PIN was not entered by them.,Rejected,Low,Email
CBK0001149,TXN00013355,False,USR52988,MCH1182,2026-03-27 10:20:15,2026-03-23 10:20:15,2026-04-20 00:00:00,-4.0,27.569270833333334,True,6746.58,False,General Complaint / Dispute,customer issue,User says UPI PIN was not entered by them.,Resolved,Low,Chatbot
CBK0001005,TXN00006695,False,USR65902,MCH5655,2026-02-19 11:11:00,2026-02-22 00:00:00,,2.5340277777777778,,False,1671.67,False,Account Takeover / Unauthorized,Account Takeover,Merchant service was not delivered after payment.,Pending Bank,Medium,App
CBK0001180,TXN00012133,False,USR84844,MCH6202,2026-02-01 07:09:49,2026-02-06 00:00:00,2026-02-27 00:00:00,4.7015162037037035,21.0,False,7361.16,False,General Complaint / Dispute,dispute raised,customer says transaction was not authorized.,Pending Bank,Medium,Chatbot
CBK0000019,TXN00008321,False,USR27583,MCH4590,2026-02-22 00:00:00,2026-02-25 00:00:00,2026-02-27 00:00:00,3.0,2.0,False,699.14,False,Duplicate Debit,DUP_DEBIT,User says UPI PIN was not entered by them.,In Progress,High,Chatbot
CBK0001585,TXN82330,False,USR14591,MCH3928,2026-03-31 00:00:00,2026-04-01 21:31:00,2026-04-21 00:00:00,1.8965277777777778,19.103472222222223,False,2452.3,False,Item/Service Not Delivered,Merchant Not Delivered,Customer complaint text unclear due to poor call center notes.,Pending Bank,High,IVR
CBK0000293,TXN00016470,False,USR50092,MCH1879,2026-01-19 00:00:00,2026-01-25 15:05:00,2026-02-13 00:00:00,6.628472222222222,18.37152777777778,False,1947.05,False,General Complaint / Dispute,Customer Dispute,Suspicious high-value payment disputed by customer.,Pending Bank,Medium,IVR
CBK0000467,TXN00009035,False,USR66080,MCH9242,2026-02-20 19:44:28,2026-02-21 09:44:28,,0.5833333333333334,,False,1224.57,False,Other/Unclassified,Fraud Suspected,Customer says amount was debited twice.,Resolved,Low,Branch
CBK0002086,TXN00004716,False,USR14045,MCH9271,2026-01-25 14:59:00,2026-01-30 21:59:00,2026-02-06 21:59:00,5.291666666666667,7.0,False,169.35,False,Duplicate Debit,DUP_DEBIT,Customer says amount was debited twice. NA,Rejected,Medium,Call Center
CBK0000050,TXN00004935,False,USR75712,MCH2076,2026-01-31 00:00:00,2026-02-01 17:11:00,2026-03-03 00:00:00,1.7159722222222222,29.284027777777776,False,18552.59,False,General Complaint / Dispute,complaint,Suspicious high-value payment disputed by customer.,Resolved,Low,Call Center
CBK0002316,TXN00018781,False,USR80429,MCH4070,2026-03-14 00:00:00,2026-03-15 00:00:00,2026-03-21 00:00:00,1.0,6.0,False,428.55,False,Other/Unclassified,suspicious transaction,User reports money deducted but merchant denies receiving payment.,Resolved,Low,Chatbot
CBK0001601,TXN00014556,False,USR51157,MCH7360,2026-02-14 20:36:49,2026-02-17 17:36:49,,2.875,,False,13308.54,False,Other/Unclassified,FRAUD,CUSTOMER SAYS AMOUNT WAS DEBITED TWICE.,Pending Bank,Medium,Chatbot
CBK0002004,TXN00016498,False,USR71282,MCH5954,2026-01-02 14:58:00,2026-01-03 00:00:00,,0.3763888888888889,,False,3489.66,False,Other/Unclassified,scam,Customer complaint text unclear due to poor call center notes.,Rejected,Medium,Chatbot
CBK0001314,TXN00015397,False,USR25021,MCH8657,2026-02-10 00:00:00,2026-02-17 00:00:00,,7.0,,False,7499.76,False,Item/Service Not Delivered,not delivered,Customer says transaction was not authorized.,Rejected,Low,IVR
CBK0001703,TXN00014396,False,USR62221,MCH7833,2026-03-30 00:00:00,2026-04-14 00:00:00,,15.0,,False,1107.61,False,Other/Unclassified,unauth txn,MERCHANT SERVICE WAS NOT DELIVERED AFTER PAYMENT.,Closed,High,App
CBK0002367,TXN00000803,False,USR40928,MCH2574,2026-02-10 00:00:00,2026-02-11 17:54:00,2026-02-17 17:54:00,1.7458333333333333,6.0,False,1719.0,False,General Complaint / Dispute,customer issue,Suspicious high-value payment disputed by customer.,Pending Bank,Medium,Call Center
CBK0000358,TXN00015992,False,USR12248,MCH1013,2026-02-28 00:00:00,2026-03-10 00:00:00,2026-03-10 00:00:00,10.0,0.0,False,6937.41,False,Account Takeover / Unauthorized,login compromised,User says UPI PIN was not entered by them. NA,Rejected,High,Branch
CBK0000873,TXN00002853,False,USR33226,MCH2822,2026-02-13 11:31:49,2026-02-20 00:00:00,2026-02-26 12:31:49,6.519571759259259,6.522094907407407,False,1650.21,False,Item/Service Not Delivered,delivery issue,Complaint received after multiple failed attempts.,Open,Medium,Email
CBK0000776,TXN00010920,False,USR19006,MCH4590,2026-03-12 23:55:00,2026-03-13 02:55:07,,0.12508101851851852,,False,5019.03,False,Account Takeover / Unauthorized,unauthorized_transaction,complaint received after multiple failed attempts.,Pending Bank,Medium,IVR
CBK0001056,TXN00017995,False,USR83697,MCH7555,2026-03-26 00:00:00,2026-03-27 02:11:24,2026-04-17 00:00:00,1.09125,20.90875,False,1918.51,False,Account Takeover / Unauthorized,unauthorized_transaction,User reports money deducted but merchant denies receiving payment.,Resolved,Medium,IVR
CBK0000586,TXN00007590,False,USR26821,MCH8953,2026-03-11 00:00:00,,2026-04-02 02:24:43,,,False,1023.96,False,General Complaint / Dispute,Customer Dispute,Complaint received after multiple failed attempts. call dropped,Rejected,Low,Call Center
CBK0002363,TXN00002125,False,USR78593,MCH2757,2026-03-04 00:00:00,2026-03-07 00:00:00,2026-03-22 00:00:00,3.0,15.0,False,2711.0,False,Account Takeover / Unauthorized,ATO,Payment made to unknown merchant as per customer statement.,Closed,Low,Branch
CBK0001974,TXN00002369,False,USR83393,MCH3463,2026-03-30 17:27:58,2026-04-01 15:27:58,2026-04-20 00:00:00,1.9166666666666667,18.355578703703703,False,1718.0,False,General Complaint / Dispute,customer issue,Customer says transaction was not authorized.,In Progress,Low,Branch
CBK0001245,TXN00014601,False,USR50737,MCH1920,2026-03-17 00:00:00,2026-03-27 20:30:00,2026-04-20 00:00:00,10.854166666666666,23.145833333333332,False,689.0,False,General Complaint / Dispute,customer issue,Payment made to unknown merchant as per customer statement.,Pending Bank,Low,IVR
CBK0001496,TXN00012480,False,USR39700,MCH9284,2026-02-09 02:52:00,2026-02-19 00:00:00,2026-02-20 00:00:00,9.880555555555556,1.0,False,2178.0,False,Other/Unclassified,Fraud Suspected,Payment made to unknown merchant as per customer statement.,Closed,High,Call Center
CBK0001394,TXN00009340,False,USR39542,MCH1320,2026-02-18 13:01:11,2026-02-23 00:00:00,,4.457511574074074,,False,1180.9,False,Duplicate Debit,Duplicate Debit,User reports money deducted but merchant denies receiving payment.,Open,Critical,Chatbot
CBK0000063,TXN00017905,False,USR73461,MCH3216,2026-01-30 00:00:00,2026-01-30 00:00:00,2026-02-02 00:00:00,0.0,3.0,False,2185.09,False,General Complaint / Dispute,dispute raised,Customer says transaction was not authorized.,Resolved,Low,Chatbot
CBK0000645,TXN00016469,False,USR59482,MCH1792,2026-03-13 13:03:25,,,,,False,12115.08,False,Amount Mismatch,extra amount deducted,Customer says transaction was not authorized.,Pending Bank,High,Chatbot
CBK0001288,TXN38794,False,USR82920,MCH5755,2026-03-10 00:00:00,2026-04-10 02:16:42,2026-04-24 02:16:00,31.094930555555557,13.999513888888888,False,1144.0,False,Other/Unclassified,incorrect amount,User says UPI PIN was not entered by them.,Open,Medium,Chatbot
CBK0002453,TXN00013396,False,USR24527,MCH2822,2026-02-23 00:00:00,,2026-03-24 00:00:00,,,False,203.0,False,Other/Unclassified,Service Not Provided,User claims account was compromised before transaction.,Open,Low,IVR
CBK0002405,TXN00017196,False,USR45251,MCH2538,2026-03-06 00:00:00,2026-03-07 02:28:07,2026-03-09 02:28:07,1.1028587962962964,2.0,False,9937.63,False,Other/Unclassified,fraud,COMPLAINT RECEIVED AFTER MULTIPLE FAILED ATTEMPTS.,In Progress,Medium,Chatbot
CBK0000615,TXN00002775,False,USR83032,MCH3402,2026-01-07 00:00:00,2026-01-18 06:04:00,2026-02-16 06:04:00,11.252777777777778,29.0,False,1908.8,False,Other/Unclassified,fraud,customer says amount was debited twice.,Open,High,Email
CBK0001896,TXN00005799,False,USR97580,MCH8791,2026-01-06 10:14:34,2026-01-12 00:00:00,2026-01-14 01:14:34,5.573217592592592,2.0517824074074076,False,674.67,False,Amount Mismatch,amount mismatch,Customer complaint text unclear due to poor call center notes.,Closed,Critical,Chatbot
CBK0002606,TXN00018342,False,USR69706,MCH8779,2026-03-23 00:00:00,2026-03-25 00:00:00,2026-04-04 00:00:00,2.0,10.0,False,2231.66,False,Other/Unclassified,fraud,payment made to unknown merchant as per customer statement.,In Progress,Critical,IVR
CBK0002784,TXN00003041,False,USR21253,MCH2118,2026-01-18 17:10:46,2026-02-02 17:10:46,,15.0,,False,4136.0,False,Other/Unclassified,Service Not Provided,User reports money deducted but merchant denies receiving payment.,Resolved,Medium,Email
CBK0001035,TXN00012639,False,USR38128,MCH9737,2026-01-19 00:00:00,2026-01-20 00:00:00,2026-02-13 00:00:00,1.0,24.0,False,3681.26,False,Amount Mismatch,amount mismatch,payment made to unknown merchant as per customer statement.,In Progress,High,Call Center
CBK0000988,TXN00007940,False,USR74004,MCH2383,2026-03-14 00:00:00,2026-03-22 11:13:00,,8.467361111111112,,False,1608.0,False,Account Takeover / Unauthorized,login compromised,User claims account was compromised before transaction. NA,Closed,High,Chatbot
CBK0002168,TXN00002821,False,USR83150,MCH5655,2026-02-10 00:00:00,2026-02-11 00:00:00,,1.0,,False,4707.47,False,Other/Unclassified,unauth txn,Customer says amount was debited twice.,Resolved,Low,IVR
CBK0000519,TXN00010998,False,USR69938,MCH7992,2026-01-29 23:14:08,,2026-02-04 00:00:00,,,False,1567.73,False,Other/Unclassified,UNAUTHORISED,Merchant service was not delivered after payment.,In Progress,Low,Chatbot
CBK0000174,TXN00013432,False,USR44848,MCH4003,2026-01-28 00:00:00,2026-01-28 00:00:00,,0.0,,False,616.19,False,General Complaint / Dispute,Customer Dispute,User says UPI PIN was not entered by them.,Rejected,Low,Branch
CBK0001091,TXN00003670,False,USR12026,MCH4593,2026-01-07 00:00:00,2026-02-06 00:00:00,2026-03-02 00:00:00,30.0,24.0,False,2583.29,False,Duplicate Debit,double debit,Customer says transaction was not authorized.,Rejected,Low,Email
CBK0002681,TXN00008227,False,USR87558,MCH3815,2026-01-07 00:00:00,2026-01-10 12:14:00,2026-01-10 00:00:00,3.5097222222222224,-0.5097222222222222,False,2758.76,False,General Complaint / Dispute,complaint,Complaint received after multiple failed attempts.,Rejected,High,Email
CBK0000552,TXN00001358,False,USR59496,MCH5588,2026-01-21 00:00:00,2026-01-23 00:00:00,2026-02-02 00:00:00,2.0,10.0,False,6742.91,False,Other/Unclassified,service failed,Suspicious high-value payment disputed by customer.,In Progress,Critical,Branch
CBK0000126,TXN00009782,False,USR75241,MCH8503,2026-03-22 00:00:00,2026-04-06 19:49:00,2026-04-20 00:00:00,15.825694444444444,13.174305555555556,False,718.61,False,Amount Mismatch,amount mismatch,Customer says transaction was not authorized.,Resolved,Medium,IVR
CBK0002152,TXN00005346,False,USR43944,MCH6429,2026-03-05 00:00:00,2026-03-07 00:00:00,2026-03-28 00:00:00,2.0,21.0,False,3376.98,False,Item/Service Not Delivered,item not received,User reports money deducted but merchant denies receiving payment.,Open,Low,Email
CBK0002223,TXN00017647,False,USR58113,MCH3117,2026-01-21 00:00:00,2026-01-22 00:00:00,2026-02-05 00:00:00,1.0,14.0,False,3677.06,False,Item/Service Not Delivered,Merchant Not Delivered,customer complaint text unclear due to poor call center notes.,In Progress,Medium,Chatbot
CBK0001992,TXN00012094,False,USR97149,MCH2503,2026-02-11 20:34:00,2026-02-12 00:00:00,,0.14305555555555555,,False,878.0,False,Account Takeover / Unauthorized,ATO,User reports money deducted but merchant denies receiving payment.,Rejected,Low,IVR
CBK0000571,TXN00018357,False,USR74628,MCH4473,2026-02-08 02:15:15,2026-02-10 05:15:00,2026-03-04 00:00:00,2.1248263888888888,21.78125,False,13142.13,False,Other/Unclassified,Service Not Provided,Payment made to unknown merchant as per customer statement.,In Progress,Medium,IVR
CBK0001615,TXN00001397,False,USR23350,MCH9727,2026-02-06 00:00:00,2026-02-09 00:00:00,2026-02-20 00:00:00,3.0,11.0,False,2972.0,False,General Complaint / Dispute,customer issue,User claims account was compromised before transaction.,In Progress,Medium,Email
CBK0000221,TXN00004354,False,USR82244,MCH2757,2026-03-03 18:42:43,2026-03-06 00:00:00,2026-03-22 00:00:00,2.220335648148148,16.0,False,1370.0,False,Duplicate Debit,double debit,COMPLAINT RECEIVED AFTER MULTIPLE FAILED ATTEMPTS.,In Progress,Medium,IVR
CBK0000719,TXN00008362,False,USR51141,MCH4473,2026-03-23 00:00:00,2026-05-07 11:49:41,2026-05-31 11:49:00,45.49283564814815,23.999525462962964,False,716.05,False,Item/Service Not Delivered,item not received,payment made to unknown merchant as per customer statement.,In Progress,Low,App
CBK0000048,TXN00003553,False,USR11419,MCH5833,2026-02-22 00:00:00,2026-02-26 00:00:00,2026-03-07 03:45:00,4.0,9.15625,False,3278.36,False,Account Takeover / Unauthorized,account hacked,Customer says transaction was not authorized.,Pending Bank,Medium,Email
CBK0002135,TXN00017607,False,USR62613,MCH1320,2026-02-09 00:00:00,2026-03-11 00:00:00,2026-03-21 09:52:20,30.0,10.411342592592593,False,291.0,False,Account Takeover / Unauthorized,Unauthorized Transaction,Suspicious high-value payment disputed by customer. details missing,Open,Low,Email
CBK0000145,TXN00009456,False,USR21384,MCH8779,2026-02-23 00:00:00,,2026-03-21 00:00:00,,,False,3537.13,False,General Complaint / Dispute,dispute raised,Complaint received after multiple failed attempts.,In Progress,Medium,Chatbot
CBK0000722,TXN00014532,False,USR42970,MCH9937,2026-02-28 00:00:00,2026-03-04 00:00:00,2026-03-11 00:00:00,4.0,7.0,False,4825.86,False,Amount Mismatch,Wrong Amount,Customer says transaction was not authorized.,Rejected,High,IVR
CBK0002482,TXN00018844,False,USR39808,MCH5330,2026-01-26 00:00:00,2026-02-02 03:31:15,,7.146701388888889,,False,6620.7,False,Item/Service Not Delivered,Merchant Not Delivered,Payment made to unknown merchant as per customer statement.,Pending Bank,Medium,Chatbot
CBK0000464,TXN00001948,False,USR72135,MCH8274,2026-03-11 00:50:00,2026-04-10 00:00:00,2026-04-24 23:50:00,29.96527777777778,14.993055555555555,False,3935.87,False,Other/Unclassified,Service Not Provided,Complaint received after multiple failed attempts.,Resolved,Low,Chatbot
CBK0002448,TXN00004698,False,USR56276,MCH3396,2026-03-15 05:45:53,,,,,False,1942.99,False,General Complaint / Dispute,dispute raised,Suspicious high-value payment disputed by customer.,Closed,Low,IVR
CBK0000696,TXN00007676,False,USR33564,MCH3259,2026-02-28 00:00:00,2026-02-28 00:00:00,2026-03-01 09:11:30,0.0,1.382986111111111,False,841.13,False,General Complaint / Dispute,dispute raised,CUSTOMER SAYS TRANSACTION WAS NOT AUTHORIZED.,In Progress,High,IVR
CBK0000176,TXN00001405,False,USR91859,MCH2900,2026-03-13 00:00:00,2026-03-18 14:11:00,2026-04-05 00:00:00,5.590972222222222,17.409027777777776,False,2105.51,False,Item/Service Not Delivered,item not received,Merchant service was not delivered after payment. call dropped,Closed,Medium,Chatbot
CBK0002618,TXN00011168,False,USR44759,MCH5594,2026-01-06 00:00:00,2026-01-10 00:35:07,2026-01-27 00:00:00,4.024386574074074,16.975613425925925,False,5239.53,False,Account Takeover / Unauthorized,Account Takeover,Customer complaint text unclear due to poor call center notes. call dropped,Rejected,Medium,Chatbot
CBK0000872,TXN00015686,False,USR41987,MCH4226,2026-02-27 00:00:00,2026-03-04 09:09:00,2026-03-04 00:00:00,5.38125,-0.38125,False,4354.56,False,Duplicate Debit,charged twice,Complaint received after multiple failed attempts.,Resolved,Medium,App
CBK0001971,TXN00001893,False,USR40538,MCH4473,2026-03-25 04:27:22,2026-03-26 00:00:00,2026-04-20 00:00:00,0.8143287037037037,25.0,False,1059.97,False,Duplicate Debit,DUP_DEBIT,Customer complaint text unclear due to poor call center notes.,Resolved,Low,Call Center
CBK0002166,TXN00005750,False,USR64580,MCH5980,2026-03-21 07:22:46,2026-03-22 00:00:00,2026-04-02 00:00:00,0.6925231481481482,11.0,False,1459.51,False,Other/Unclassified,Service Not Provided,Customer says transaction was not authorized.,In Progress,Medium,IVR
CBK0002101,TXN00010055,False,USR53903,MCH2065,2026-01-22 00:00:00,2026-01-28 00:51:01,2026-02-13 00:00:00,6.035428240740741,15.96457175925926,False,3918.28,False,Amount Mismatch,extra amount deducted,User reports money deducted but merchant denies receiving payment.,Rejected,Medium,IVR
CBK0001609,TXN00011210,False,USR50352,MCH2706,2026-02-20 08:31:54,2026-02-23 00:00:00,2026-03-02 00:00:00,2.644513888888889,7.0,False,1853.91,False,Account Takeover / Unauthorized,not done by me,User claims account was compromised before transaction.,Open,Medium,IVR
CBK0002786,TXN00001975,False,USR44809,MCH9291,2026-03-11 00:00:00,2026-03-14 00:00:00,2026-03-16 06:59:19,3.0,2.29119212962963,False,1823.8,False,Other/Unclassified,unauth txn,Customer says transaction was not authorized.,Resolved,High,IVR
CBK0001172,TXN00000950,False,USR35692,MCH2757,2026-03-03 14:07:36,2026-03-05 00:00:00,2026-03-22 00:00:00,1.4113888888888888,17.0,False,1749.52,False,Duplicate Debit,double debit,Customer says amount was debited twice.,Rejected,Low,Email
CBK0001240,TXN00005144,False,USR87558,MCH2223,2026-02-17 14:32:16,2026-02-25 00:00:00,2026-03-07 00:00:00,7.394259259259259,10.0,False,1262.32,False,Other/Unclassified,unauth txn,merchant service was not delivered after payment.,Resolved,Low,IVR
CBK0001070,TXN00006138,False,USR72463,MCH7131,2026-02-21 00:00:00,2026-02-28 00:00:00,,7.0,,False,486.96,False,Account Takeover / Unauthorized,unauthorized_transaction,Merchant service was not delivered after payment.,Closed,Low,IVR
CBK0000561,TXN00011891,False,USR27107,MCH8154,2026-02-23 00:00:00,,2026-03-19 00:00:00,,,False,146.7,False,Other/Unclassified,UNAUTHORISED,Customer complaint text unclear due to poor call center notes.,Open,High,Chatbot
CBK0000111,TXN00019912,False,USR43416,MCH5748,2026-02-28 00:00:00,2026-03-08 00:41:12,2026-03-13 00:00:00,8.028611111111111,4.971388888888889,False,2124.72,False,Other/Unclassified,Service Not Provided,User says UPI PIN was not entered by them.,Open,Low,Email
CBK0002376,TXN00004589,False,USR76792,MCH5515,2026-01-20 11:45:52,2026-01-30 20:45:00,2026-02-08 00:00:00,10.374398148148147,8.135416666666666,False,1100.37,False,Account Takeover / Unauthorized,not done by me,suspicious high-value payment disputed by customer.,In Progress,Medium,IVR
CBK0000854,TXN00000164,False,USR17326,MCH7017,2026-01-01 05:32:00,2026-01-08 00:00:00,2026-02-02 00:00:00,6.769444444444445,25.0,False,3086.0,False,Account Takeover / Unauthorized,account hacked,Complaint received after multiple failed attempts.,Open,High,Email
CBK0002234,TXN00016207,False,USR61715,MCH6850,2026-01-13 00:00:00,2026-01-23 00:00:00,2026-01-29 15:38:41,10.0,6.651863425925926,False,1383.0,False,Account Takeover / Unauthorized,Account Takeover,merchant service was not delivered after payment.,Pending Bank,High,Branch
CBK0001909,TXN00015341,False,USR51939,MCH4348,2026-02-27 00:00:00,2026-04-14 00:00:00,2026-05-01 00:00:00,46.0,17.0,False,5481.51,False,Duplicate Debit,charged twice,Merchant service was not delivered after payment.,In Progress,Medium,Chatbot
CBK0002487,TXN00009313,False,USR32981,MCH1201,2026-02-03 00:00:00,2026-02-10 00:00:00,2026-03-03 00:00:00,7.0,21.0,False,1561.28,False,General Complaint / Dispute,complaint,Payment made to unknown merchant as per customer statement.,Rejected,Low,IVR
CBK0002346,TXN00001292,False,USR25528,MCH6328,2026-03-24 00:00:00,,2026-05-05 00:00:00,,,False,33975.77,False,Other/Unclassified,service failed,Customer says transaction was not authorized.,Open,Low,Email
CBK0002770,TXN00013498,False,USR24608,MCH3992,2026-01-05 17:13:36,2026-02-05 00:00:00,,30.282222222222224,,False,469.12,False,Account Takeover / Unauthorized,Unauthorized Transaction,Customer says transaction was not authorized.,Pending Bank,Low,IVR
CBK0000702,TXN00017072,False,USR56312,MCH5133,2026-01-18 03:52:25,2026-01-23 00:00:00,2026-02-07 00:00:00,4.838599537037037,15.0,False,15432.0,False,Amount Mismatch,Wrong Amount,Customer says amount was debited twice.,In Progress,High,IVR
CBK0001879,TXN00007654,False,USR60131,MCH8887,2026-02-05 01:30:00,2026-02-06 23:30:00,,1.9166666666666667,,False,552.24,False,Amount Mismatch,extra amount deducted,Complaint received after multiple failed attempts.,Resolved,Low,IVR
CBK0001593,TXN00015434,False,USR18724,MCH7728,2026-03-05 10:42:00,2026-03-21 07:42:38,2026-04-07 00:00:00,15.875439814814815,16.678726851851852,False,8317.58,False,Other/Unclassified,suspicious transaction,customer says transaction was not authorized.,Pending Bank,Medium,Email
CBK0001271,TXN00015189,False,USR33650,MCH4181,2026-01-10 13:57:59,2026-01-13 20:57:59,2026-01-18 00:00:00,3.2916666666666665,4.126400462962963,False,638.59,False,Account Takeover / Unauthorized,unauthorized_transaction,User claims account was compromised before transaction.,Rejected,High,IVR
CBK0000130,TXN00002672,False,USR96637,MCH4181,2026-01-06 00:00:00,2026-01-13 13:42:00,,7.570833333333334,,False,4547.87,False,Other/Unclassified,incorrect amount,User reports money deducted but merchant denies receiving payment.,Pending Bank,Low,Email
CBK0001836,TXN00002935,False,USR58979,MCH4535,2026-01-17 00:00:00,2026-01-19 14:28:40,,2.6032407407407407,,False,318.65,False,Item/Service Not Delivered,Merchant Not Delivered,Customer says transaction was not authorized.,Resolved,Low,IVR
CBK0000272,TXN00011208,False,USR31719,MCH5754,2026-01-28 00:00:00,,2026-02-07 00:00:00,,,False,729.47,False,Account Takeover / Unauthorized,login compromised,User claims account was compromised before transaction.,Resolved,Medium,IVR
CBK0000908,TXN00002368,False,USR71714,MCH9717,2026-02-22 00:00:00,2026-02-23 00:00:00,2026-03-07 19:24:52,1.0,12.808935185185184,False,4581.54,False,Item/Service Not Delivered,item not received,Customer complaint text unclear due to poor call center notes.,In Progress,Low,Chatbot
CBK0001052,TXN00015908,False,USR77900,MCH5264,2026-01-21 00:00:00,2026-01-31 09:49:28,,10.409351851851852,,False,540.0,False,General Complaint / Dispute,dispute raised,Customer says amount was debited twice.,Pending Bank,Medium,Branch
CBK0001900,TXN00012829,False,USR86138,MCH3815,2026-03-20 18:15:11,2026-04-05 07:15:11,2026-05-05 07:15:11,15.541666666666666,30.0,False,4506.23,False,Duplicate Debit,Duplicate Debit,User reports money deducted but merchant denies receiving payment.,Resolved,High,Chatbot
CBK0000385,TXN00014076,False,USR11828,MCH8154,2026-01-23 13:23:28,2026-01-26 22:23:00,2026-02-08 00:00:00,3.374675925925926,12.067361111111111,False,1915.56,False,Amount Mismatch,extra amount deducted,Complaint received after multiple failed attempts.,Open,Low,IVR
CBK0000616,TXN00006990,False,USR38951,MCH8779,2026-03-10 00:00:00,2026-03-09 11:42:44,2026-03-28 11:42:00,-0.5119907407407407,18.99949074074074,True,1208.16,False,Amount Mismatch,amount mismatch,User says UPI PIN was not entered by them.,Rejected,Medium,App
CBK0001777,TXN00006951,False,USR81327,MCH9661,2026-02-02 07:12:00,2026-02-05 07:12:00,2026-03-06 07:12:00,3.0,29.0,False,3359.61,False,Account Takeover / Unauthorized,Account Takeover,Customer says transaction was not authorized.,Rejected,Medium,IVR
CBK0002164,TXN00001135,False,USR53527,MCH5076,2026-02-07 00:00:00,2026-02-22 00:00:00,,15.0,,False,2731.02,False,Account Takeover / Unauthorized,Account Takeover,Payment made to unknown merchant as per customer statement.,Closed,High,Chatbot
CBK0002614,TXN00006336,False,USR70866,MCH8906,2026-02-14 00:00:00,2026-02-18 05:26:57,2026-02-22 00:00:00,4.227048611111111,3.772951388888889,False,846.13,False,Amount Mismatch,Wrong Amount,user reports money deducted but merchant denies receiving payment.,Open,Medium,Chatbot
CBK0001317,TXN00016188,False,USR28015,MCH2822,2026-01-23 00:00:00,2026-01-30 11:51:00,2026-02-02 00:00:00,7.49375,2.50625,False,1305.41,False,Item/Service Not Delivered,merchant service issue,user claims account was compromised before transaction.,Pending Bank,Medium,Call Center
CBK0001984,TXN00006529,False,USR67661,MCH7003,2026-01-26 00:00:00,2026-02-01 00:00:00,2026-02-18 03:01:00,6.0,17.125694444444445,False,5747.29,False,Account Takeover / Unauthorized,unauthorized_transaction,customer says transaction was not authorized.,Pending Bank,Low,Chatbot
CBK0002604,TXN00015102,False,USR10831,MCH8980,2026-03-22 00:00:00,2026-03-23 20:33:00,,1.85625,,False,1038.0,False,Other/Unclassified,FRAUD,User says UPI PIN was not entered by them.,Open,Medium,IVR
CBK0002121,TXN00013687,False,USR26337,MCH2065,2026-02-04 00:00:00,2026-02-05 00:00:00,2026-02-22 00:00:00,1.0,17.0,False,506.18,False,Item/Service Not Delivered,Merchant Not Delivered,USER SAYS UPI PIN WAS NOT ENTERED BY THEM.,Open,Medium,IVR
CBK0000839,TXN00014620,False,USR55888,MCH8779,2026-03-20 00:00:00,2026-03-30 00:00:00,2026-04-14 00:00:00,10.0,15.0,False,501.3,False,Account Takeover / Unauthorized,ATO,Customer says amount was debited twice.,Resolved,Medium,Chatbot
CBK0001498,TXN00017926,False,USR98061,MCH5655,2026-02-08 06:54:39,2026-02-10 02:54:00,2026-02-20 00:00:00,1.8328819444444444,9.879166666666666,False,5338.83,False,General Complaint / Dispute,customer issue,Customer complaint text unclear due to poor call center notes.,In Progress,Low,IVR
CBK0000836,TXN00003340,False,USR69581,MCH5218,2026-01-09 19:59:04,2026-01-25 00:00:00,2026-01-26 00:00:00,15.167314814814814,1.0,False,1823.47,False,Other/Unclassified,Fraud Suspected,customer complaint text unclear due to poor call center notes.,Resolved,Medium,Email
CBK0000687,TXN00005195,False,USR53215,MCH8519,2026-03-06 00:00:00,2026-03-07 00:00:00,,1.0,,False,4251.73,False,General Complaint / Dispute,complaint,Customer complaint text unclear due to poor call center notes.,In Progress,Low,Call Center
CBK0001966,TXN00005813,False,USR30602,MCH6570,2026-03-12 21:54:53,2026-03-15 02:54:53,2026-03-30 00:00:00,2.2083333333333335,14.878553240740741,False,1708.0,False,General Complaint / Dispute,Customer Dispute,Payment made to unknown merchant as per customer statement.,Closed,High,Call Center
CBK0002653,TXN00000675,False,USR49080,MCH5147,2026-02-24 00:00:00,2026-02-25 18:22:00,2026-03-20 00:00:00,1.7652777777777777,22.23472222222222,False,3743.54,False,Item/Service Not Delivered,delivery issue,Payment made to unknown merchant as per cust statement.,In Progress,Low,IVR
CBK0000813,TXN00008478,False,USR72576,MCH2072,2026-03-03 00:00:00,2026-03-08 22:39:44,2026-04-05 00:00:00,5.944259259259259,27.05574074074074,False,2598.96,False,Duplicate Debit,charged twice,user claims account was compromised before transaction.,Closed,Critical,App
CBK0002616,TXN00000806,False,USR30612,MCH2757,2026-02-10 00:00:00,2026-02-11 03:28:31,2026-03-05 03:28:00,1.1448032407407407,21.999641203703703,False,3611.11,False,Item/Service Not Delivered,Merchant Not Delivered,Customer says transaction was not authorized.,Resolved,Low,Chatbot
CBK0001340,TXN00001898,False,USR41763,MCH4190,2026-02-25 08:15:11,2026-03-03 00:00:00,2026-03-06 06:15:11,5.656122685185185,3.2605439814814816,False,638.96,False,Account Takeover / Unauthorized,not done by me,Complaint received after multiple failed attempts.,Resolved,Medium,IVR
CBK0001666,TXN00018160,False,USR11659,MCH6810,2026-02-28 00:00:00,2026-03-01 00:00:00,2026-03-17 08:39:00,1.0,16.360416666666666,False,482.0,False,Item/Service Not Delivered,item not received,Complaint received after multiple failed attempts.,Pending Bank,Medium,Chatbot
CBK0002540,TXN00010104,False,USR46321,MCH2065,2026-03-04 00:00:00,2026-03-06 00:00:00,,2.0,,False,1912.26,False,Duplicate Debit,double debit,Merchant service was not delivered after payment.,Open,High,IVR
CBK0001852,TXN00017893,False,USR27328,MCH3100,2026-01-03 00:00:00,2026-01-04 08:34:57,2026-01-27 00:00:00,1.3576041666666667,22.64239583333333,False,4556.84,False,Duplicate Debit,double debit,User claims account was compromised before transaction.,In Progress,Low,IVR
CBK0002646,TXN00007962,False,USR17493,MCH3415,2026-01-06 03:01:00,2026-02-05 00:00:00,2026-02-26 16:01:00,29.874305555555555,21.667361111111113,False,875.42,False,Duplicate Debit,Duplicate Debit,user says upi pin was not entered by them.,Closed,High,IVR
CBK0001411,TXN00011455,False,USR24660,MCH3964,2026-02-02 22:05:00,2026-03-05 00:00:00,,30.07986111111111,,False,3012.1,False,Other/Unclassified,FRAUD,PAYMENT MADE TO UNKNOWN MERCHANT AS PER CUSTOMER STATEMENT.,Open,Low,Call Center
CBK0002150,TXN00013524,False,USR74666,MCH8154,2026-01-31 00:00:00,2026-02-07 00:00:00,2026-03-04 00:00:00,7.0,25.0,False,2142.84,False,Other/Unclassified,Fraud Suspected,Customer says transaction was not authorized.,Open,Low,IVR
CBK0001013,TXN96416,False,USR33841,MCH9291,2026-01-17 07:44:00,2026-01-20 22:44:00,2026-02-14 00:00:00,3.625,24.052777777777777,False,5544.6,False,General Complaint / Dispute,customer issue,User reports money deducted but merchant denies receiving payment.,Pending Bank,Medium,Call Center
CBK0002672,TXN00014672,False,USR51854,MCH2993,2026-02-20 00:00:00,2026-02-22 00:00:00,2026-03-08 09:32:00,2.0,14.397222222222222,False,1817.11,False,Other/Unclassified,FRAUD,Customer says transaction was not authorized.,Open,High,Email
CBK0002468,TXN00004673,False,USR45477,MCH4469,2026-03-14 23:12:19,2026-03-22 16:12:19,2026-04-13 00:00:00,7.708333333333333,21.324780092592594,False,3382.78,False,Other/Unclassified,suspicious transaction,Payment made to unknown merchant as per customer statement.,Closed,Low,Email
CBK0001355,TXN00002926,False,USR49477,MCH5714,2026-03-08 18:59:00,2026-03-19 00:00:00,,10.209027777777777,,False,6014.84,False,Item/Service Not Delivered,item not received,User reports money deducted but merchant denies receiving payment.,Rejected,High,IVR
CBK0000485,TXN00016648,False,USR27340,MCH3100,2026-01-16 15:36:13,2026-01-19 00:00:00,2026-01-31 00:00:00,2.349849537037037,12.0,False,1142.0,False,General Complaint / Dispute,Customer Dispute,Complaint received after multiple failed attempts.,Pending Bank,Medium,Call Center
CBK0000399,TXN00003924,False,USR85504,MCH7005,2026-01-08 00:00:00,,2026-01-16 00:00:00,,,False,2479.92,False,Account Takeover / Unauthorized,not done by me,Complaint received after multiple failed attempts.,Resolved,Medium,Email
CBK0002600,TXN95920,False,USR42158,MCH8602,2026-02-06 12:50:00,2026-02-13 18:50:00,2026-02-21 18:50:00,7.25,8.0,False,45384.61,False,Account Takeover / Unauthorized,Unauthorized Transaction,Merchant service was not delivered after payment.,Closed,High,Chatbot
CBK0002571,TXN00011546,False,USR24926,MCH2822,2026-01-26 00:00:00,2026-02-03 00:00:00,2026-02-17 00:00:00,8.0,14.0,False,3305.27,False,Duplicate Debit,DUP_DEBIT,Complaint received after multiple failed attempts.,Rejected,Low,IVR
CBK0000582,TXN00006728,False,USR32162,MCH1074,2026-02-14 00:00:00,2026-02-17 00:00:00,2026-02-22 00:00:00,3.0,5.0,False,1002.59,False,Item/Service Not Delivered,Merchant Not Delivered,Customer says transaction was not authorized.,Pending Bank,Critical,Email
CBK0002497,TXN00019914,False,USR48451,MCH6538,2026-01-21 19:23:00,2026-01-22 00:00:00,2026-01-26 00:00:00,0.19236111111111112,4.0,False,3065.07,False,Item/Service Not Delivered,no service,User claims account was compromised before transaction.,Pending Bank,Medium,IVR
CBK0000380,TXN00000414,False,USR57745,MCH6126,2026-02-10 00:00:00,2026-02-13 00:00:00,2026-03-13 00:00:00,3.0,28.0,False,806.29,False,Account Takeover / Unauthorized,login compromised,user reports money deducted but merchant denies receiving payment.,Rejected,Low,Call Center
CBK0000665,TXN00012726,False,USR82229,MCH6230,2026-02-07 00:00:00,2026-02-10 01:03:00,,3.04375,,False,360.49,False,Item/Service Not Delivered,delivery issue,Complaint received after multiple failed attempts.,Open,Low,Branch
CBK0000701,TXN00002775,False,USR31842,MCH7869,2026-01-25 00:00:00,2026-01-30 15:50:18,2026-02-21 00:00:00,5.6599305555555555,21.340069444444445,False,6779.18,False,Item/Service Not Delivered,not delivered,Merchant service was not delivered after payment.,Pending Bank,Low,Chatbot
CBK0000269,TXN00016915,False,USR75856,MCH1213,2026-03-25 00:00:00,2026-03-28 00:00:00,2026-04-25 21:01:00,3.0,28.875694444444445,False,886.36,False,Account Takeover / Unauthorized,account hacked,Payment made to unknown merchant as per customer statement.,Closed,Medium,IVR
CBK0001196,TXN00016378,False,USR64980,MCH2065,2026-02-28 14:57:09,2026-03-02 21:57:09,,2.2916666666666665,,False,403.8,False,Other/Unclassified,FRAUD,Complaint received after multiple failed attempts.,Open,High,Chatbot
CBK0002656,TXN00003111,False,USR97954,MCH1274,2026-01-02 00:00:00,2026-01-04 00:00:00,2026-01-11 00:00:00,2.0,7.0,False,1858.78,False,Account Takeover / Unauthorized,account hacked,Customer says transaction was not authorized.,Closed,Low,App
CBK0001743,TXN00005081,False,USR55177,MCH3198,2026-01-10 00:00:00,2026-01-21 00:00:00,,11.0,,False,782.28,False,Account Takeover / Unauthorized,login compromised,User says UPI PIN was not entered by them. NA,Resolved,Low,Chatbot
CBK0000053,TXN00017140,False,USR93610,MCH8296,2026-01-12 00:00:00,2026-01-12 11:37:03,,0.4840625,,False,589.03,False,Account Takeover / Unauthorized,login compromised,User claims account was compromised before transaction.,Closed,Medium,App
CBK0000804,TXN00000677,False,USR35395,MCH8348,2026-01-22 00:00:00,2026-01-22 00:00:00,2026-02-17 10:58:31,0.0,26.457303240740742,False,2773.41,False,Other/Unclassified,fraud,User claims account was compromised before transaction.,Rejected,Low,App
CBK0002371,TXN00007628,False,USR28839,MCH5264,2026-02-03 00:00:00,2026-02-09 00:00:00,2026-02-10 00:00:00,6.0,1.0,False,3211.77,False,Account Takeover / Unauthorized,login compromised,Customer complaint text unclear due to poor call center notes.,Resolved,Low,Chatbot
CBK0002183,TXN00014087,False,USR46806,MCH4485,2026-03-04 13:46:36,2026-03-19 00:00:00,,14.425972222222223,,False,4901.36,False,Duplicate Debit,charged twice,customer complaint text unclear due to poor call center notes.,Rejected,Low,Call Center
CBK0001182,TXN00014058,False,USR96058,MCH5980,2026-01-09 00:00:00,2026-01-19 00:00:00,,10.0,,False,581.96,False,Duplicate Debit,DUP_DEBIT,User reports money deducted but merchant denies receiving payment.,Open,Critical,IVR
CBK0000598,TXN00012035,False,USR93286,MCH1314,2026-02-13 00:00:00,2026-02-14 09:58:00,2026-03-15 09:58:00,1.4152777777777779,29.0,False,1897.14,False,Other/Unclassified,scam,User claims account was compromised before transaction.,Open,Medium,IVR
CBK0002626,TXN00013045,False,USR87914,MCH6675,2026-01-24 23:00:10,,2026-02-21 00:00:00,,,False,1342.39,False,Item/Service Not Delivered,delivery issue,Merchant service was not delivered after payment.,Rejected,Low,IVR
CBK0002162,TXN00001120,False,USR94046,MCH9160,2026-01-27 00:00:00,2026-01-28 00:00:00,,1.0,,False,8008.29,False,Other/Unclassified,UNAUTHORISED,Merchant service was not delivered after payment.,Rejected,Low,Call Center
CBK0000522,TXN00009019,False,USR81185,MCH2065,2026-01-07 00:00:00,2026-01-11 02:56:13,2026-02-08 02:56:13,4.122372685185185,28.0,False,2738.39,False,Item/Service Not Delivered,not delivered,Suspicious high-value payment disputed by customer. call dropped,Closed,Medium,App
CBK0002273,TXN00013117,False,USR27533,MCH4185,2026-02-28 00:00:00,2026-03-06 00:00:00,2026-03-06 00:00:00,6.0,0.0,False,355.32,False,Other/Unclassified,UNAUTHORISED,User reports money deducted but merchant denies receiving payment.,Open,Critical,App
CBK0000983,TXN59214,False,USR51720,MCH6740,2026-03-02 00:00:00,2026-03-03 21:54:00,,1.9125,,False,2012.0,False,General Complaint / Dispute,complaint,complaint received after multiple failed attempts.,Pending Bank,Medium,App
CBK0001975,TXN00019834,False,USR32424,MCH5954,2026-01-11 00:00:00,2026-01-14 00:00:00,2026-02-06 00:00:00,3.0,23.0,False,41457.94,False,Other/Unclassified,FRAUD,Customer says amount was debited twice.,Resolved,Low,Branch
CBK0000981,TXN00009791,False,USR68023,MCH2433,2026-01-11 00:00:00,2026-01-14 00:00:00,2026-01-22 00:00:00,3.0,8.0,False,807.97,False,Duplicate Debit,DUP_DEBIT,Payment made to unknown merchant as per customer statement.,Closed,Low,IVR
CBK0000862,TXN00002240,False,USR25056,MCH6810,2026-03-23 00:00:00,2026-03-26 00:00:00,2026-04-21 10:54:00,3.0,26.454166666666666,False,401.02,False,Amount Mismatch,Wrong Amount,User claims account was compromised before transaction.,Closed,Medium,Call Center
CBK0001262,TXN00010454,False,USR21439,MCH7751,2026-03-15 00:00:00,2026-03-30 22:30:00,2026-04-11 22:30:00,15.9375,12.0,False,470.39,False,Account Takeover / Unauthorized,unauthorized_transaction,Customer complaint text unclear due to poor call center notes.,Resolved,Low,Call Center
CBK0000845,TXN00009880,False,USR90298,MCH5574,2026-01-25 22:25:35,2026-01-28 00:00:00,2026-02-11 19:25:35,2.06556712962963,14.80943287037037,False,731.59,False,Other/Unclassified,suspicious transaction,User says UPI PIN was not entered by them.,Closed,Critical,IVR
CBK0000445,TXN00013230,False,USR28772,MCH3727,2026-01-18 00:00:00,2026-01-22 00:00:00,,4.0,,False,1323.41,False,Item/Service Not Delivered,item not received,customer complaint text unclear due to poor call center notes.,In Progress,Low,Chatbot
CBK0002756,TXN00003850,False,USR52907,MCH1919,2026-03-06 00:00:00,2026-04-20 18:06:08,2026-05-12 18:06:08,45.75425925925926,22.0,False,5978.59,False,Duplicate Debit,charged twice,Suspicious high-value payment disputed by customer.,Rejected,Low,IVR
CBK0000154,TXN00011689,False,USR92364,MCH2569,2026-03-07 00:00:00,2026-03-14 22:06:34,2026-03-23 00:00:00,7.921226851851852,8.078773148148148,False,473.27,False,Item/Service Not Delivered,not delivered,User reports money deducted but merchant denies receiving payment.,Rejected,Low,IVR
CBK0000104,TXN00010908,False,USR70176,MCH5980,2026-02-19 00:00:00,2026-02-22 17:53:00,2026-03-09 00:00:00,3.745138888888889,14.254861111111111,False,608.69,False,Duplicate Debit,double debit,CUSTOMER SAYS TRANSACTION WAS NOT AUTHORIZED.,Rejected,Low,Branch
CBK0002055,TXN00004686,False,USR87013,MCH3011,2026-01-06 00:33:00,2026-01-07 00:00:00,2026-01-27 00:00:00,0.9770833333333333,20.0,False,1634.47,False,General Complaint / Dispute,customer issue,USER CLAIMS ACCOUNT WAS COMPROMISED BEFORE TRANSACTION.,Closed,Medium,Call Center
CBK0001177,TXN00004028,False,USR95524,MCH7017,2026-02-06 00:00:00,2026-02-09 00:00:00,2026-03-01 00:00:00,3.0,20.0,False,2255.0,False,Amount Mismatch,amount mismatch,Customer says amount was debited twice.,In Progress,High,IVR
CBK0001943,TXN00000649,False,USR47711,MCH1196,2026-03-13 00:00:00,2026-04-13 00:00:00,2026-05-11 02:50:07,31.0,28.118136574074075,False,1174.17,False,Item/Service Not Delivered,item not received,user says upi pin was not entered by them.,In Progress,Medium,IVR
CBK0000395,TXN00019343,False,USR25559,MCH6850,2026-02-14 00:00:00,2026-02-17 08:20:00,,3.3472222222222223,,False,4178.65,False,Duplicate Debit,Duplicate Debit,Customer says amount was debited twice.,Pending Bank,High,Call Center
CBK0002584,TXN00014405,False,USR78603,MCH8391,2026-01-17 00:00:00,,2026-02-03 03:04:42,,,False,6441.32,False,General Complaint / Dispute,complaint,Customer says amount was debited twice.,Closed,Low,IVR
CBK0002458,TXN00016001,False,USR25348,MCH7859,2026-02-15 15:36:38,2026-02-20 00:00:00,2026-03-06 15:36:38,4.349560185185185,14.650439814814815,False,992.78,False,Account Takeover / Unauthorized,ATO,Payment made to unknown merchant as per customer statement.,Resolved,Medium,Chatbot
CBK0000463,TXN00017663,False,USR67399,MCH7286,2026-01-11 00:00:00,2026-01-17 00:24:23,2026-02-03 00:00:00,6.01693287037037,16.983067129629628,False,8257.96,False,Item/Service Not Delivered,delivery issue,Customer says amount was debited twice.,In Progress,High,IVR
CBK0002074,TXN00000823,False,USR21224,MCH2266,2026-03-15 05:37:00,2026-03-17 04:37:11,,1.9584606481481481,,False,4418.82,False,General Complaint / Dispute,customer issue,CUSTOMER SAYS AMOUNT WAS DEBITED TWICE.,Open,Medium,App
CBK0000786,TXN00000679,False,USR22762,MCH2342,2026-03-14 00:00:00,2026-03-15 07:28:00,2026-04-02 00:00:00,1.3111111111111111,17.68888888888889,False,4474.08,False,Other/Unclassified,unauth txn,payment made to unknown merchant as per customer statement.,Open,High,IVR
CBK0002266,TXN00009068,False,USR70505,MCH8037,2026-03-25 00:00:00,2026-03-20 00:00:00,2026-03-31 00:00:00,-5.0,11.0,True,1500.0,False,Account Takeover / Unauthorized,unauthorized_transaction,complaint received after multiple failed attempts.,Resolved,Medium,IVR
CBK0000621,TXN59284,False,USR96201,MCH6056,2026-01-12 09:54:00,2026-01-15 00:00:00,,2.5875,,False,1857.0,False,Other/Unclassified,suspicious transaction,Customer says transaction was not authorized.,Rejected,Medium,Branch
CBK0000573,TXN00005006,False,USR65253,MCH5655,2026-01-04 00:00:00,2026-01-07 00:00:00,2026-01-22 00:00:00,3.0,15.0,False,216.3,False,Other/Unclassified,FRAUD,Suspicious high-value payment disputed by customer.,Pending Bank,Low,Chatbot
CBK0000198,TXN00019042,False,USR16744,MCH8391,2026-02-22 00:00:00,2026-03-25 15:25:13,2026-04-24 15:25:13,31.642511574074074,30.0,False,1241.09,False,Other/Unclassified,Fraud Suspected,User says UPI PIN was not entered by them.,Closed,Medium,IVR
CBK0001669,TXN00017590,False,USR41522,MCH4473,2026-01-27 08:27:52,2026-01-29 00:00:00,2026-02-27 00:00:00,1.647314814814815,29.0,False,740.63,False,Duplicate Debit,Duplicate Debit,Complaint received after multiple failed attempts.,In Progress,Medium,Call Center
CBK0002062,TXN00005459,False,USR97255,MCH5730,2026-02-01 00:00:00,,,,,False,10125.57,False,General Complaint / Dispute,dispute raised,Complaint received after multiple failed attempts.,In Progress,Medium,IVR
CBK0002296,TXN00004293,False,USR72591,MCH3992,2026-01-05 00:00:00,2026-01-08 00:00:00,2026-01-14 00:00:00,3.0,6.0,False,830.77,False,Item/Service Not Delivered,item not received,Complaint received after multiple failed attempts.,Closed,Medium,Branch
CBK0001316,TXN00007966,False,USR52956,MCH2383,2026-03-29 21:07:00,2026-03-30 00:00:00,,0.12013888888888889,,False,4920.19,False,Account Takeover / Unauthorized,Unauthorized Transaction,customer says transaction was not authorized.,Rejected,Critical,IVR
CBK0000128,TXN00012176,False,USR84571,MCH5742,2026-03-26 00:00:00,2026-04-05 23:32:00,,10.980555555555556,,False,4272.46,False,Item/Service Not Delivered,Merchant Not Delivered,user says upi pin was not entered by them.,Resolved,Low,Call Center
CBK0001744,TXN00009167,False,USR70912,MCH1602,2026-02-23 00:00:00,2026-02-24 14:21:00,,1.5979166666666667,,False,286.26,False,Item/Service Not Delivered,no service,Complaint received after multiple failed attempts. pls check asap,Closed,Medium,Chatbot
CBK0001697,TXN00015694,False,USR50776,MCH2822,2026-02-07 23:39:00,2026-02-09 21:39:04,2026-02-14 00:00:00,1.916712962962963,4.09787037037037,False,2581.01,False,Item/Service Not Delivered,item not received,merchant service was not delivered after payment.,Open,Low,IVR
CBK0001954,TXN00012046,False,USR82369,MCH6344,2026-03-03 16:22:00,2026-03-06 06:22:00,2026-03-12 06:22:00,2.5833333333333335,6.0,False,2431.27,False,Amount Mismatch,extra amount deducted,Customer complaint text unclear due to poor call center notes.,In Progress,Medium,IVR
CBK0002779,TXN00001284,False,USR62254,MCH5430,2026-01-04 00:00:00,2026-01-06 22:17:15,,2.9286458333333334,,False,141.27,False,Account Takeover / Unauthorized,Account Takeover,User claims account was compromised before transaction.,Closed,Medium,App
CBK0000774,TXN00000794,False,USR78569,MCH4590,2026-03-03 00:00:00,2026-03-05 00:00:00,2026-04-04 10:25:44,2.0,30.434537037037035,False,124.85,False,Item/Service Not Delivered,delivery issue,Suspicious high-value payment disputed by customer.,Open,Medium,IVR
CBK0002344,TXN00018840,False,USR45486,MCH8357,2026-02-20 00:00:00,2026-02-26 00:00:00,2026-03-04 00:00:00,6.0,6.0,False,1901.24,False,Duplicate Debit,charged twice,complaint received after multiple failed attempts.,Closed,High,Branch
CBK0000595,TXN00004517,False,USR57955,MCH8710,2026-02-22 00:00:00,2026-02-23 00:00:00,2026-02-24 00:00:00,1.0,1.0,False,676.55,False,Item/Service Not Delivered,no service,Suspicious high-value payment disputed by customer.,Pending Bank,Low,IVR
CBK0001163,TXN00015098,False,USR22550,MCH3992,2026-01-03 07:07:35,2026-01-06 00:00:00,2026-01-28 08:07:35,2.7030671296296296,22.338599537037037,False,862.23,False,Amount Mismatch,Wrong Amount,User reports money deducted but merchant denies receiving payment.,Pending Bank,Low,Email
CBK0000392,TXN00012439,False,USR38698,MCH3682,2026-02-09 00:00:00,2026-02-11 00:00:00,,2.0,,False,1778.59,False,Item/Service Not Delivered,Merchant Not Delivered,Suspicious high-value payment disputed by customer.,Rejected,Medium,IVR
CBK0001990,TXN00013175,False,USR40088,MCH2076,2026-03-29 13:19:19,2026-04-13 15:19:00,,15.083113425925927,,False,917.0,False,Account Takeover / Unauthorized,account hacked,User says UPI PIN was not entered by them.,In Progress,High,Email
CBK0000518,TXN00019651,False,USR43011,MCH8391,2026-02-17 08:25:20,2026-02-13 00:00:00,2026-03-07 00:00:00,-4.350925925925926,22.0,True,7485.82,False,Other/Unclassified,fraud,USER SAYS UPI PIN WAS NOT ENTERED BY THEM.,Rejected,High,IVR
CBK0000346,TXN00019000,False,USR70482,MCH9834,2026-01-07 00:00:00,,2026-03-01 10:53:00,,,False,595.88,False,Other/Unclassified,service failed,Complaint received after multiple failed attempts.,Rejected,Low,IVR
CBK0002145,TXN00013507,False,USR12300,MCH1320,2026-01-03 15:18:11,2026-01-08 00:00:00,2026-01-31 00:00:00,4.362372685185186,23.0,False,384.66,False,Amount Mismatch,extra amount deducted,user reports money deducted but merchant denies receiving payment.,Pending Bank,Medium,IVR
CBK0001873,TXN00015156,False,USR14556,MCH4153,2026-03-30 00:00:00,2026-04-10 00:00:00,,11.0,,False,743.67,False,Item/Service Not Delivered,Merchant Not Delivered,Customer complaint text unclear due to poor call center notes.,Open,Low,Chatbot
CBK0001518,TXN00015930,False,USR24159,MCH7364,2026-02-10 00:00:00,2026-02-11 00:00:00,,1.0,,False,8611.05,False,Item/Service Not Delivered,no service,User says UPI PIN was not entered by them.,Resolved,Low,App
CBK0002106,TXN00000751,False,USR78076,MCH4328,2026-02-04 00:00:00,2026-02-06 00:00:00,,2.0,,False,3107.33,False,Other/Unclassified,UNAUTHORISED,Complaint received after multiple failed attempts.,Pending Bank,Medium,App
CBK0000052,TXN00002289,False,USR12120,MCH6097,2026-02-03 19:27:00,2026-02-06 16:27:24,,2.875277777777778,,False,397.0,False,Duplicate Debit,charged twice,Customer complaint text unclear due to poor call center notes.,Closed,Low,Branch
CBK0000365,TXN50079,False,USR19852,MCH7962,2026-01-09 00:00:00,2026-01-10 21:54:00,2026-01-26 00:00:00,1.9125,15.0875,False,2659.07,False,Other/Unclassified,FRAUD,Customer complaint text unclear due to poor call center notes.,In Progress,Low,IVR
CBK0000546,TXN00015015,False,USR64208,MCH3613,2026-03-19 10:37:17,2026-03-21 07:37:17,2026-04-12 07:37:17,1.875,22.0,False,1247.41,False,Other/Unclassified,Fraud Suspected,User reports money deducted but merchant denies receiving payment.,Closed,Medium,Chatbot
CBK0000014,TXN00006433,False,USR59260,MCH7254,2026-03-17 00:00:00,2026-03-24 00:00:00,2026-03-30 00:00:00,7.0,6.0,False,468.43,False,Other/Unclassified,suspicious transaction,User says UPI PIN was not entered by them.,Resolved,High,Branch
CBK0002669,TXN00019872,False,USR24991,MCH4473,2026-02-28 00:00:00,2026-03-10 00:00:00,2026-03-27 12:32:00,10.0,17.522222222222222,False,2597.87,False,Other/Unclassified,incorrect amount,User says UPI PIN was not entered by them.,In Progress,Medium,Chatbot
CBK0002791,TXN00015597,False,USR82439,MCH6037,2026-01-19 00:00:00,2026-01-24 00:00:00,2026-02-20 00:00:00,5.0,27.0,False,5141.83,False,Account Takeover / Unauthorized,account hacked,complaint received after multiple failed attempts.,Closed,Low,Call Center
CBK0001832,TXN95203,False,USR76886,MCH4590,2026-02-10 00:00:00,2026-02-13 00:00:00,2026-03-02 06:18:49,3.0,17.26306712962963,False,3668.05,False,Duplicate Debit,double debit,Complaint received after multiple failed attempts.,Open,High,IVR
CBK0001231,TXN00001392,False,USR68023,MCH4246,2026-01-14 05:07:55,2026-01-16 18:07:55,2026-02-04 00:00:00,2.5416666666666665,18.244502314814813,False,508.21,False,Item/Service Not Delivered,delivery issue,Merchant service was not delivered after payment.,In Progress,Medium,App
CBK0001781,TXN00007749,False,USR87914,MCH9316,2026-03-31 00:00:00,2026-04-07 00:00:00,,7.0,,False,1287.86,False,Duplicate Debit,double debit,User reports money deducted but merchant denies receiving payment.,In Progress,High,Email
CBK0002500,TXN00001461,False,USR25808,MCH6058,2026-03-13 00:00:00,,2026-03-16 00:00:00,,,False,740.03,False,Amount Mismatch,extra amount deducted,Merchant service was not delivered after payment. details missing,Pending Bank,Medium,Chatbot
CBK0000684,TXN00017791,False,USR21714,MCH2319,2026-02-12 00:00:00,2026-02-20 00:00:00,2026-03-07 00:00:00,8.0,15.0,False,2658.78,False,Account Takeover / Unauthorized,unauthorized_transaction,user claims account was compromised before transaction.,Pending Bank,Medium,Email
CBK0001810,TXN00004960,False,USR99526,MCH3990,2026-03-28 00:00:00,2026-04-27 22:27:53,2026-05-02 00:00:00,30.936030092592592,4.063969907407407,False,1327.87,False,Item/Service Not Delivered,merchant service issue,User says UPI PIN was not entered by them.,Closed,Low,App
CBK0002297,TXN00013147,False,USR10842,MCH2327,2026-03-29 08:55:00,2026-04-02 00:00:00,,3.6284722222222223,,False,4819.26,False,Account Takeover / Unauthorized,ATO,Complaint received after multiple failed attempts.,In Progress,Low,Call Center
CBK0001526,TXN00000871,False,USR45479,MCH8259,2026-01-04 07:14:00,2026-01-11 00:00:00,,6.698611111111111,,False,589.34,False,General Complaint / Dispute,Customer Dispute,customer says transaction was not authorized.,Resolved,High,Email
CBK0001034,TXN00017915,False,USR65211,MCH7357,2026-02-02 00:00:00,2026-02-08 00:00:00,2026-03-07 06:28:19,6.0,27.26966435185185,False,1532.42,False,Other/Unclassified,service failed,Customer complaint text unclear due to poor call center notes. urgent,Rejected,Medium,IVR
CBK0002298,TXN00017266,False,USR66122,MCH2822,2026-01-20 01:05:38,2026-01-30 00:00:00,,9.954421296296296,,False,260.19,False,Other/Unclassified,FRAUD,User says UPI PIN was not entered by them.,Pending Bank,High,App
CBK0002228,TXN00018314,False,USR71704,MCH3815,2026-03-20 17:55:00,2026-03-21 12:55:00,2026-04-07 00:00:00,0.7916666666666666,16.461805555555557,False,1635.13,False,Item/Service Not Delivered,Merchant Not Delivered,Merchant service was not delivered after payment.,Pending Bank,Medium,Branch
CBK0000016,TXN00013636,False,USR71660,MCH4806,2026-03-19 18:06:00,2026-03-22 07:06:10,2026-03-24 00:00:00,2.5417824074074074,1.704050925925926,False,8898.0,False,General Complaint / Dispute,Customer Dispute,payment made to unknown merchant as per customer statement.,Resolved,Medium,Branch
CBK0001100,TXN58495,False,USR57427,MCH5101,2026-03-19 00:00:00,2026-04-04 00:00:00,,16.0,,False,543.72,False,Duplicate Debit,charged twice,Merchant service was not delivered after payment.,Rejected,Medium,Chatbot
CBK0002643,TXN00011560,False,USR74311,MCH9291,2026-01-06 16:33:45,2026-01-22 11:33:45,2026-02-05 00:00:00,15.791666666666666,13.518229166666666,False,2932.55,False,Item/Service Not Delivered,Merchant Not Delivered,Complaint received after multiple failed attempts.,Rejected,High,Chatbot
CBK0002081,TXN00007014,False,USR43464,MCH9155,2026-01-12 00:00:00,2026-01-14 11:53:14,2026-01-17 00:00:00,2.495300925925926,2.504699074074074,False,1748.13,False,General Complaint / Dispute,dispute raised,User reports money deducted but merchant denies receiving payment.,In Progress,Low,IVR
CBK0002208,TXN00006710,False,USR27567,MCH1708,2026-03-03 00:00:00,,2026-03-23 12:32:00,,,False,12811.39,False,Duplicate Debit,DUP_DEBIT,Customer says transaction was not authorized.,Rejected,High,IVR
CBK0001642,TXN00010479,False,USR22574,MCH9738,2026-01-16 00:00:00,2026-01-18 02:57:54,2026-02-17 02:57:54,2.1235416666666667,30.0,False,3691.3,False,Other/Unclassified,UNAUTHORISED,Customer says transaction was not authorized.,Closed,Medium,Email
CBK0001102,TXN00011957,False,USR73976,MCH5980,2026-03-24 00:49:47,2026-03-25 15:49:00,,1.6244560185185186,,False,3402.48,False,Account Takeover / Unauthorized,ATO,Customer says amount was debited twice.,Open,Low,IVR
CBK0001612,TXN00014722,False,USR65193,MCH2065,2026-01-19 00:00:00,2026-01-22 11:17:44,2026-02-04 11:17:44,3.470648148148148,13.0,False,336.91,False,Other/Unclassified,FRAUD,Complaint received after multiple failed attempts.,In Progress,Medium,Chatbot
CBK0001429,TXN00002466,False,USR67833,MCH9464,2026-03-31 00:00:00,2026-04-03 00:00:00,2026-04-22 00:00:00,3.0,19.0,False,3099.92,False,Account Takeover / Unauthorized,Unauthorized Transaction,User says UPI PIN was not entered by them.,Resolved,Critical,Branch
CBK0002410,TXN00010646,False,USR89422,MCH7235,2026-02-06 00:00:00,2026-02-11 00:00:00,2026-02-11 00:00:00,5.0,0.0,False,12234.17,False,Item/Service Not Delivered,no service,Customer complaint text unclear due to poor call center notes.,In Progress,Low,Chatbot
CBK0002452,TXN00016739,False,USR87040,MCH8521,2026-01-31 00:00:00,2026-02-06 14:44:00,2026-02-15 14:44:00,6.613888888888889,9.0,False,10606.78,False,Other/Unclassified,suspicious transaction,User reports money deducted but merchant denies receiving payment.,Pending Bank,Low,Call Center
CBK0000555,TXN00010709,False,USR61652,MCH3388,2026-03-01 00:00:00,2026-03-04 00:00:00,2026-03-21 00:00:00,3.0,17.0,False,372.66,False,Other/Unclassified,Service Not Provided,customer complaint text unclear due to poor call center notes.,Closed,Medium,Call Center
CBK0001393,TXN00004549,False,USR66391,MCH2802,2026-03-10 00:00:00,2026-03-16 00:00:00,2026-04-02 00:00:00,6.0,17.0,False,1639.85,False,Amount Mismatch,amount mismatch,Customer complaint text unclear due to poor call center notes.,Open,High,Chatbot
CBK0002148,TXN00006250,False,USR11419,MCH4680,2026-01-28 00:26:31,2026-01-29 00:00:00,2026-02-26 00:00:00,0.9815856481481482,28.0,False,836.39,False,General Complaint / Dispute,customer issue,Payment made to unknown merchant as per customer statement.,In Progress,Low,Chatbot
CBK0000581,TXN00007551,False,USR73632,MCH8435,2026-01-11 00:00:00,2026-01-14 00:00:00,2026-01-28 00:00:00,3.0,14.0,False,1887.02,False,Duplicate Debit,Duplicate Debit,merchant service was not delivered after payment.,Resolved,Medium,Chatbot
CBK0001159,TXN00004247,False,USR78862,MCH9098,2026-01-30 00:00:00,,,,,False,1908.75,False,Item/Service Not Delivered,no service,Merchant service was not delivered after payment. NA,In Progress,Medium,Chatbot
CBK0002601,TXN00008048,False,USR47942,MCH3036,2026-02-07 03:19:43,2026-02-10 00:00:00,2026-03-04 00:00:00,2.8613078703703705,22.0,False,7477.0,False,Other/Unclassified,Fraud Suspected,Payment made to unknown merchant as per customer statement.,In Progress,High,IVR
CBK0001015,TXN00016813,False,USR32994,MCH3718,2026-03-06 17:47:01,,,,,False,9012.82,False,Duplicate Debit,charged twice,User reports money deducted but merchant denies receiving payment.,Open,Medium,Branch
CBK0001354,TXN00014155,False,USR29864,MCH9709,2026-02-01 00:00:00,2026-02-06 00:00:00,2026-02-19 00:00:00,5.0,13.0,False,2193.93,False,Duplicate Debit,DUP_DEBIT,Customer says amount was debited twice.,Resolved,Medium,Email
CBK0001200,TXN00008369,False,USR34652,MCH1854,2026-03-09 13:02:31,2026-03-10 00:00:00,2026-03-13 00:00:00,0.45658564814814817,3.0,False,690.97,False,Other/Unclassified,fraud,Payment made to unknown merchant as per cust statement.,Open,Medium,Call Center
CBK0002292,TXN00014118,False,USR56014,MCH1692,2026-01-06 00:00:00,2026-01-07 00:00:00,2026-01-29 00:00:00,1.0,22.0,False,3230.0,False,Amount Mismatch,extra amount deducted,Merchant service was not delivered after payment.,Rejected,Medium,Chatbot
CBK0001447,TXN00015239,False,USR59920,MCH4650,2026-02-17 00:00:00,2026-02-19 00:00:00,2026-02-19 00:00:00,2.0,0.0,False,10770.37,False,Duplicate Debit,charged twice,User says UPI PIN was not entered by them.,In Progress,Low,Branch
CBK0001459,TXN00007662,False,USR87831,MCH6142,2026-02-17 00:00:00,2026-02-18 00:00:00,2026-03-01 00:00:00,1.0,11.0,False,4479.85,False,Other/Unclassified,scam,Merchant service was not delivered after payment.,Open,Medium,IVR
CBK0000676,TXN00010013,False,USR25470,MCH9984,2026-03-24 17:08:02,2026-03-24 00:00:00,2026-04-15 00:00:00,-0.713912037037037,22.0,True,314.65,False,Item/Service Not Delivered,not delivered,Customer says transaction was not authorized.,In Progress,High,IVR
CBK0000797,TXN00010208,False,USR84323,MCH2140,2026-02-23 00:00:00,2026-02-25 00:00:00,2026-03-12 00:00:00,2.0,15.0,False,687.82,False,Item/Service Not Delivered,item not received,User says UPI PIN was not entered by them.,In Progress,Low,IVR
CBK0002723,TXN00017184,False,USR90661,MCH2507,2026-03-11 00:00:00,2026-03-13 12:43:00,2026-04-02 12:43:00,2.529861111111111,20.0,False,3231.22,False,Duplicate Debit,double debit,Customer says transaction was not authorized.,Rejected,Medium,IVR
CBK0001691,TXN00010383,False,USR15365,MCH4695,2026-02-12 00:00:00,2026-02-22 12:37:00,2026-02-28 00:00:00,10.525694444444444,5.4743055555555555,False,4163.19,False,Item/Service Not Delivered,Merchant Not Delivered,Customer says amount was debited twice.,Rejected,Low,IVR
CBK0001118,TXN63034,False,USR93926,MCH9036,2026-01-24 09:06:58,2026-01-26 00:00:00,,1.620162037037037,,False,3681.27,False,Other/Unclassified,UNAUTHORISED,USER CLAIMS ACCOUNT WAS COMPROMISED BEFORE TRANSACTION.,Pending Bank,Medium,Chatbot
CBK0001007,TXN00014381,False,USR51742,MCH7833,2026-01-11 00:00:00,2026-02-10 00:00:00,,30.0,,False,1523.0,False,Other/Unclassified,Fraud Suspected,User reports money deducted but merchant denies receiving payment.,Resolved,High,Call Center
CBK0000877,TXN00009172,False,USR96970,MCH9291,2026-02-13 08:27:00,2026-02-15 00:00:00,2026-02-18 00:00:00,1.6479166666666667,3.0,False,880.82,False,Amount Mismatch,extra amount deducted,Merchant service was not delivered after payment.,In Progress,Medium,IVR
CBK0002605,TXN00007342,False,USR51261,MCH9573,2026-01-06 00:00:00,2026-01-02 14:08:00,2026-01-29 00:00:00,-3.411111111111111,26.41111111111111,True,9521.14,False,Other/Unclassified,Service Not Provided,USER REPORTS MONEY DEDUCTED BUT MERCHANT DENIES RECEIVING PAYMENT.,In Progress,Medium,Branch
CBK0001442,TXN00004821,False,USR82070,MCH9291,2026-03-08 00:00:00,2026-03-18 00:00:00,,10.0,,False,165.89,False,Duplicate Debit,DUP_DEBIT,Merchant service was not delivered after payment.,Closed,Low,Chatbot
CBK0000766,TXN00012205,False,USR25990,MCH4590,2026-01-08 15:49:00,,2026-02-09 00:00:00,,,False,2093.79,False,Item/Service Not Delivered,item not received,Customer complaint text unclear due to poor call center notes.,Pending Bank,Medium,Branch
CBK0001053,TXN00012989,False,USR53359,MCH4181,2026-02-22 00:00:00,2026-02-28 09:07:48,2026-03-21 00:00:00,6.380416666666667,20.619583333333335,False,2439.31,False,General Complaint / Dispute,dispute raised,Customer says transaction was not authorized.,In Progress,Low,Branch
CBK0001793,TXN00004370,False,USR75457,MCH8779,2026-01-24 00:00:00,2026-01-30 00:00:00,2026-02-16 00:00:00,6.0,17.0,False,733.59,False,Other/Unclassified,UNAUTHORISED,user claims account was compromised before transaction.,Pending Bank,Medium,IVR
CBK0002649,TXN00007227,False,USR18102,MCH8436,2026-03-03 00:00:00,2026-03-06 08:40:00,2026-03-15 00:00:00,3.361111111111111,8.63888888888889,False,3120.43,False,Item/Service Not Delivered,no service,Payment made to unknown merchant as per customer statement.,Rejected,Medium,Email
CBK0002122,TXN00015416,False,USR51198,MCH5655,2026-02-07 00:00:00,2026-02-09 00:00:00,,2.0,,False,4100.6,False,Other/Unclassified,incorrect amount,Merchant service was not delivered after payment.,Rejected,Low,Email
CBK0000850,TXN00013581,False,USR49649,MCH8251,2026-01-09 00:00:00,2026-01-09 22:29:08,2026-01-24 22:29:00,0.9368981481481482,14.999907407407408,False,162.44,False,Other/Unclassified,FRAUD,Payment made to unknown merchant as per customer statement.,Closed,Low,Chatbot
CBK0000008,TXN00010497,False,USR15241,MCH2822,2026-02-10 00:00:00,2026-02-15 00:00:00,2026-02-16 00:00:00,5.0,1.0,False,1549.8,False,Account Takeover / Unauthorized,ATO,Merchant service was not delivered after payment.,Pending Bank,Medium,Chatbot
CBK0002283,TXN00010523,False,USR84010,MCH6886,2026-02-22 02:27:40,2026-02-25 00:00:00,,2.897453703703704,,False,907.87,False,Amount Mismatch,amount mismatch,Customer complaint text unclear due to poor call center notes.,In Progress,Medium,App
CBK0001720,TXN00009955,False,USR71375,MCH7982,2026-03-04 05:18:00,2026-03-11 00:00:00,,6.779166666666667,,False,2132.38,False,Item/Service Not Delivered,Merchant Not Delivered,user claims account was compromised before transaction.,Pending Bank,Medium,Chatbot
CBK0000548,TXN00010219,False,USR53771,MCH4421,2026-03-03 00:00:00,2026-03-06 00:00:00,2026-03-23 00:00:00,3.0,17.0,False,9344.29,False,Account Takeover / Unauthorized,unauthorized_transaction,customer says transaction was not authorized.,In Progress,High,Chatbot
CBK0002025,TXN00011048,False,USR73065,MCH3751,2026-02-09 00:00:00,2026-02-11 00:00:00,2026-03-11 00:00:00,2.0,28.0,False,946.11,False,General Complaint / Dispute,dispute raised,Suspicious high-value payment disputed by customer.,Closed,Low,App
CBK0001019,TXN00010667,False,USR25121,MCH5175,2026-03-01 00:00:00,2026-03-02 09:12:00,2026-03-16 09:12:00,1.3833333333333333,14.0,False,276.61,False,General Complaint / Dispute,customer issue,Complaint received after multiple failed attempts.,Open,Low,Email
CBK0001128,TXN00007988,False,USR69706,MCH2973,2026-01-11 00:00:00,2026-01-17 00:00:00,,6.0,,False,1309.6,False,Account Takeover / Unauthorized,Unauthorized Transaction,Merchant service was not delivered after payment.,Resolved,Low,IVR
CBK0000659,TXN00017737,False,USR53527,MCH3861,2026-02-11 00:00:00,2026-02-16 00:00:00,2026-02-28 23:40:00,5.0,12.98611111111111,False,1419.1,False,General Complaint / Dispute,customer issue,Payment made to unknown merchant as per customer statement.,Closed,Critical,Chatbot
CBK0002624,TXN00001580,False,USR72987,MCH6380,2026-01-18 00:00:00,2026-01-22 00:00:00,2026-01-25 01:58:32,4.0,3.082314814814815,False,19958.58,False,Account Takeover / Unauthorized,Unauthorized Transaction,Customer complaint text unclear due to poor call center notes.,Pending Bank,Critical,App
CBK0000233,TXN00018991,False,USR98336,MCH7031,2026-02-17 00:00:00,2026-02-23 00:00:00,2026-03-23 17:03:00,6.0,28.710416666666667,False,5661.32,False,Other/Unclassified,unauth txn,Customer complaint text unclear due to poor call center notes.,Open,Medium,IVR
CBK0002651,TXN00011973,False,USR27533,MCH7670,2026-02-16 20:01:15,2026-02-19 15:01:15,2026-02-26 15:01:15,2.7916666666666665,7.0,False,50.0,False,Item/Service Not Delivered,item not received,Payment made to unknown merchant as per customer statement.,Open,Medium,Branch
CBK0001705,TXN00019762,False,USR21831,MCH4473,2026-01-29 00:00:00,2026-02-01 11:13:12,2026-02-13 00:00:00,3.4675,11.5325,False,978.26,False,Other/Unclassified,fraud,User claims account was compromised before transaction.,Resolved,High,Email
CBK0002028,TXN00013363,False,USR79366,MCH1123,2026-02-15 00:00:00,,2026-02-27 00:00:00,,,False,740.0,False,General Complaint / Dispute,dispute raised,User claims account was compromised before transaction.,Rejected,Low,Chatbot
CBK0001401,TXN00005811,False,USR43185,MCH1236,2026-02-17 19:01:40,2026-02-18 20:01:40,,1.0416666666666667,,False,636.43,False,Other/Unclassified,incorrect amount,user says upi pin was not entered by them.,Closed,Medium,Chatbot
CBK0001083,TXN00012710,False,USR93300,MCH8278,2026-03-31 09:56:13,2026-04-04 00:00:00,,3.585960648148148,,False,1691.84,False,Item/Service Not Delivered,delivery issue,Customer says transaction was not authorized. NA,In Progress,Low,Call Center
CBK0002715,TXN00004748,False,USR44569,MCH3100,2026-02-09 00:00:00,2026-02-09 00:00:00,2026-02-25 00:00:00,0.0,16.0,False,3976.68,False,Item/Service Not Delivered,item not received,Payment made to unknown merchant as per cust statement.,Closed,Low,Email
CBK0001450,TXN00009783,False,USR83126,MCH9291,2026-01-24 22:52:00,2026-01-30 00:00:00,2026-02-15 00:00:00,5.0472222222222225,16.0,False,2123.46,False,Duplicate Debit,Duplicate Debit,User says UPI PIN was not entered by them.,Closed,Medium,Chatbot
CBK0001659,TXN00013503,False,USR75281,MCH8953,2026-03-29 00:00:00,2026-04-01 23:21:32,,3.973287037037037,,False,2276.34,False,Item/Service Not Delivered,no service,Customer says transaction was not authorized.,Rejected,Medium,Call Center
CBK0001737,TXN35157,False,USR51742,MCH3992,2026-01-22 00:00:00,,,,,False,4673.28,False,Account Takeover / Unauthorized,Account Takeover,Customer says transaction was not authorized.,Closed,Critical,App
CBK0001472,TXN00015404,False,USR62254,MCH1722,2026-03-29 00:00:00,2026-03-30 00:00:00,2026-03-31 17:46:38,1.0,1.7407175925925926,False,1356.41,False,General Complaint / Dispute,dispute raised,user says upi pin was not entered by them.,Open,Low,App
CBK0002308,TXN00006966,False,USR87795,MCH4912,2026-02-11 00:00:00,2026-02-12 20:09:09,2026-02-17 00:00:00,1.8396875,4.1603125,False,645.29,False,Item/Service Not Delivered,no service,Customer says transaction was not authorized.,In Progress,Medium,Email
CBK0000364,TXN00017377,False,USR55664,MCH9309,2026-02-02 00:00:00,2026-02-08 04:18:41,2026-02-19 00:00:00,6.179641203703704,10.820358796296297,False,9493.15,False,Duplicate Debit,charged twice,Customer complaint text unclear due to poor call center notes. call dropped,Open,Medium,Branch
CBK0001050,TXN00010429,False,USR33397,MCH2522,2026-03-18 20:21:00,2026-05-03 00:00:00,2026-05-16 04:21:08,45.15208333333333,13.181342592592593,False,4066.0,False,Duplicate Debit,DUP_DEBIT,Customer complaint text unclear due to poor call center notes.,In Progress,Low,IVR
CBK0000628,TXN00004074,False,USR56605,MCH8953,2026-02-24 20:57:00,2026-03-02 00:00:00,2026-03-23 00:00:00,5.127083333333333,21.0,False,3617.74,False,Item/Service Not Delivered,merchant service issue,Payment made to unknown merchant as per customer statement.,Rejected,Low,Email
CBK0000992,TXN00000272,False,USR31026,MCH2646,2026-01-03 12:44:24,,2026-01-25 00:00:00,,,False,9250.0,False,Account Takeover / Unauthorized,account hacked,User claims account was compromised before transaction.,Pending Bank,Medium,Branch
CBK0001437,TXN00009735,False,USR48653,MCH3671,2026-02-04 00:00:00,2026-02-07 00:00:00,2026-02-15 00:00:00,3.0,8.0,False,1222.97,False,Item/Service Not Delivered,item not received,Customer complaint text unclear due to poor call center notes.,Pending Bank,High,Chatbot
CBK0000214,TXN00000769,False,USR93581,MCH6844,2026-03-18 00:00:00,,2026-04-06 00:00:00,,,False,509.24,False,Amount Mismatch,extra amount deducted,User claims account was compromised before transaction.,Open,Medium,IVR
CBK0000213,TXN00019537,False,USR55133,MCH1458,2026-02-15 00:00:00,2026-02-15 13:11:18,2026-02-15 00:00:00,0.5495138888888889,-0.5495138888888889,False,613.06,False,General Complaint / Dispute,customer issue,User reports money deducted but merchant denies receiving payment. NA,Rejected,Medium,Call Center
CBK0000500,TXN00002450,False,USR53546,MCH7357,2026-01-21 00:00:00,2026-01-23 00:00:00,,2.0,,False,896.7,False,Amount Mismatch,amount mismatch,User claims account was compromised before transaction.,Pending Bank,Medium,Chatbot
CBK0000355,TXN00010372,False,USR64774,MCH3196,2026-03-08 13:27:13,2026-03-23 00:00:00,2026-04-11 00:00:00,14.43943287037037,19.0,False,307.0,False,Other/Unclassified,UNAUTHORISED,CUSTOMER SAYS TRANSACTION WAS NOT AUTHORIZED.,In Progress,Critical,IVR
CBK0002527,TXN00014880,False,USR22078,MCH5647,2026-01-13 00:00:00,,2026-02-02 00:00:00,,,False,3936.04,False,Other/Unclassified,unauth txn,Payment made to unknown merchant as per customer statement.,Resolved,Medium,Email
CBK0001368,TXN00017555,False,USR49364,MCH8953,2026-01-24 07:12:30,,2026-02-14 00:00:00,,,False,2069.43,False,Account Takeover / Unauthorized,Unauthorized Transaction,user reports money deducted but merchant denies receiving payment.,Open,Low,Chatbot
CBK0002349,TXN00003229,False,USR86279,MCH1006,2026-02-21 00:00:00,2026-02-26 12:36:19,2026-03-25 00:00:00,5.525219907407408,26.474780092592592,False,12194.3,False,Duplicate Debit,double debit,User reports money deducted but merchant denies receiving payment.,In Progress,Medium,Chatbot
CBK0000948,TXN00019010,False,USR39487,MCH7891,2026-02-18 00:00:00,2026-02-13 00:00:00,2026-02-27 00:00:00,-5.0,14.0,True,983.91,False,Account Takeover / Unauthorized,ATO,Payment made to unknown merchant as per customer statement.,Pending Bank,Low,Email
CBK0002115,TXN00015780,False,USR98420,MCH7025,2026-01-21 00:00:00,2026-02-06 03:02:02,2026-02-27 00:00:00,16.12641203703704,20.87358796296296,False,1404.29,False,General Complaint / Dispute,Customer Dispute,User says UPI PIN was not entered by them.,Open,Medium,IVR
CBK0002800,TXN00003664,False,USR55718,MCH3777,2026-01-08 06:03:43,2026-01-10 21:03:00,2026-01-31 21:03:00,2.6245023148148148,21.0,False,1000.95,False,Item/Service Not Delivered,Merchant Not Delivered,Customer says amount was debited twice.,Closed,Medium,IVR
CBK0002478,TXN00016308,False,USR74358,MCH6401,2026-01-14 00:00:00,2026-01-17 21:14:00,2026-01-23 21:14:01,3.8847222222222224,6.000011574074074,False,3857.22,False,Other/Unclassified,fraud,Suspicious high-value payment disputed by customer.,Open,Low,Chatbot
CBK0000748,TXN00009850,False,USR16745,MCH7753,2026-02-06 07:19:27,2026-02-04 07:19:27,2026-02-21 00:00:00,-2.0,16.694826388888888,True,1130.39,False,Other/Unclassified,FRAUD,Customer complaint text unclear due to poor call center notes.,Open,Low,Email
CBK0000745,TXN00010462,False,USR47272,MCH8805,2026-01-13 00:00:00,2026-01-17 00:35:00,2026-02-03 00:35:16,4.024305555555555,17.000185185185185,False,4246.38,False,Account Takeover / Unauthorized,account hacked,User reports money deducted but merchant denies receiving payment.,Closed,Low,Chatbot
CBK0000102,TXN00013948,False,USR79115,MCH3570,2026-01-22 00:00:00,2026-01-29 19:15:57,2026-02-16 19:15:57,7.802743055555555,18.0,False,7171.27,False,General Complaint / Dispute,complaint,Payment made to unknown merchant as per customer statement.,In Progress,Low,App
CBK0001786,TXN91289,False,USR77896,MCH8389,2026-03-08 00:00:00,2026-03-19 00:00:00,,11.0,,False,954.04,False,Item/Service Not Delivered,no service,Complaint received after multiple failed attempts.,Resolved,Critical,Branch
CBK0001877,TXN98339,False,USR15575,MCH5651,2026-01-29 20:48:22,2026-01-28 00:00:00,2026-02-04 00:00:00,-1.8669212962962962,7.0,True,194.24,False,Other/Unclassified,FRAUD,User says UPI PIN was not entered by them.,In Progress,Low,Chatbot
CBK0000557,TXN00012212,False,USR36059,MCH7684,2026-02-03 00:00:00,2026-02-03 19:12:00,2026-02-09 00:00:00,0.8,5.2,False,2586.86,False,Duplicate Debit,DUP_DEBIT,User reports money deducted but merchant denies receiving payment.,Pending Bank,Low,Branch
CBK0000714,TXN00000238,False,USR50454,MCH5655,2026-02-06 00:00:00,2026-02-07 00:00:00,,1.0,,False,2745.21,False,Account Takeover / Unauthorized,unauthorized_transaction,Suspicious high-value payment disputed by customer.,Pending Bank,Medium,Email
CBK0000848,TXN00000823,False,USR23460,MCH5954,2026-03-30 00:00:00,2026-04-29 00:00:00,2026-05-06 00:00:00,30.0,7.0,False,1982.27,False,Other/Unclassified,scam,Customer says transaction was not authorized.,Resolved,Low,IVR
CBK0001120,TXN00004989,False,USR96958,MCH5208,2026-01-23 00:00:00,2026-01-24 15:03:00,2026-02-06 00:00:00,1.6270833333333334,12.372916666666667,False,5305.63,False,General Complaint / Dispute,customer issue,customer says amount was debited twice.,Pending Bank,Medium,Chatbot
CBK0002593,TXN00017923,False,USR87216,MCH8000,2026-02-22 07:31:00,2026-02-24 00:00:00,2026-03-03 10:31:06,1.6868055555555554,7.438263888888889,False,1055.53,False,Duplicate Debit,charged twice,Suspicious high-value payment disputed by customer.,Closed,Medium,Chatbot
CBK0001631,TXN00014809,False,USR76917,MCH2822,2026-02-24 07:09:00,2026-02-25 00:00:00,2026-03-22 00:00:00,0.7020833333333333,25.0,False,1458.95,False,Item/Service Not Delivered,Merchant Not Delivered,customer says amount was debited twice.,Resolved,Medium,App
CBK0001135,TXN00011148,False,USR73600,MCH2913,2026-02-07 00:00:00,2026-02-14 13:33:58,2026-03-16 13:33:00,7.56525462962963,29.999328703703704,False,745.95,False,General Complaint / Dispute,Customer Dispute,User says UPI PIN was not entered by them.,Open,Low,IVR
CBK0002060,TXN00010691,False,USR71335,MCH8391,2026-01-09 00:00:00,2026-01-13 00:00:00,2026-01-20 00:00:00,4.0,7.0,False,518.38,False,Amount Mismatch,Wrong Amount,User reports money deducted but merchant denies receiving payment.,Rejected,Medium,App
CBK0002362,TXN00007811,False,USR20310,MCH8076,2026-02-15 08:01:23,2026-02-18 00:00:00,2026-03-05 13:01:23,2.6657060185185184,15.542627314814816,False,1224.0,False,Item/Service Not Delivered,Merchant Not Delivered,Payment made to unknown merchant as per customer statement.,In Progress,High,IVR
CBK0002503,TXN00013623,False,USR34012,MCH2141,2026-03-05 13:39:14,,2026-04-02 00:00:00,,,False,3159.54,False,Account Takeover / Unauthorized,Unauthorized Transaction,User says UPI PIN was not entered by them.,Open,Low,Email
CBK0001947,TXN00018820,False,USR36913,MCH9291,2026-02-20 00:00:00,2026-03-02 00:00:00,2026-03-27 00:00:00,10.0,25.0,False,7255.27,False,Amount Mismatch,amount mismatch,User claims account was compromised before transaction.,Resolved,Low,IVR
CBK0001114,TXN00004265,False,USR40538,MCH7833,2026-03-06 00:00:00,2026-03-07 00:42:00,2026-03-18 00:00:00,1.0291666666666666,10.970833333333333,False,330.36,False,Item/Service Not Delivered,Merchant Not Delivered,Payment made to unknown merchant as per cust statement.,In Progress,Low,Chatbot
CBK0002450,TXN00005485,False,USR94055,MCH5437,2026-01-06 19:11:31,2026-01-07 00:00:00,2026-01-09 00:00:00,0.20033564814814814,2.0,False,4839.05,False,Other/Unclassified,Fraud Suspected,Merchant service was not delivered after payment.,In Progress,Critical,Branch
CBK0001014,TXN00005083,False,USR78215,MCH9892,2026-01-29 08:31:00,2026-01-31 14:31:24,,2.250277777777778,,False,448.0,False,Item/Service Not Delivered,not delivered,Payment made to unknown merchant as per customer statement.,Rejected,Medium,Email
CBK0002425,TXN00014868,False,USR39427,MCH2383,2026-01-23 23:41:30,2026-01-27 13:41:00,,3.582986111111111,,False,367.0,False,Item/Service Not Delivered,Merchant Not Delivered,Suspicious high-value payment disputed by customer.,Pending Bank,Medium,IVR
CBK0001039,TXN00010686,False,USR79207,MCH7408,2026-02-27 07:41:36,2026-03-01 20:41:36,2026-03-03 00:00:00,2.5416666666666665,1.1377777777777778,False,1379.0,False,Amount Mismatch,extra amount deducted,User says UPI PIN was not entered by them.,Rejected,High,App
CBK0001236,TXN00016325,False,USR50779,MCH1320,2026-03-01 00:00:00,2026-03-07 00:00:00,2026-04-06 06:00:50,6.0,30.250578703703702,False,1085.5,False,Account Takeover / Unauthorized,not done by me,Suspicious high-value payment disputed by customer.,Rejected,Medium,Email
CBK0002310,TXN00008525,False,USR62313,MCH8146,2026-03-03 00:00:00,2026-03-05 00:00:00,,2.0,,False,1760.95,False,Amount Mismatch,Wrong Amount,Suspicious high-value payment disputed by customer.,Closed,High,Branch
CBK0000222,TXN00003640,False,USR39837,MCH5980,2026-01-07 11:53:00,2026-01-09 00:00:00,2026-01-24 12:53:46,1.5048611111111112,15.537337962962964,False,2301.83,False,Account Takeover / Unauthorized,Account Takeover,Suspicious high-value payment disputed by customer.,Pending Bank,Medium,Call Center
CBK0000556,TXN00013406,False,USR49847,MCH4590,2026-03-08 00:00:00,2026-03-24 02:07:00,2026-04-16 00:00:00,16.088194444444444,22.911805555555556,False,6052.19,False,Other/Unclassified,suspicious transaction,Customer complaint text unclear due to poor call center notes.,Open,High,IVR
CBK0000190,TXN00009749,False,USR32223,MCH5076,2026-01-15 00:00:00,2026-01-23 00:00:00,2026-02-02 00:00:00,8.0,10.0,False,193.15,False,Amount Mismatch,amount mismatch,Customer says transaction was not authorized.,Resolved,Low,IVR
CBK0001643,TXN00000106,False,USR58071,MCH5954,2026-02-11 00:00:00,2026-02-19 08:16:00,,8.344444444444445,,False,7755.19,False,Account Takeover / Unauthorized,unauthorized_transaction,Complaint received after multiple failed attempts.,Pending Bank,Critical,Chatbot
CBK0001494,TXN00012935,False,USR97835,MCH9262,2026-01-26 00:00:00,2026-01-27 01:43:00,2026-02-13 00:00:00,1.0715277777777779,16.928472222222222,False,7997.0,False,General Complaint / Dispute,dispute raised,User reports money deducted but merchant denies receiving payment.,Open,Low,Chatbot
CBK0002574,TXN00017235,False,USR62800,MCH8945,2026-02-08 05:11:43,2026-02-12 02:11:43,2026-02-25 02:11:00,3.875,12.999502314814816,False,18567.74,False,Item/Service Not Delivered,no service,User says UPI PIN was not entered by them.,Pending Bank,Medium,IVR
CBK0001731,TXN00004984,False,USR87558,MCH9299,2026-03-31 00:00:00,2026-04-05 00:00:00,,5.0,,False,1369.23,False,Account Takeover / Unauthorized,ATO,User reports money deducted but merchant denies receiving payment.,Resolved,High,Chatbot
CBK0001134,TXN00017548,False,USR13243,MCH9359,2026-03-11 00:00:00,2026-03-13 00:00:00,2026-03-29 00:00:00,2.0,16.0,False,6612.88,False,Duplicate Debit,Duplicate Debit,User reports money deducted but merchant denies receiving payment.,Resolved,Medium,IVR
CBK0000378,TXN00018467,False,USR80805,MCH5264,2026-02-14 00:00:00,,2026-03-15 00:00:00,,,False,688.0,False,Duplicate Debit,Duplicate Debit,customer says transaction was not authorized.,In Progress,Medium,Branch
CBK0001826,TXN00012615,False,USR61997,MCH4353,2026-02-02 00:00:00,2026-02-13 14:10:00,2026-03-03 14:10:36,11.590277777777779,18.000416666666666,False,2049.68,False,Account Takeover / Unauthorized,unauthorized_transaction,Suspicious high-value payment disputed by customer.,Pending Bank,Medium,App
CBK0002763,TXN00010243,False,USR96392,MCH8516,2026-03-29 07:29:00,2026-03-29 22:29:48,2026-04-14 00:00:00,0.6255555555555555,15.06263888888889,False,1043.0,False,Other/Unclassified,incorrect amount,merchant service was not delivered after payment.,Resolved,Low,Call Center
CBK0000597,TXN00012105,False,USR80223,MCH3594,2026-02-07 00:00:00,2026-03-10 00:00:00,2026-03-25 00:00:00,31.0,15.0,False,1866.96,False,Duplicate Debit,Duplicate Debit,User reports money deducted but merchant denies receiving payment.,In Progress,Low,Chatbot
CBK0000082,TXN00013051,False,USR86387,MCH8735,2026-02-26 00:00:00,2026-02-27 00:00:00,,1.0,,False,7272.0,False,Item/Service Not Delivered,item not received,Suspicious high-value payment disputed by customer.,In Progress,Low,App
CBK0001742,TXN00000794,False,USR25428,MCH4105,2026-02-19 00:00:00,2026-02-22 00:00:00,,3.0,,False,6042.03,False,Item/Service Not Delivered,Merchant Not Delivered,Complaint received after multiple failed attempts.,Open,High,IVR
CBK0002108,TXN00013246,False,USR62233,MCH8714,2026-02-12 00:00:00,2026-02-15 00:00:00,2026-02-17 00:00:00,3.0,2.0,False,5800.55,False,Duplicate Debit,charged twice,Customer says amount was debited twice.,Rejected,Low,App
CBK0001017,TXN85757,False,USR56228,MCH8964,2026-03-29 00:00:00,2026-04-02 00:00:00,2026-04-19 00:00:00,4.0,17.0,False,585.8,False,Duplicate Debit,charged twice,Payment made to unknown merchant as per customer statement.,Rejected,Critical,Chatbot
CBK0000611,TXN00014367,False,USR58639,MCH4078,2026-02-17 00:00:00,2026-03-05 00:00:00,,16.0,,False,996.14,False,Other/Unclassified,service failed,User says UPI PIN was not entered by them.,Open,Low,Chatbot
CBK0000604,TXN00008566,False,USR17861,MCH3597,2026-03-12 00:00:00,2026-03-15 06:08:29,,3.2558912037037038,,False,2673.74,False,Other/Unclassified,unauth txn,User claims account was compromised before transaction.,Pending Bank,Low,Chatbot
CBK0000889,TXN00015963,False,USR97266,MCH6752,2026-01-12 00:00:00,2026-01-22 00:00:00,2026-01-28 00:00:00,10.0,6.0,False,3356.0,False,Other/Unclassified,FRAUD,CUSTOMER SAYS AMOUNT WAS DEBITED TWICE.,In Progress,Medium,IVR
CBK0000462,TXN00018761,False,USR24660,MCH9291,2026-01-23 00:00:00,2026-01-24 00:00:00,2026-02-17 00:00:00,1.0,24.0,False,1500.59,False,Account Takeover / Unauthorized,unauthorized_transaction,Customer says amount was debited twice.,In Progress,Low,Email
CBK0000231,TXN00017060,False,USR94815,MCH5980,2026-03-25 11:16:26,2026-04-05 00:00:00,2026-04-09 00:00:00,10.53025462962963,4.0,False,575.09,False,General Complaint / Dispute,Customer Dispute,User reports money deducted but merchant denies receiving payment.,Closed,Low,IVR
CBK0000764,TXN00017113,False,USR98093,MCH8779,2026-03-18 14:56:31,2026-03-21 00:00:00,2026-04-09 00:00:00,2.3774189814814815,19.0,False,580.57,False,General Complaint / Dispute,Customer Dispute,Merchant service was not delivered after payment.,Pending Bank,Medium,Branch
CBK0001745,TXN00007273,False,USR17798,MCH6810,2026-03-02 00:00:00,2026-03-04 00:00:00,2026-03-25 00:00:00,2.0,21.0,False,673.49,False,Duplicate Debit,Duplicate Debit,Payment made to unknown merchant as per customer statement.,Open,Medium,Call Center
CBK0001806,TXN00003889,False,USR73653,MCH4226,2026-01-12 01:06:58,2026-01-17 00:00:00,2026-02-07 00:00:00,4.95349537037037,21.0,False,2760.0,False,Other/Unclassified,scam,User says UPI PIN was not entered by them.,Rejected,High,IVR
CBK0001566,TXN00004832,False,USR79325,MCH4041,2026-01-15 00:00:00,2026-01-26 00:00:00,,11.0,,False,1582.6,False,Account Takeover / Unauthorized,Unauthorized Transaction,Customer says amount was debited twice.,In Progress,Medium,Email
CBK0001207,TXN00007505,False,USR33427,MCH5300,2026-01-31 06:45:27,2026-02-02 09:45:27,2026-02-21 00:00:00,2.125,18.5934375,False,13713.48,False,Duplicate Debit,Duplicate Debit,Customer complaint text unclear due to poor call center notes.,In Progress,Low,Chatbot
CBK0001428,TXN00001443,False,USR74417,MCH7286,2026-01-30 00:00:00,2026-02-02 00:00:00,2026-02-05 00:00:00,3.0,3.0,False,504.11,False,Other/Unclassified,UNAUTHORISED,User claims account was compromised before transaction.,Open,Low,App
CBK0001469,TXN00008274,False,USR45724,MCH3032,2026-02-25 00:00:00,2026-02-28 00:00:00,2026-03-18 11:31:43,3.0,18.480358796296297,False,1114.45,False,Item/Service Not Delivered,not delivered,Suspicious high-value payment disputed by customer.,Resolved,High,Call Center
CBK0000078,TXN00019392,False,USR55898,MCH8405,2026-01-21 00:00:00,2026-01-22 00:00:00,2026-01-27 00:00:00,1.0,5.0,False,16244.17,False,General Complaint / Dispute,customer issue,User claims account was compromised before transaction.,Closed,High,IVR
CBK0002648,TXN00015715,False,USR23388,MCH7559,2026-02-10 00:00:00,2026-02-12 17:59:00,2026-02-15 17:59:00,2.7493055555555554,3.0,False,9730.68,False,Amount Mismatch,amount mismatch,Customer complaint text unclear due to poor call center notes.,In Progress,Low,Email
CBK0001878,TXN00014566,False,USR75314,MCH2363,2026-03-20 00:00:00,2026-03-24 07:04:16,2026-04-09 07:04:16,4.29462962962963,16.0,False,2311.12,False,Duplicate Debit,charged twice,customer says transaction was not authorized.,Pending Bank,High,App
CBK0002171,TXN00015034,False,USR73039,MCH1572,2026-03-19 00:00:00,2026-03-22 20:42:00,,3.8625,,False,8134.61,False,Duplicate Debit,DUP_DEBIT,Payment made to unknown merchant as per cust statement.,Resolved,Medium,Call Center
CBK0001202,TXN00005621,False,USR59000,MCH3815,2026-03-15 00:00:00,2026-03-19 21:25:48,,4.892916666666666,,False,8601.0,False,General Complaint / Dispute,customer issue,Customer says transaction was not authorized.,Resolved,Low,Chatbot
CBK0001332,TXN00009814,False,USR65176,MCH2398,2026-01-22 00:00:00,2026-02-01 00:00:00,2026-02-26 11:15:00,10.0,25.46875,False,1195.47,False,Item/Service Not Delivered,not delivered,Customer says transaction was not authorized.,In Progress,Medium,Branch
CBK0000177,TXN00001663,False,USR24926,MCH7681,2026-02-08 00:00:00,2026-02-11 00:00:00,2026-02-17 00:00:00,3.0,6.0,False,2379.68,False,Other/Unclassified,service failed,Complaint received after multiple failed attempts.,Resolved,Low,IVR
CBK0001220,TXN00001198,False,USR21945,MCH7467,2026-02-05 16:07:55,2026-02-03 00:00:00,2026-02-25 00:00:00,-2.6721643518518516,22.0,True,3605.24,False,Account Takeover / Unauthorized,not done by me,User says UPI PIN was not entered by them.,Resolved,High,App
CBK0002721,TXN00017658,False,USR43499,MCH9765,2026-02-09 16:24:25,2026-02-10 00:00:00,2026-02-12 18:24:00,0.3163773148148148,2.7666666666666666,False,845.38,False,General Complaint / Dispute,complaint,Customer says transaction was not authorized.,Pending Bank,Medium,Email
CBK0000617,TXN00014515,False,USR11419,MCH7833,2026-02-09 00:00:00,2026-02-16 21:12:01,2026-03-04 00:00:00,7.883344907407407,15.116655092592593,False,181.44,False,Item/Service Not Delivered,item not received,USER SAYS UPI PIN WAS NOT ENTERED BY THEM.,Open,Low,Chatbot
CBK0001066,TXN00015023,False,USR41036,MCH5655,2026-01-31 01:40:40,2026-02-02 00:00:00,2026-02-15 01:40:00,1.9300925925925927,13.069444444444445,False,946.63,False,Item/Service Not Delivered,no service,merchant service was not delivered after payment.,In Progress,Medium,IVR
CBK0001002,TXN00015644,False,USR20239,MCH3815,2026-03-27 00:00:00,2026-03-22 07:53:46,2026-04-05 00:00:00,-4.67099537037037,13.67099537037037,True,4307.19,False,Other/Unclassified,scam,User claims account was compromised before transaction.,Pending Bank,Medium,Chatbot
CBK0000308,TXN00017336,False,USR23149,MCH8953,2026-03-23 00:00:00,2026-04-08 16:47:26,,16.69960648148148,,False,3087.13,False,Item/Service Not Delivered,Merchant Not Delivered,User says UPI PIN was not entered by them.,Resolved,Critical,Call Center
CBK0002502,TXN00001155,False,USR59679,MCH6426,2026-03-09 02:37:30,2026-03-09 05:37:30,,0.125,,False,335.78,False,Other/Unclassified,incorrect amount,Payment made to unknown merchant as per customer statement.,In Progress,Medium,Branch
CBK0000192,TXN00001285,False,USR71300,MCH9402,2026-01-08 00:00:00,2026-01-14 00:00:00,2026-01-15 00:00:00,6.0,1.0,False,420.0,False,General Complaint / Dispute,complaint,USER SAYS UPI PIN WAS NOT ENTERED BY THEM.,Open,Low,App
CBK0000549,TXN00011700,False,USR72892,MCH1046,2026-03-30 11:04:32,2026-04-29 00:00:00,2026-05-05 00:00:00,29.53851851851852,6.0,False,14999.55,False,General Complaint / Dispute,dispute raised,Suspicious high-value payment disputed by customer.,Open,Low,Branch
CBK0002633,TXN00018827,False,USR76516,MCH2530,2026-03-07 00:00:00,,2026-04-09 08:35:00,,,False,2231.59,False,Item/Service Not Delivered,merchant service issue,Payment made to unknown merchant as per customer statement.,Rejected,Medium,IVR
CBK0000706,TXN00005543,False,USR82059,MCH4181,2026-03-03 00:00:00,2026-03-05 15:23:41,2026-03-30 15:23:00,2.641446759259259,24.999525462962964,False,1362.67,False,Amount Mismatch,extra amount deducted,complaint received after multiple failed attempts.,Open,Medium,Call Center
CBK0001813,TXN00002689,False,USR68461,MCH8451,2026-01-26 07:59:00,2026-01-29 00:00:00,2026-02-23 00:00:00,2.667361111111111,25.0,False,2158.72,False,Item/Service Not Delivered,delivery issue,Merchant service was not delivered after payment.,Open,High,Call Center
CBK0001668,TXN00013060,False,USR11531,MCH8697,2026-01-04 00:00:00,2026-01-06 00:00:00,2026-02-04 07:49:01,2.0,29.325706018518517,False,255.73,False,Other/Unclassified,incorrect amount,Customer says txn was not authorized.,In Progress,Medium,Email
CBK0001779,TXN00006263,False,USR61731,MCH3837,2026-02-22 00:00:00,2026-04-08 00:00:00,2026-04-20 19:46:00,45.0,12.823611111111111,False,843.91,False,General Complaint / Dispute,dispute raised,Merchant service was not delivered after payment.,Closed,Low,App
CBK0000567,TXN00016408,False,USR33228,MCH8298,2026-02-16 00:00:00,2026-02-19 00:00:00,2026-02-23 00:13:00,3.0,4.009027777777778,False,5179.58,False,Amount Mismatch,Wrong Amount,Customer says amount was debited twice.,Closed,Low,Email
CBK0002286,TXN00007923,False,USR98994,MCH2676,2026-01-30 00:00:00,2026-02-07 13:24:35,2026-02-16 00:00:00,8.558738425925926,8.441261574074074,False,2225.43,False,Item/Service Not Delivered,item not received,Payment made to unknown merchant as per customer statement.,Pending Bank,Medium,IVR
CBK0001829,TXN00005136,False,USR58407,MCH5584,2026-03-19 00:00:00,2026-03-22 00:00:00,2026-03-24 00:00:00,3.0,2.0,False,1719.63,False,Amount Mismatch,Wrong Amount,User reports money deducted but merchant denies receiving payment.,Rejected,Medium,Branch
CBK0000538,TXN00005988,False,USR84311,MCH2752,2026-01-10 00:00:00,2026-01-26 15:58:00,,16.665277777777778,,False,1345.11,False,Account Takeover / Unauthorized,ATO,merchant service was not delivered after payment.,Open,High,Chatbot
CBK0002767,TXN00014701,False,USR79411,MCH8154,2026-02-15 00:00:00,2026-02-19 02:41:00,,4.111805555555556,,False,4452.29,False,Item/Service Not Delivered,no service,Customer complaint text unclear due to poor call center notes.,Open,High,Chatbot
CBK0000600,TXN00012715,False,USR19311,MCH3325,2026-03-28 00:00:00,2026-05-13 00:00:00,,46.0,,False,339.58,False,Item/Service Not Delivered,merchant service issue,Merchant service was not delivered after payment.,Pending Bank,Medium,IVR
CBK0002195,TXN00004411,False,USR48054,MCH9844,2026-02-05 23:26:12,2026-02-09 00:00:00,,3.0234722222222223,,False,3905.0,False,Other/Unclassified,incorrect amount,User reports money deducted but merchant denies receiving payment.,Open,Low,Chatbot
CBK0000282,TXN00016877,False,USR87914,MCH5070,2026-03-10 18:14:00,2026-04-10 05:14:49,,30.458900462962962,,False,3046.01,False,Item/Service Not Delivered,merchant service issue,Customer says transaction was not authorized.,Resolved,Medium,IVR
CBK0002423,TXN00014966,False,USR26696,MCH9223,2026-02-13 20:33:40,2026-02-17 00:00:00,2026-03-03 00:00:00,3.143287037037037,14.0,False,10848.72,False,Item/Service Not Delivered,merchant service issue,Payment made to unknown merchant as per cust statement.,Rejected,High,IVR
CBK0000439,TXN00016295,False,USR83930,MCH9092,2026-03-18 00:00:00,2026-03-21 00:00:00,2026-03-23 00:00:00,3.0,2.0,False,10226.59,False,Other/Unclassified,incorrect amount,suspicious high-value payment disputed by customer.,Open,Medium,IVR
CBK0000669,TXN00018414,False,USR22639,MCH8836,2026-03-28 14:45:10,2026-03-30 11:45:10,,1.875,,False,3972.17,False,Account Takeover / Unauthorized,account hacked,user claims account was compromised before transaction.,In Progress,High,IVR
CBK0002594,TXN00005908,False,USR24024,MCH1329,2026-01-20 00:00:00,2026-01-21 00:00:00,2026-02-04 22:51:08,1.0,14.952175925925927,False,1603.01,False,Duplicate Debit,DUP_DEBIT,CUSTOMER SAYS AMOUNT WAS DEBITED TWICE.,Closed,Low,IVR
CBK0001287,TXN00011889,False,USR22939,MCH9579,2026-03-05 00:00:00,2026-03-06 00:00:00,2026-03-29 00:00:00,1.0,23.0,False,1592.55,False,Other/Unclassified,unauth txn,User reports money deducted but merchant denies receiving payment.,Rejected,Low,IVR
CBK0001765,TXN00013993,False,USR29854,MCH6810,2026-02-06 18:41:00,2026-02-07 18:41:49,2026-02-20 00:00:00,1.0005671296296297,12.220960648148148,False,2111.63,False,Account Takeover / Unauthorized,login compromised,User claims account was compromised before txn.,In Progress,Low,IVR
CBK0001809,TXN00010916,False,USR20534,MCH8241,2026-01-11 00:00:00,2026-01-18 00:00:00,,7.0,,False,2538.37,False,General Complaint / Dispute,Customer Dispute,Customer complaint text unclear due to poor call center notes.,Rejected,Low,Chatbot
CBK0001865,TXN00006954,False,USR17902,MCH6053,2026-03-21 00:00:00,2026-03-25 00:00:00,2026-04-20 07:07:09,4.0,26.296631944444446,False,186.51,False,Item/Service Not Delivered,not delivered,Customer says transaction was not authorized.,Closed,Medium,IVR
CBK0000235,TXN00006623,False,USR14727,MCH4226,2026-01-27 00:00:00,2026-02-12 09:53:35,2026-02-14 00:00:00,16.412210648148147,1.5877893518518518,False,1154.99,False,Item/Service Not Delivered,no service,USER CLAIMS ACCOUNT WAS COMPROMISED BEFORE TRANSACTION.,In Progress,Low,Chatbot
CBK0000758,TXN00015649,False,USR79175,MCH9344,2026-03-19 00:00:00,2026-03-21 00:00:00,2026-04-16 00:00:00,2.0,26.0,False,2175.05,False,Account Takeover / Unauthorized,ATO,Complaint received after multiple failed attempts.,Rejected,High,IVR
CBK0000162,TXN00001838,False,USR56312,MCH5172,2026-02-16 00:00:00,2026-02-19 04:02:59,2026-03-05 00:00:00,3.168738425925926,13.831261574074073,False,422.0,False,Other/Unclassified,fraud,Customer says transaction was not authorized.,Rejected,Low,IVR
CBK0001116,TXN80108,False,USR56399,MCH3406,2026-02-05 00:00:00,2026-03-22 14:28:00,2026-03-31 00:00:00,45.602777777777774,8.397222222222222,False,1189.65,False,Item/Service Not Delivered,Merchant Not Delivered,User claims account was compromised before transaction.,In Progress,Medium,IVR
CBK0000779,TXN00000534,False,USR89996,MCH4842,2026-02-07 00:00:00,2026-02-04 00:00:00,2026-03-03 00:00:00,-3.0,27.0,True,1352.13,False,Other/Unclassified,unauth txn,User reports money deducted but merchant denies receiving payment.,Open,Low,Call Center
CBK0000274,TXN00005429,False,USR12958,MCH5946,2026-01-15 00:00:00,2026-01-18 00:00:00,2026-02-07 14:33:08,3.0,20.606342592592593,False,1860.96,False,Item/Service Not Delivered,not delivered,Customer complaint text unclear due to poor call center notes.,Open,Low,IVR
CBK0000795,TXN00010007,False,USR13134,MCH3292,2026-03-14 00:00:00,2026-03-15 00:00:00,2026-04-11 00:00:00,1.0,27.0,False,2021.11,False,Amount Mismatch,amount mismatch,Customer says transaction was not authorized. details missing,In Progress,Low,IVR
CBK0000265,TXN00016348,False,USR10307,MCH4590,2026-02-21 13:58:00,2026-02-18 13:58:34,2026-02-18 13:58:34,-2.9996064814814813,0.0,True,2797.85,False,Item/Service Not Delivered,no service,User claims account was compromised before transaction.,Rejected,Low,IVR
CBK0002630,TXN00019209,False,USR61436,MCH9582,2026-03-12 00:00:00,2026-03-28 00:00:00,2026-04-26 00:00:00,16.0,29.0,False,13306.35,False,Account Takeover / Unauthorized,login compromised,COMPLAINT RECEIVED AFTER MULTIPLE FAILED ATTEMPTS.,Open,Low,Chatbot
CBK0001267,TXN00003341,False,USR56149,MCH6968,2026-02-24 00:00:00,2026-03-26 17:11:59,2026-04-20 00:00:00,30.716655092592593,24.283344907407407,False,635.0,False,Amount Mismatch,Wrong Amount,CUSTOMER SAYS TRANSACTION WAS NOT AUTHORIZED.,Rejected,Low,Email
CBK0002385,TXN00016200,False,USR19881,MCH2065,2026-01-04 02:48:11,2026-02-03 00:00:00,2026-02-16 00:00:00,29.883206018518518,13.0,False,2148.76,False,Item/Service Not Delivered,item not received,customer says amount was debited twice.,In Progress,Medium,Email
CBK0000027,TXN00014669,False,USR36534,MCH6898,2026-02-10 00:00:00,2026-02-21 00:00:00,2026-03-10 06:38:00,11.0,17.27638888888889,False,1596.0,False,Other/Unclassified,fraud,Customer says amount was debited twice.,Resolved,Low,Email
CBK0001212,TXN00010220,False,USR14892,MCH2296,2026-03-03 00:00:00,2026-03-04 13:37:27,2026-03-23 00:00:00,1.5676736111111111,18.43232638888889,False,4146.24,False,Duplicate Debit,double debit,merchant service was not delivered after payment.,Resolved,Low,IVR
CBK0002124,TXN00002782,False,USR13215,MCH4702,2026-02-28 00:00:00,2026-03-16 00:00:00,,16.0,,False,832.0,False,Item/Service Not Delivered,merchant service issue,Suspicious high-value payment disputed by cust.,Rejected,Medium,App
CBK0002611,TXN00001244,False,USR27732,MCH4473,2026-01-24 00:00:00,2026-01-27 00:00:00,2026-02-19 00:00:00,3.0,23.0,False,722.73,False,Other/Unclassified,suspicious transaction,Customer says txn was not authorized.,Rejected,Medium,IVR
CBK0001144,TXN00018387,False,USR76178,MCH1024,2026-02-15 04:54:00,2026-02-20 00:00:00,,4.795833333333333,,False,741.15,False,Other/Unclassified,FRAUD,USER REPORTS MONEY DEDUCTED BUT MERCHANT DENIES RECEIVING PAYMENT.,Open,Medium,Chatbot
CBK0000640,TXN00012946,False,USR57297,MCH2401,2026-01-12 00:00:00,2026-01-18 00:00:00,2026-01-20 00:00:00,6.0,2.0,False,3312.0,False,Other/Unclassified,Service Not Provided,Suspicious high-value payment disputed by customer.,Closed,Low,Email
CBK0000977,TXN00003072,False,USR68775,MCH5569,2026-03-26 04:29:27,2026-03-29 03:29:27,2026-04-24 00:00:00,2.9583333333333335,25.85454861111111,False,3800.57,False,Item/Service Not Delivered,item not received,Customer complaint text unclear due to poor call center notes.,Open,Low,Branch
CBK0002021,TXN00012401,False,USR36322,MCH8425,2026-03-11 00:00:00,2026-03-17 00:00:00,2026-04-09 00:00:00,6.0,23.0,False,13235.72,False,Item/Service Not Delivered,delivery issue,Customer says amount was debited twice.,Closed,Low,Chatbot
CBK0001396,TXN00008851,False,USR34889,MCH8779,2026-03-28 00:00:00,2026-04-27 12:50:00,2026-05-16 12:50:00,30.53472222222222,19.0,False,1383.51,False,Duplicate Debit,Duplicate Debit,User reports money deducted but merchant denies receiving payment.,Rejected,Medium,Branch
CBK0002017,TXN00009156,False,USR53547,MCH6913,2026-02-18 00:00:00,2026-02-22 12:44:40,2026-03-18 12:44:00,4.531018518518518,23.999537037037037,False,1074.12,False,Duplicate Debit,charged twice,Customer says transaction was not authorized.,In Progress,Low,Branch
CBK0000678,TXN00006912,False,USR67333,MCH9291,2026-02-08 00:00:00,,,,,False,140.31,False,Account Takeover / Unauthorized,account hacked,User reports money deducted but merchant denies receiving payment.,In Progress,Medium,Branch
CBK0000487,TXN00004712,False,USR85655,MCH1072,2026-03-08 07:36:45,2026-03-11 00:00:00,2026-04-03 00:00:00,2.6828125,23.0,False,2950.32,False,Account Takeover / Unauthorized,account hacked,User says UPI PIN was not entered by them.,Rejected,Critical,IVR
CBK0002321,TXN00014977,False,USR11586,MCH2103,2026-01-19 10:23:00,2026-01-19 00:00:00,,-0.4326388888888889,,True,683.69,False,Other/Unclassified,fraud,User claims account was compromised before transaction.,Rejected,High,App
CBK0001575,TXN00003257,False,USR24459,MCH6850,2026-01-30 00:00:00,2026-02-02 00:00:00,2026-02-04 15:20:00,3.0,2.638888888888889,False,198.46,False,Item/Service Not Delivered,item not received,Merchant service was not delivered after payment.,Resolved,Low,IVR
CBK0000006,TXN00007711,False,USR96033,MCH8372,2026-02-06 00:00:00,2026-02-11 23:37:04,2026-02-17 00:00:00,5.984074074074074,5.015925925925926,False,842.88,False,Other/Unclassified,incorrect amount,User reports money deducted but merchant denies receiving payment.,In Progress,High,Call Center
CBK0001719,TXN00009609,False,USR13864,MCH7474,2026-01-27 05:30:35,2026-02-01 00:00:00,,4.770428240740741,,False,2225.74,False,Account Takeover / Unauthorized,login compromised,Customer says amount was debited twice.,Closed,Medium,IVR
CBK0000041,TXN00001568,False,USR27328,MCH3518,2026-01-02 00:00:00,2026-01-06 00:00:00,2026-02-01 02:46:29,4.0,26.115613425925925,False,2814.0,False,Duplicate Debit,Duplicate Debit,merchant service was not delivered after payment.,In Progress,Low,App
CBK0001934,TXN00000863,False,USR78884,MCH9125,2026-03-11 16:53:00,2026-03-19 13:53:26,2026-03-26 00:00:00,7.875300925925926,6.421226851851852,False,2164.0,False,Item/Service Not Delivered,merchant service issue,User says UPI PIN was not entered by them.,Open,High,Chatbot
CBK0001562,TXN00018017,False,USR24710,MCH6971,2026-02-07 03:36:00,2026-02-17 08:36:00,2026-03-01 00:00:00,10.208333333333334,11.641666666666667,False,1017.08,False,General Complaint / Dispute,customer issue,User claims account was compromised before transaction.,Open,Medium,Chatbot
CBK0002714,TXN00001631,False,USR87649,MCH3989,2026-02-26 00:00:00,,2026-03-25 19:43:59,,,False,1405.08,False,Account Takeover / Unauthorized,not done by me,Suspicious high-value payment disputed by customer.,Resolved,Low,IVR
CBK0002613,TXN00008727,False,USR47519,MCH3071,2026-03-14 00:00:00,2026-03-17 22:35:31,,3.9413310185185186,,False,253.89,False,General Complaint / Dispute,complaint,Merchant service was not delivered after payment.,In Progress,Low,IVR
CBK0000397,TXN00011692,False,USR71635,MCH2757,2026-03-03 00:00:00,2026-03-04 07:26:00,2026-03-05 00:00:00,1.3097222222222222,0.6902777777777778,False,3309.0,False,Duplicate Debit,Duplicate Debit,Merchant service was not delivered after payment.,Open,Medium,IVR
CBK0000161,TXN00017149,False,USR60681,MCH8391,2026-01-22 00:00:00,2026-01-24 00:00:00,2026-02-21 00:00:00,2.0,28.0,False,1317.13,False,Other/Unclassified,suspicious transaction,suspicious high-value payment disputed by customer.,In Progress,High,IVR
CBK0002143,TXN78938,False,USR24536,MCH9291,2026-01-15 09:56:06,2026-01-18 00:00:00,2026-02-01 00:00:00,2.5860416666666666,14.0,False,2889.21,False,Other/Unclassified,incorrect amount,user claims account was compromised before transaction.,Closed,Medium,Call Center
CBK0002300,TXN00009857,False,USR61606,MCH6632,2026-02-28 00:00:00,2026-03-05 00:00:00,,5.0,,False,519.97,False,Item/Service Not Delivered,item not received,Suspicious high-value payment disputed by customer.,Rejected,Medium,Branch
CBK0000024,TXN00007464,False,USR69440,MCH7458,2026-01-18 00:00:00,2026-02-02 03:05:42,2026-02-14 00:00:00,15.128958333333333,11.871041666666667,False,2001.83,False,Amount Mismatch,extra amount deducted,Complaint received after multiple failed attempts.,Rejected,Medium,Chatbot
CBK0002475,TXN00015216,False,USR46902,MCH4919,2026-02-16 12:45:00,2026-02-19 00:00:00,2026-02-23 00:00:00,2.46875,4.0,False,2997.0,False,Account Takeover / Unauthorized,not done by me,Suspicious high-value payment disputed by customer.,In Progress,High,Call Center
CBK0002011,TXN00005230,False,USR24993,MCH5993,2026-01-15 20:42:00,2026-01-18 00:00:00,2026-02-16 00:00:00,2.1375,29.0,False,5154.73,False,Item/Service Not Delivered,no service,User says UPI PIN was not entered by them.,Rejected,Medium,App
CBK0000972,TXN00017157,False,USR27216,MCH1366,2026-03-26 09:32:21,2026-03-29 00:00:00,2026-04-04 00:00:00,2.6025347222222224,6.0,False,738.08,False,Amount Mismatch,amount mismatch,Customer says transaction was not authorized. call dropped,Pending Bank,Medium,Branch
CBK0000210,TXN00001539,False,USR60489,MCH7607,2026-02-06 00:00:00,2026-02-08 00:00:00,2026-02-09 00:00:00,2.0,1.0,False,2117.07,False,General Complaint / Dispute,dispute raised,customer says transaction was not authorized.,In Progress,Medium,Chatbot
CBK0000935,TXN00017209,False,USR91820,MCH5221,2026-03-12 00:00:00,2026-03-14 22:13:16,2026-03-29 00:00:00,2.9258796296296294,14.07412037037037,False,1552.09,False,Duplicate Debit,charged twice,Customer complaint text unclear due to poor call center notes.,Closed,Medium,Email
CBK0002628,TXN00016840,False,USR73920,MCH4401,2026-01-07 00:00:00,2026-01-09 14:02:55,,2.5853587962962963,,False,276.74,False,General Complaint / Dispute,dispute raised,customer says amount was debited twice.,Open,Medium,Branch
CBK0000003,TXN00013293,False,USR91078,MCH6993,2026-01-07 23:12:32,2026-01-09 14:12:00,2026-02-04 00:00:00,1.6246296296296296,25.408333333333335,False,1290.78,False,Other/Unclassified,incorrect amount,user says upi pin was not entered by them.,Rejected,Medium,IVR
CBK0001162,TXN00012239,False,USR22644,MCH5296,2026-01-27 15:49:00,2026-01-29 00:00:00,,1.3409722222222222,,False,6796.0,False,Duplicate Debit,Duplicate Debit,Customer complaint text unclear due to poor call center notes.,Closed,Medium,Chatbot
CBK0002460,TXN00018148,False,USR68295,MCH2914,2026-01-05 15:46:00,2026-01-07 00:00:00,2026-01-14 05:46:54,1.3430555555555554,7.2409027777777775,False,2197.15,False,Duplicate Debit,charged twice,Payment made to unknown merchant as per customer statement.,Open,Low,Branch
CBK0002436,TXN00008330,False,USR64405,MCH9291,2026-03-03 00:00:00,2026-03-10 00:00:00,2026-04-01 00:00:00,7.0,22.0,False,1847.49,False,Other/Unclassified,UNAUTHORISED,Customer complaint text unclear due to poor call center notes.,In Progress,Medium,Branch
CBK0001658,TXN00004488,False,USR55710,MCH6850,2026-01-05 13:51:43,2026-01-09 00:00:00,,3.4224189814814814,,False,2468.0,False,Other/Unclassified,incorrect amount,Complaint received after multiple failed attempts.,Rejected,Critical,App
CBK0002136,TXN00005344,False,USR86525,MCH5753,2026-03-24 00:00:00,2026-04-03 00:00:00,2026-04-04 09:48:11,10.0,1.408460648148148,False,1422.0,False,Account Takeover / Unauthorized,Account Takeover,Customer complaint text unclear due to poor call center notes.,Closed,High,Chatbot
CBK0000648,TXN00005486,False,USR11810,MCH1581,2026-02-02 00:00:00,2026-02-04 00:00:00,,2.0,,False,1288.0,False,Other/Unclassified,FRAUD,user says upi pin was not entered by them.,Closed,Low,Branch
CBK0001391,TXN00008679,False,USR46067,MCH1887,2026-03-22 00:00:00,2026-03-23 21:04:05,2026-03-29 21:04:00,1.8778356481481482,5.99994212962963,False,1294.7,False,Amount Mismatch,Wrong Amount,Complaint received after multiple failed attempts.,Resolved,Medium,Chatbot
CBK0002589,TXN00001501,False,USR49236,MCH4590,2026-03-22 00:00:00,,2026-04-12 00:00:00,,,False,1157.85,False,Duplicate Debit,charged twice,Payment made to unknown merchant as per customer statement.,Open,High,IVR
CBK0002111,TXN00019791,False,USR48202,MCH2383,2026-02-06 06:10:00,2026-02-08 00:00:00,2026-02-17 18:10:00,1.7430555555555556,9.756944444444445,False,376.0,False,Amount Mismatch,amount mismatch,Customer complaint text unclear due to poor call center notes.,Closed,Low,Chatbot
CBK0000769,TXN00010549,False,USR88037,MCH4590,2026-01-16 00:00:00,2026-01-31 00:00:00,2026-03-02 14:45:00,15.0,30.614583333333332,False,6630.73,False,General Complaint / Dispute,complaint,Complaint received after multiple failed attempts.,In Progress,Medium,App
CBK0001343,TXN00017045,False,USR87914,MCH2822,2026-01-20 00:00:00,2026-03-07 00:00:00,2026-03-20 00:00:00,46.0,13.0,False,1409.0,False,Account Takeover / Unauthorized,not done by me,Suspicious high-value payment disputed by customer. urgent,In Progress,Medium,Chatbot
CBK0002754,TXN00014491,False,USR40425,MCH1768,2026-01-10 00:00:00,2026-01-13 13:24:00,,3.558333333333333,,False,3840.0,False,Account Takeover / Unauthorized,login compromised,Complaint received after multiple failed attempts.,In Progress,Low,IVR
CBK0001292,TXN00018296,False,USR56334,MCH1320,2026-03-11 00:00:00,2026-03-11 00:00:00,2026-03-13 00:56:00,0.0,2.0388888888888888,False,849.13,False,Duplicate Debit,DUP_DEBIT,USER CLAIMS ACCOUNT WAS COMPROMISED BEFORE TRANSACTION.,Closed,Medium,IVR
CBK0000974,TXN00010092,False,USR70647,MCH6974,2026-03-16 00:00:00,2026-03-18 00:00:00,2026-03-24 00:00:00,2.0,6.0,False,1533.39,False,Other/Unclassified,fraud,Merchant service was not delivered after payment.,Open,Low,IVR
CBK0001842,TXN00012727,False,USR63387,MCH2945,2026-03-26 05:18:01,2026-04-05 10:18:01,2026-04-25 00:00:00,10.208333333333334,19.57082175925926,False,847.6,False,Amount Mismatch,extra amount deducted,Customer says amount was debited twice.,Closed,Critical,IVR
CBK0001964,TXN00002766,False,USR97332,MCH6356,2026-02-08 00:00:00,2026-02-11 20:51:02,2026-03-05 20:51:00,3.868773148148148,21.99997685185185,False,216.49,False,General Complaint / Dispute,customer issue,User claims account was compromised before transaction.,Open,Medium,IVR
CBK0000641,TXN00007177,False,USR11036,MCH3177,2026-01-17 00:00:00,2026-01-22 00:00:00,2026-01-23 23:48:00,5.0,1.9916666666666667,False,1628.35,False,Other/Unclassified,unauth txn,Customer says amount was debited twice.,Closed,Medium,Branch
CBK0001789,TXN00007455,False,USR44134,MCH3520,2026-01-02 00:00:00,2026-01-05 00:00:00,2026-01-18 00:00:00,3.0,13.0,False,1002.8,False,Item/Service Not Delivered,not delivered,merchant service was not delivered after payment.,Open,High,IVR
CBK0000732,TXN00004610,False,USR32036,MCH3057,2026-01-01 22:58:19,2026-02-16 08:58:00,2026-02-18 00:00:00,45.41644675925926,1.6263888888888889,False,5879.13,False,Other/Unclassified,scam,Suspicious high-value payment disputed by customer.,Resolved,Medium,Email
CBK0001490,TXN00003514,False,USR77962,MCH9344,2026-03-15 00:00:00,2026-03-25 00:00:00,2026-04-19 00:00:00,10.0,25.0,False,1510.93,False,Other/Unclassified,service failed,USER SAYS UPI PIN WAS NOT ENTERED BY THEM.,Pending Bank,Medium,Chatbot
CBK0001176,TXN00012064,False,USR50427,MCH3651,2026-03-28 00:00:00,2026-03-29 00:00:00,2026-04-04 00:00:00,1.0,6.0,False,786.31,False,Account Takeover / Unauthorized,unauthorized_transaction,Suspicious high-value payment disputed by customer.,In Progress,Medium,Email
CBK0000931,TXN00005802,False,USR60098,MCH6474,2026-01-29 19:01:00,,2026-02-04 05:01:06,,,False,964.98,False,Other/Unclassified,Fraud Suspected,user claims account was compromised before transaction.,Open,Medium,IVR
CBK0001493,TXN00006595,False,USR31543,MCH5575,2026-01-18 00:00:00,2026-01-24 00:00:00,2026-01-28 00:00:00,6.0,4.0,False,2625.77,False,Amount Mismatch,extra amount deducted,USER SAYS UPI PIN WAS NOT ENTERED BY THEM.,Pending Bank,Low,Call Center
CBK0001440,TXN00009124,False,USR51720,MCH1539,2026-02-06 01:11:28,2026-03-08 00:00:00,2026-03-18 00:00:00,29.950370370370372,10.0,False,253.0,False,Other/Unclassified,service failed,Customer says transaction was not authorized.,In Progress,Medium,IVR
CBK0002724,TXN00007282,False,USR52296,MCH8854,2026-01-22 20:50:32,2026-01-24 00:00:00,2026-02-14 00:00:00,1.131574074074074,21.0,False,9729.28,False,Amount Mismatch,extra amount deducted,Payment made to unknown merchant as per customer statement.,Pending Bank,Medium,Branch
CBK0001277,TXN00010511,False,USR79673,MCH3992,2026-02-16 11:35:00,2026-02-22 10:35:24,2026-02-27 00:00:00,5.958611111111111,4.55875,False,12071.05,False,General Complaint / Dispute,complaint,User says UPI PIN was not entered by them.,Closed,Low,Email
CBK0001300,TXN00009464,False,USR85148,MCH7648,2026-02-09 00:00:00,,2026-03-06 00:00:00,,,False,2154.73,False,Account Takeover / Unauthorized,account hacked,Merchant service was not delivered after payment.,Pending Bank,High,IVR
CBK0002259,TXN00013350,False,USR98061,MCH8037,2026-02-03 00:00:00,2026-02-09 01:39:01,2026-02-19 01:39:01,6.068761574074074,10.0,False,1837.87,False,Item/Service Not Delivered,not delivered,Complaint received after multiple failed attempts.,Pending Bank,Medium,Chatbot
CBK0001624,TXN00012795,False,USR83035,MCH3452,2026-01-26 00:00:00,2026-01-28 16:03:00,2026-02-10 16:03:46,2.66875,13.000532407407407,False,4081.84,False,Item/Service Not Delivered,item not received,CUSTOMER SAYS AMOUNT WAS DEBITED TWICE.,Closed,Medium,IVR
CBK0000726,TXN00016050,False,USR43040,MCH4578,2026-01-18 00:00:00,2026-01-26 00:00:00,2026-01-27 00:00:00,8.0,1.0,False,1426.42,False,Amount Mismatch,amount mismatch,User says UPI PIN was not entered by them.,Resolved,Medium,IVR
CBK0002287,TXN00004573,False,USR40925,MCH4181,2026-02-09 08:18:39,2026-02-04 00:00:00,2026-02-27 00:00:00,-5.346284722222222,23.0,True,495.68,False,Amount Mismatch,extra amount deducted,Customer says amount was debited twice.,Closed,Medium,IVR
CBK0001398,TXN00015787,False,USR61935,MCH8643,2026-02-06 16:53:00,2026-02-09 16:53:32,2026-02-16 00:00:00,3.0003703703703706,6.296157407407407,False,8787.96,False,Other/Unclassified,unauth txn,payment made to unknown merchant as per customer statement.,Rejected,Medium,IVR
CBK0002149,TXN00011510,False,USR30541,MCH6295,2026-01-13 00:00:00,2026-01-21 11:12:17,2026-01-30 00:00:00,8.466863425925926,8.533136574074074,False,7271.24,False,Other/Unclassified,suspicious transaction,Merchant service was not delivered after payment.,Open,Low,IVR
CBK0000784,TXN00014785,False,USR41135,MCH7286,2026-01-31 00:00:00,2026-01-31 00:00:00,2026-02-16 09:56:17,0.0,16.41408564814815,False,1176.91,False,Other/Unclassified,service failed,suspicious high-value payment disputed by customer.,In Progress,Low,Branch
CBK0000894,TXN00015855,False,USR95334,MCH6372,2026-03-16 00:00:00,2026-03-19 00:00:00,2026-03-21 00:00:00,3.0,2.0,False,6458.0,False,Amount Mismatch,extra amount deducted,User says UPI PIN was not entered by them.,In Progress,Low,App
CBK0001322,TXN00018670,False,USR33934,MCH9699,2026-03-09 00:00:00,2026-03-13 00:00:00,2026-03-19 00:00:00,4.0,6.0,False,3883.93,False,Amount Mismatch,amount mismatch,MERCHANT SERVICE WAS NOT DELIVERED AFTER PAYMENT.,Resolved,Medium,IVR
CBK0001710,TXN00002546,False,USR96958,MCH4226,2026-01-06 03:50:09,2026-01-13 00:00:00,,6.840173611111111,,False,6642.41,False,Account Takeover / Unauthorized,Account Takeover,USER REPORTS MONEY DEDUCTED BUT MERCHANT DENIES RECEIVING PAYMENT.,Rejected,Low,Call Center
CBK0000012,TXN00013740,False,USR35501,MCH8913,2026-01-25 00:00:00,2026-01-28 19:43:23,,3.8217939814814814,,False,650.92,False,General Complaint / Dispute,customer issue,Suspicious high-value payment disputed by customer.,Pending Bank,Medium,Chatbot
CBK0000438,TXN00011978,False,USR99732,MCH7833,2026-02-03 10:00:52,2026-02-04 00:00:00,,0.5827314814814815,,False,466.0,False,Item/Service Not Delivered,item not received,Customer says transaction was not authorized. urgent,Pending Bank,Low,Email
CBK0001500,TXN00004113,False,USR65211,MCH5770,2026-03-14 11:50:00,2026-04-14 00:00:00,2026-04-26 00:00:00,30.506944444444443,12.0,False,1173.86,False,Item/Service Not Delivered,no service,USER SAYS UPI PIN WAS NOT ENTERED BY THEM.,Closed,High,Branch
CBK0000667,TXN00006052,False,USR54126,MCH2266,2026-01-13 00:00:00,2026-01-15 00:00:00,,2.0,,False,1664.31,False,General Complaint / Dispute,customer issue,Complaint received after multiple failed attempts.,Pending Bank,Critical,Email
CBK0000312,TXN00013916,False,USR29758,MCH5655,2026-01-31 15:10:08,2026-02-10 22:10:08,2026-03-03 00:00:00,10.291666666666666,20.076296296296295,False,804.06,False,General Complaint / Dispute,dispute raised,Complaint received after multiple failed attempts.,Closed,Medium,Chatbot
CBK0002253,TXN00003501,False,USR85258,MCH4018,2026-01-30 19:42:00,,2026-02-13 15:42:37,,,False,717.53,False,General Complaint / Dispute,dispute raised,Payment made to unknown merchant as per customer statement.,Resolved,Medium,Call Center
CBK0002625,TXN00004157,False,USR67803,MCH8154,2026-01-25 00:00:00,2026-02-04 00:00:00,2026-02-22 00:00:00,10.0,18.0,False,269.0,False,General Complaint / Dispute,dispute raised,Customer says transaction was not authorized.,Open,Low,Call Center
CBK0001384,TXN00016135,False,USR75723,MCH7246,2026-02-09 19:42:43,2026-02-11 00:00:00,2026-03-04 00:00:00,1.1786689814814815,21.0,False,830.69,False,Account Takeover / Unauthorized,Unauthorized Transaction,Merchant service was not delivered after payment.,Open,Medium,Chatbot
CBK0002717,TXN00010611,False,USR62341,MCH6810,2026-01-04 00:00:00,2026-01-06 00:00:00,2026-01-21 00:19:00,2.0,15.013194444444444,False,1248.48,False,General Complaint / Dispute,Customer Dispute,User says UPI PIN was not entered by them.,Rejected,High,Chatbot
CBK0000545,TXN00011868,False,USR25128,MCH3714,2026-02-02 00:00:00,2026-02-04 13:11:50,,2.5498842592592594,,False,1080.46,False,Account Takeover / Unauthorized,account hacked,Payment made to unknown merchant as per customer statement.,Pending Bank,Low,Chatbot
CBK0001111,TXN00009206,False,USR23400,MCH6695,2026-01-09 00:00:00,2026-01-11 07:25:00,2026-02-04 00:00:00,2.3090277777777777,23.69097222222222,False,1313.0,False,Item/Service Not Delivered,delivery issue,Merchant service was not delivered after payment.,Open,Medium,Call Center
CBK0001351,TXN00015779,False,USR29306,MCH1450,2026-01-06 00:00:00,2026-01-08 20:17:00,2026-01-17 00:00:00,2.845138888888889,8.154861111111112,False,3948.0,False,Account Takeover / Unauthorized,ATO,customer complaint text unclear due to poor call center notes.,Open,Low,Chatbot
CBK0000151,TXN00005861,False,USR31659,MCH5954,2026-03-21 00:00:00,2026-03-23 00:00:00,2026-03-29 00:00:00,2.0,6.0,False,10091.73,False,Amount Mismatch,amount mismatch,User reports money deducted but merchant denies receiving payment.,Rejected,Low,Email
CBK0002375,TXN00011957,False,USR43004,MCH4590,2026-02-22 00:00:00,2026-03-09 00:00:00,2026-03-10 00:00:00,15.0,1.0,False,569.94,False,Account Takeover / Unauthorized,ATO,User reports money deducted but merchant denies receiving payment.,In Progress,Medium,Email
CBK0001107,TXN44609,False,USR77130,MCH2757,2026-03-31 00:00:00,,2026-05-16 15:06:00,,,False,771.44,False,General Complaint / Dispute,customer issue,Customer complaint text unclear due to poor call center notes.,Resolved,Medium,App
CBK0001516,TXN00013162,False,USR27947,MCH4181,2026-02-26 00:00:00,2026-03-04 00:00:00,,6.0,,False,221.35,False,Other/Unclassified,service failed,Customer says transaction was not authorized.,Closed,High,App
CBK0001187,TXN00012133,False,USR31699,MCH5290,2026-03-08 00:00:00,2026-03-12 04:19:58,2026-03-19 00:00:00,4.180532407407408,6.819467592592592,False,1491.37,False,Account Takeover / Unauthorized,login compromised,Complaint received after multiple failed attempts.,Pending Bank,Low,App
CBK0001517,TXN00016968,False,USR40843,MCH2266,2026-03-06 00:00:00,2026-03-11 23:37:25,2026-04-04 00:00:00,5.98431712962963,23.01568287037037,False,1768.72,False,Account Takeover / Unauthorized,ATO,Merchant service was not delivered after payment.,Rejected,Medium,App
CBK0001217,TXN00010449,False,USR44544,MCH3100,2026-01-21 23:13:16,2026-01-27 02:13:16,2026-02-22 00:00:00,5.125,25.907453703703705,False,1852.3,False,Other/Unclassified,service failed,User claims account was compromised before transaction.,Resolved,Low,Call Center
CBK0002689,TXN00011270,False,USR88203,MCH3731,2026-03-05 01:07:52,2026-03-08 08:07:00,2026-03-23 08:07:52,3.2910648148148147,15.000601851851853,False,662.0,False,Account Takeover / Unauthorized,not done by me,Payment made to unknown merchant as per customer statement.,Open,Low,Chatbot
CBK0000733,TXN00012362,False,USR55838,MCH4181,2026-02-05 12:02:58,2026-02-06 00:00:00,2026-02-08 15:02:00,0.4979398148148148,2.626388888888889,False,4043.04,False,Account Takeover / Unauthorized,ATO,User says UPI PIN was not entered by them.,Open,High,Branch
CBK0002731,TXN00000182,False,USR78938,MCH8953,2026-02-11 00:00:00,2026-02-17 00:00:00,2026-02-26 00:00:00,6.0,9.0,False,17413.88,False,General Complaint / Dispute,customer issue,user claims account was compromised before transaction.,Closed,Medium,App
CBK0000511,TXN00018141,False,USR72986,MCH8779,2026-03-16 00:00:00,2026-03-19 00:00:00,2026-03-28 00:00:00,3.0,9.0,False,4311.27,False,Item/Service Not Delivered,merchant service issue,Customer complaint text unclear due to poor call center notes.,Resolved,Medium,App
CBK0000270,TXN00010202,False,USR15203,MCH5264,2026-01-23 00:00:00,2026-01-25 00:00:00,2026-02-02 00:00:00,2.0,8.0,False,1328.22,False,Other/Unclassified,suspicious transaction,Payment made to unknown merchant as per customer statement.,Pending Bank,Low,Branch
CBK0001727,TXN00016545,False,USR45053,MCH5655,2026-03-04 18:43:59,2026-03-07 00:00:00,2026-03-14 00:00:00,2.2194560185185184,7.0,False,268.66,False,Account Takeover / Unauthorized,not done by me,Customer complaint text unclear due to poor call center notes.,In Progress,Medium,App
CBK0002216,TXN00007764,False,USR83977,MCH3026,2026-03-19 00:00:00,2026-03-25 00:00:00,,6.0,,False,6398.47,False,General Complaint / Dispute,complaint,User claims account was compromised before transaction.,Open,Medium,Chatbot
CBK0001380,TXN00009008,False,USR35697,MCH7809,2026-03-23 00:00:00,2026-03-25 00:00:00,2026-04-09 12:19:42,2.0,15.513680555555556,False,743.0,False,General Complaint / Dispute,customer issue,USER SAYS UPI PIN WAS NOT ENTERED BY THEM.,Rejected,Low,IVR
CBK0002009,TXN00007679,False,USR85277,MCH4226,2026-02-24 19:29:47,2026-02-28 11:29:00,,3.666122685185185,,False,504.58,False,Other/Unclassified,service failed,USER REPORTS MONEY DEDUCTED BUT MERCHANT DENIES RECEIVING PAYMENT.,Open,High,Branch
CBK0001479,TXN00008854,False,USR96222,MCH8391,2026-03-12 23:27:49,2026-03-18 00:00:00,2026-04-15 13:27:49,5.022349537037037,28.560983796296295,False,2299.14,False,Amount Mismatch,extra amount deducted,Suspicious high-value payment disputed by customer.,Rejected,Medium,Chatbot
CBK0002445,TXN87166,False,USR20310,MCH3100,2026-02-12 00:00:00,2026-02-20 00:00:00,2026-03-11 01:21:40,8.0,19.056712962962962,False,2084.49,False,Account Takeover / Unauthorized,login compromised,User says UPI PIN was not entered by them.,Resolved,Medium,Call Center
CBK0001646,TXN00008404,False,USR50087,MCH8857,2026-02-06 00:00:00,2026-02-06 00:00:00,2026-03-07 00:00:00,0.0,29.0,False,6003.55,False,Other/Unclassified,unauth txn,Customer complaint text unclear due to poor call center notes.,In Progress,Low,IVR
CBK0000184,TXN00001095,False,USR35485,MCH7351,2026-03-06 00:00:00,2026-03-09 00:00:00,2026-03-25 00:00:00,3.0,16.0,False,1383.39,False,General Complaint / Dispute,dispute raised,User claims account was compromised before transaction.,Rejected,Medium,IVR
CBK0001626,TXN49458,False,USR11987,MCH8783,2026-02-20 00:00:00,2026-02-22 18:45:00,2026-03-03 00:00:00,2.78125,8.21875,False,12414.63,False,General Complaint / Dispute,Customer Dispute,User claims account was compromised before transaction.,Open,Critical,Branch
CBK0000471,TXN00007267,False,USR46455,MCH8953,2026-01-05 18:57:21,2026-01-20 19:57:21,,15.041666666666666,,False,890.07,False,Duplicate Debit,Duplicate Debit,Merchant service was not delivered after payment.,Rejected,Low,Chatbot
CBK0001923,TXN00016966,False,USR62899,MCH8181,2026-01-10 00:00:00,2026-01-14 00:00:00,2026-01-21 00:00:00,4.0,7.0,False,1081.02,False,Duplicate Debit,charged twice,customer complaint text unclear due to poor call center notes.,Resolved,Low,Email
CBK0000867,TXN00019528,False,USR25296,MCH5076,2026-01-31 00:00:00,2026-01-29 00:00:00,2026-02-14 14:43:00,-2.0,16.613194444444446,True,2653.08,False,Item/Service Not Delivered,item not received,User claims account was compromised before transaction.,Closed,Medium,Chatbot
CBK0002640,TXN00005546,False,USR34195,MCH2365,2026-02-24 10:34:00,2026-02-25 16:34:00,,1.25,,False,1518.0,False,Duplicate Debit,charged twice,User claims account was compromised before transaction.,Open,Low,Call Center
CBK0001452,TXN00008175,False,USR21384,MCH2062,2026-02-22 00:00:00,2026-03-01 07:14:00,,7.301388888888889,,False,7668.14,False,General Complaint / Dispute,complaint,Customer says amount was debited twice.,Open,Low,App
CBK0001664,TXN00018525,False,USR61151,MCH2048,2026-01-18 00:00:00,2026-01-17 00:00:00,2026-02-10 20:54:30,-1.0,24.871180555555554,True,263.29,False,Other/Unclassified,fraud,User reports money deducted but merchant denies receiving payment.,Pending Bank,Low,Chatbot
CBK0001466,TXN00015318,False,USR91423,MCH3984,2026-02-16 14:22:00,2026-02-19 00:00:00,2026-03-21 00:00:00,2.401388888888889,30.0,False,3397.0,False,Item/Service Not Delivered,not delivered,Suspicious high-value payment disputed by customer.,Closed,Medium,Chatbot
CBK0000155,TXN00010068,False,USR53527,MCH9030,2026-03-12 00:00:00,2026-03-14 00:00:00,2026-03-17 00:00:00,2.0,3.0,False,2128.78,False,Account Takeover / Unauthorized,Unauthorized Transaction,Merchant service was not delivered after payment.,Pending Bank,Low,Chatbot
CBK0001224,TXN00008299,False,USR61715,MCH1151,2026-01-04 00:00:00,2026-01-07 00:00:00,2026-02-03 03:47:20,3.0,27.15787037037037,False,1586.53,False,Other/Unclassified,FRAUD,SUSPICIOUS HIGH-VALUE PAYMENT DISPUTED BY CUSTOMER.,Open,Medium,Email
CBK0002753,TXN00006756,False,USR69271,MCH1635,2026-03-28 00:00:00,2026-04-28 00:00:00,,31.0,,False,988.98,False,Other/Unclassified,Service Not Provided,Payment made to unknown merchant as per customer statement.,Pending Bank,Medium,Branch
CBK0000886,TXN00012882,False,USR83501,MCH3412,2026-01-13 00:00:00,2026-01-15 10:24:32,2026-01-28 00:00:00,2.4337037037037037,12.566296296296295,False,1791.89,False,Other/Unclassified,suspicious transaction,Payment made to unknown merchant as per customer statement.,Resolved,Medium,Chatbot
CBK0001152,TXN00008504,False,USR31293,MCH1317,2026-02-15 23:32:00,2026-02-16 13:32:23,2026-03-06 13:32:23,0.583599537037037,18.0,False,588.2,False,Other/Unclassified,scam,User reports money deducted but merchant denies receiving payment.,Pending Bank,Medium,Branch
CBK0000461,TXN00013811,False,USR98133,MCH3815,2026-03-18 22:28:00,2026-03-21 00:00:00,,2.063888888888889,,False,2059.37,False,Account Takeover / Unauthorized,Account Takeover,User says UPI PIN was not entered by them. details missing,Pending Bank,Medium,App
CBK0000707,TXN00009174,False,USR25529,MCH1041,2026-03-28 00:00:00,2026-04-28 00:00:00,2026-05-04 00:00:00,31.0,6.0,False,3544.0,False,Item/Service Not Delivered,no service,Complaint received after multiple failed attempts.,In Progress,Low,App
CBK0001794,TXN00009546,False,USR84804,MCH3045,2026-03-13 00:00:00,2026-03-14 00:00:00,2026-03-16 10:34:00,1.0,2.4402777777777778,False,562.28,False,General Complaint / Dispute,customer issue,Customer says transaction was not authorized.,Open,Medium,App
CBK0002586,TXN00016107,False,USR77915,MCH8391,2026-03-15 00:00:00,2026-04-14 10:20:30,2026-05-12 10:20:00,30.430902777777778,27.99965277777778,False,800.72,False,General Complaint / Dispute,complaint,Payment made to unknown merchant as per customer statement.,Open,Low,Branch
CBK0001129,TXN00019231,False,USR32448,MCH5534,2026-03-02 00:00:00,2026-03-07 00:00:00,2026-03-26 00:00:00,5.0,19.0,False,1213.34,False,General Complaint / Dispute,complaint,User reports money deducted but merchant denies receiving payment.,Pending Bank,Low,Chatbot
CBK0000383,TXN00013042,False,USR84199,MCH9709,2026-03-27 00:00:00,2026-03-28 07:14:43,2026-04-24 00:00:00,1.3018865740740742,26.698113425925925,False,5855.28,False,Account Takeover / Unauthorized,ATO,complaint received after multiple failed attempts.,Closed,Medium,Branch
CBK0000698,TXN00005431,False,USR66398,MCH1320,2026-03-31 13:31:09,2026-04-02 00:00:00,2026-04-22 11:31:00,1.4367013888888889,20.479861111111113,False,1631.64,False,Duplicate Debit,double debit,customer says transaction was not authorized.,Rejected,High,Email
CBK0002332,TXN00002710,False,USR70317,MCH5459,2026-02-12 00:00:00,2026-02-13 00:00:00,,1.0,,False,2072.0,False,Item/Service Not Delivered,not delivered,User claims account was compromised before transaction.,Resolved,Low,Chatbot
CBK0002408,TXN00013519,False,USR21313,MCH4396,2026-01-07 08:45:00,2026-01-10 14:45:00,2026-02-08 00:00:00,3.25,28.385416666666668,False,4980.8,False,Item/Service Not Delivered,merchant service issue,Merchant service was not delivered after payment.,In Progress,High,Chatbot
CBK0000507,TXN00012054,False,USR64199,MCH5589,2026-03-02 13:39:09,,2026-03-30 13:39:09,,,False,666.76,False,Other/Unclassified,Fraud Suspected,Complaint received after multiple failed attempts.,In Progress,High,Call Center
CBK0000705,TXN00001152,False,USR35882,MCH9206,2026-03-27 00:00:00,2026-03-28 00:00:00,2026-04-03 06:16:00,1.0,6.261111111111111,False,1038.46,False,Duplicate Debit,double debit,customer complaint text unclear due to poor call center notes.,Rejected,Medium,Chatbot
CBK0000127,TXN00007654,False,USR54113,MCH3992,2026-03-06 00:00:00,2026-04-20 00:00:00,2026-05-05 21:02:00,45.0,15.876388888888888,False,1028.53,False,Duplicate Debit,charged twice,Customer complaint text unclear due to poor call center notes.,Pending Bank,Medium,Chatbot
CBK0002210,TXN00005430,False,USR83180,MCH5840,2026-02-28 17:08:00,2026-03-31 13:08:00,2026-04-25 13:08:00,30.833333333333332,25.0,False,1006.88,False,Other/Unclassified,unauth txn,Complaint received after multiple failed attempts.,Pending Bank,Medium,IVR
CBK0000934,TXN00014323,False,USR66946,MCH6810,2026-01-22 00:00:00,2026-01-23 00:00:00,2026-01-23 08:09:17,1.0,0.3397800925925926,False,8749.79,False,Item/Service Not Delivered,delivery issue,Suspicious high-value payment disputed by customer.,Rejected,Low,IVR
CBK0002479,TXN00007945,False,USR12314,MCH9784,2026-02-24 00:00:00,2026-03-01 09:39:03,2026-03-05 00:00:00,5.4021180555555555,3.5978819444444445,False,2209.68,False,Duplicate Debit,Duplicate Debit,User says UPI PIN was not entered by them. call dropped,Resolved,Medium,Branch
CBK0000354,TXN00013742,False,USR63462,MCH1320,2026-01-16 00:00:00,2026-01-16 00:00:00,2026-01-30 00:00:00,0.0,14.0,False,3062.43,False,Item/Service Not Delivered,Merchant Not Delivered,USER REPORTS MONEY DEDUCTED BUT MERCHANT DENIES RECEIVING PAYMENT.,In Progress,High,Chatbot
CBK0001661,TXN00009867,False,USR15733,MCH8681,2026-03-25 04:28:00,2026-04-09 00:00:00,2026-04-16 19:28:49,14.813888888888888,7.811678240740741,False,9736.35,False,Item/Service Not Delivered,delivery issue,User reports money deducted but merchant denies receiving payment.,Rejected,High,Branch
CBK0002186,TXN00003156,False,USR24528,MCH4024,2026-02-25 00:00:00,2026-02-26 00:00:00,2026-03-19 00:00:00,1.0,21.0,False,1072.99,False,Account Takeover / Unauthorized,Unauthorized Transaction,Customer complaint text unclear due to poor call center notes.,Resolved,Medium,Email
CBK0002545,TXN00010063,False,USR85767,MCH8999,2026-02-12 07:23:39,2026-02-19 00:00:00,2026-03-09 00:00:00,6.691909722222222,18.0,False,219.86,False,Account Takeover / Unauthorized,Account Takeover,User says UPI PIN was not entered by them.,Open,Medium,Chatbot
CBK0002535,TXN00009226,False,USR99720,MCH1211,2026-01-15 00:00:00,2026-01-22 15:05:21,2026-01-24 00:00:00,7.628715277777777,1.3712847222222222,False,4466.49,False,Account Takeover / Unauthorized,login compromised,User reports money deducted but merchant denies receiving payment.,Resolved,Medium,Branch
CBK0002750,TXN00013670,False,USR26461,MCH9342,2026-02-11 00:00:00,2026-03-13 00:00:00,2026-03-18 18:50:28,30.0,5.785046296296296,False,4375.63,False,Duplicate Debit,charged twice,User says UPI PIN was not entered by them.,Rejected,Medium,Branch
CBK0000296,TXN00003112,False,USR49629,MCH1546,2026-03-27 12:17:00,2026-04-03 00:00:00,2026-04-09 00:00:00,6.488194444444445,6.0,False,4974.0,False,Item/Service Not Delivered,merchant service issue,User says UPI PIN was not entered by them.,Closed,Medium,Chatbot
CBK0002568,TXN00012990,False,USR24437,MCH1818,2026-03-01 15:45:08,,,,,False,3464.25,False,Other/Unclassified,unauth txn,Customer says amount was debited twice.,Closed,High,Chatbot
CBK0002341,TXN00012704,False,USR27290,MCH3954,2026-01-19 00:00:00,2026-01-22 23:30:00,2026-02-07 00:00:00,3.9791666666666665,15.020833333333334,False,2025.76,False,Other/Unclassified,Fraud Suspected,User reports money deducted but merchant denies receiving payment.,Closed,High,Branch
CBK0002033,TXN00018868,False,USR88284,MCH2152,2026-03-09 12:13:27,2026-03-13 00:00:00,2026-04-09 00:00:00,3.4906597222222224,27.0,False,180.66,False,Account Takeover / Unauthorized,account hacked,Merchant service was not delivered after payment.,Closed,High,Chatbot
CBK0001621,TXN00006638,False,USR85507,MCH6644,2026-01-03 00:00:00,2026-01-19 00:00:00,2026-02-08 00:00:00,16.0,20.0,False,2742.66,False,Amount Mismatch,amount mismatch,User reports money deducted but merchant denies receiving payment.,Open,Critical,Chatbot
CBK0002579,TXN00002668,False,USR57244,MCH3590,2026-02-02 00:00:00,2026-02-05 00:00:00,2026-03-03 00:00:00,3.0,26.0,False,551.59,False,Account Takeover / Unauthorized,unauthorized_transaction,User claims account was compromised before transaction.,Rejected,High,Chatbot
CBK0002496,TXN00016961,False,USR12384,MCH4196,2026-02-26 13:00:00,2026-03-14 12:00:58,2026-04-10 00:00:00,15.95900462962963,26.499328703703704,False,433.87,False,Item/Service Not Delivered,not delivered,CUSTOMER SAYS TRANSACTION WAS NOT AUTHORIZED.,Open,Medium,Branch
CBK0002484,TXN00005205,False,USR19551,MCH5064,2026-02-26 00:00:00,2026-03-04 00:00:00,,6.0,,False,6694.94,False,General Complaint / Dispute,Customer Dispute,Complaint received after multiple failed attempts.,Resolved,High,IVR
CBK0001536,TXN00003677,False,USR67399,MCH1566,2026-02-23 02:32:00,2026-02-28 15:32:00,,5.541666666666667,,False,1364.35,False,Item/Service Not Delivered,not delivered,Customer says transaction was not authorized. pls check asap,Resolved,Low,Email
CBK0000880,TXN00018703,False,USR63444,MCH2434,2026-01-31 00:00:00,2026-02-07 00:00:00,2026-02-21 16:50:46,7.0,14.701921296296296,False,1513.0,False,Item/Service Not Delivered,no service,suspicious high-value payment disputed by customer.,In Progress,Critical,Branch
CBK0000077,TXN00016365,False,USR65949,MCH5705,2026-01-17 10:07:00,2026-01-18 13:07:29,2026-02-05 00:00:00,1.1253356481481482,17.453136574074072,False,287.37,False,Duplicate Debit,charged twice,User reports money deducted but merchant denies receiving payment.,Resolved,Low,App
CBK0001269,TXN00007095,False,USR24536,MCH8953,2026-02-06 04:54:54,2026-02-07 00:00:00,2026-02-17 08:54:00,0.7952083333333333,10.370833333333334,False,1816.0,False,Other/Unclassified,unauth txn,User says UPI PIN was not entered by them.,In Progress,Medium,IVR
CBK0001006,TXN00005755,False,USR95625,MCH4181,2026-03-29 16:15:15,2026-04-28 00:00:00,,29.322743055555556,,False,740.85,False,Other/Unclassified,fraud,Suspicious high-value payment disputed by customer.,In Progress,Medium,App
CBK0001308,TXN00016774,False,USR71704,MCH4590,2026-03-14 00:00:00,2026-03-19 00:00:00,2026-03-19 00:00:00,5.0,0.0,False,9878.08,False,Item/Service Not Delivered,merchant service issue,Customer says amount was debited twice.,Pending Bank,Critical,Branch
CBK0001853,TXN00008375,False,USR11036,MCH7833,2026-01-09 13:20:42,,2026-02-10 19:20:42,,,False,372.08,False,Duplicate Debit,double debit,Complaint received after multiple failed attempts.,Resolved,Low,Branch
CBK0000864,TXN58515,False,USR41631,MCH1320,2026-01-21 00:00:00,2026-01-31 15:38:00,,10.651388888888889,,False,216.17,False,Item/Service Not Delivered,merchant service issue,Customer complaint text unclear due to poor call center notes.,Pending Bank,High,Chatbot
CBK0001863,TXN00004455,False,USR92111,MCH2672,2026-01-24 00:00:00,2026-02-01 00:00:00,,8.0,,False,559.19,False,Other/Unclassified,Fraud Suspected,payment made to unknown merchant as per customer statement.,Resolved,Medium,Email
CBK0001253,TXN48192,False,USR32413,MCH7724,2026-03-07 00:00:00,2026-03-09 00:00:00,,2.0,,False,1863.22,False,General Complaint / Dispute,customer issue,User claims account was compromised before transaction.,Pending Bank,Low,IVR
CBK0002701,TXN00015262,False,USR47926,MCH5959,2026-01-07 15:19:00,2026-01-08 00:00:00,2026-01-29 00:00:00,0.36180555555555555,21.0,False,2260.38,False,General Complaint / Dispute,Customer Dispute,Customer says amount was debited twice. NA,Open,Low,IVR
CBK0002567,TXN00016286,False,USR90993,MCH5462,2026-03-13 02:22:00,2026-03-18 09:22:00,2026-04-16 00:00:00,5.291666666666667,28.60972222222222,False,1887.01,False,Item/Service Not Delivered,delivery issue,Payment made to unknown merchant as per customer statement.,Closed,Medium,Chatbot
CBK0002360,TXN00016689,False,USR22630,MCH6419,2026-03-05 00:00:00,2026-03-11 00:00:00,,6.0,,False,2052.97,False,Account Takeover / Unauthorized,unauthorized_transaction,User claims account was compromised before transaction.,Pending Bank,Low,Call Center
CBK0001653,TXN00008030,False,USR83418,MCH6033,2026-02-02 00:00:00,2026-03-20 00:00:00,2026-03-28 11:43:48,46.0,8.48875,False,1200.17,False,Item/Service Not Delivered,no service,Customer says amount was debited twice.,Resolved,Medium,IVR
CBK0000488,TXN00008670,False,USR17815,MCH6810,2026-03-03 00:00:00,,2026-03-27 00:00:00,,,False,992.85,False,General Complaint / Dispute,Customer Dispute,User claims account was compromised before transaction.,In Progress,Low,Chatbot
CBK0002356,TXN00014945,False,USR84844,MCH5076,2026-03-20 19:35:48,2026-03-21 00:00:00,2026-03-25 00:00:00,0.18347222222222223,4.0,False,1720.02,False,General Complaint / Dispute,dispute raised,Suspicious high-value payment disputed by customer.,Rejected,Medium,App
CBK0002499,TXN00012098,False,USR40113,MCH9719,2026-02-09 05:17:08,,2026-02-19 08:17:00,,,False,708.0,False,Other/Unclassified,service failed,merchant service was not delivered after payment.,Rejected,Low,Email
CBK0002085,TXN99329,False,USR70175,MCH8953,2026-03-07 00:00:00,2026-03-10 00:00:00,2026-04-07 21:00:00,3.0,28.875,False,2454.92,False,Other/Unclassified,FRAUD,Suspicious high-value payment disputed by customer.,In Progress,Low,Chatbot
CBK0001057,TXN00013162,False,USR95375,MCH1477,2026-03-28 00:00:00,2026-03-30 00:00:00,2026-04-24 10:56:00,2.0,25.455555555555556,False,3182.0,False,General Complaint / Dispute,dispute raised,Customer says transaction was not authorized.,In Progress,Medium,App
CBK0001244,TXN59954,False,USR15501,MCH3432,2026-03-12 11:29:14,2026-03-18 00:00:00,2026-03-21 00:00:00,5.521365740740741,3.0,False,1289.25,False,Duplicate Debit,charged twice,Customer complaint text unclear due to poor call center notes.,Rejected,Medium,App
CBK0000117,TXN00008534,False,USR46501,MCH8277,2026-02-25 00:00:00,2026-03-08 00:00:00,,11.0,,False,652.86,False,General Complaint / Dispute,customer issue,Customer says amount was debited twice.,Pending Bank,High,Email
CBK0000537,TXN00006837,False,USR35532,MCH7922,2026-01-07 00:00:00,2026-01-09 10:28:51,,2.436701388888889,,False,374.0,False,General Complaint / Dispute,Customer Dispute,Suspicious high-value payment disputed by customer.,Resolved,Medium,Chatbot
CBK0002311,TXN00011525,False,USR73683,MCH3681,2026-03-29 00:00:00,2026-04-14 00:00:00,2026-05-11 00:00:00,16.0,27.0,False,3875.84,False,General Complaint / Dispute,Customer Dispute,Customer complaint text unclear due to poor call center notes.,Pending Bank,Medium,Chatbot
CBK0000990,TXN00010883,False,USR94792,MCH2338,2026-03-01 00:00:00,2026-03-04 00:00:00,2026-03-07 00:00:00,3.0,3.0,False,2301.28,False,Other/Unclassified,suspicious transaction,Merchant service was not delivered after payment.,Closed,Critical,IVR
CBK0001541,TXN00011858,False,USR73594,MCH4651,2026-03-08 00:00:00,2026-04-07 00:00:00,,30.0,,False,7857.66,False,Duplicate Debit,Duplicate Debit,Payment made to unknown merchant as per customer statement. call dropped,Open,Medium,Email
CBK0001156,TXN00010478,False,USR27893,MCH7475,2026-01-28 07:58:01,2026-01-29 00:00:00,,0.6680439814814815,,False,634.0,False,Account Takeover / Unauthorized,ATO,Merchant service was not delivered after payment.,In Progress,Low,Chatbot
CBK0001942,TXN00017185,False,USR88284,MCH9344,2026-03-08 00:00:00,2026-03-16 00:00:00,2026-04-04 00:00:00,8.0,19.0,False,384.18,False,Amount Mismatch,Wrong Amount,Payment made to unknown merchant as per customer statement.,Open,Medium,Branch
CBK0002515,TXN00019171,False,USR95538,MCH5931,2026-03-30 00:00:00,2026-04-09 00:00:00,,10.0,,False,3429.44,False,Amount Mismatch,Wrong Amount,Customer says transaction was not authorized.,Resolved,Low,Call Center
CBK0002178,TXN00010512,False,USR39098,MCH1080,2026-01-19 00:00:00,2026-01-22 04:57:56,,3.206898148148148,,False,752.1,False,Amount Mismatch,extra amount deducted,Customer says amount was debited twice.,Open,Low,IVR
CBK0002202,TXN00001215,False,USR26403,MCH5655,2026-01-01 00:00:00,2026-01-07 00:00:00,,6.0,,False,5146.97,False,Item/Service Not Delivered,Merchant Not Delivered,Merchant service was not delivered after payment.,Closed,Medium,Chatbot
CBK0001280,TXN00012568,False,USR61715,MCH6850,2026-01-16 00:00:00,2026-03-02 14:03:49,2026-03-11 00:00:00,45.5859837962963,8.414016203703703,False,15086.0,False,General Complaint / Dispute,Customer Dispute,Customer says transaction was not authorized.,Open,Low,Call Center
CBK0001375,TXN00001251,False,USR45344,MCH4473,2026-01-29 00:00:00,2026-02-01 00:00:00,,3.0,,False,802.62,False,General Complaint / Dispute,complaint,Merchant service was not delivered after payment.,Resolved,Medium,Chatbot
CBK0000884,TXN00014060,False,USR97772,MCH9069,2026-02-21 10:06:00,2026-02-26 23:06:00,2026-03-07 00:00:00,5.541666666666667,8.0375,False,613.53,False,Item/Service Not Delivered,no service,User reports money deducted but merchant denies receiving payment.,Rejected,Critical,Chatbot
CBK0000401,TXN00001653,False,USR33650,MCH5294,2026-02-04 00:00:00,2026-02-05 12:47:14,2026-02-07 12:47:14,1.5328009259259259,2.0,False,4022.0,False,Account Takeover / Unauthorized,Unauthorized Transaction,Customer complaint text unclear due to poor call center notes.,In Progress,Medium,IVR
CBK0002495,TXN00002679,False,USR24536,MCH8280,2026-01-07 16:01:24,2026-01-15 11:01:00,2026-02-10 00:00:00,7.791388888888889,25.540972222222223,False,1214.71,False,Account Takeover / Unauthorized,Account Takeover,User reports money deducted but merchant denies receiving payment.,Closed,Low,Branch
CBK0001983,TXN00012545,False,USR12475,MCH1320,2026-01-05 00:00:00,2026-01-07 21:57:07,2026-01-16 00:00:00,2.914664351851852,8.085335648148147,False,886.93,False,Duplicate Debit,charged twice,User says UPI PIN was not entered by them.,Rejected,High,Call Center
CBK0002221,TXN00016939,False,USR56378,MCH2383,2026-02-24 00:00:00,2026-03-07 00:00:00,2026-03-12 00:00:00,11.0,5.0,False,27330.78,False,General Complaint / Dispute,Customer Dispute,Customer says transaction was not authorized.,Rejected,Critical,IVR
CBK0001572,TXN00014973,False,USR69706,MCH9344,2026-01-11 08:59:33,2026-01-11 10:59:00,2026-01-23 00:00:00,0.0829513888888889,11.542361111111111,False,737.0,False,General Complaint / Dispute,dispute raised,User says UPI PIN was not entered by them.,Closed,Low,Chatbot
CBK0000087,TXN00008323,False,USR70375,MCH3815,2026-03-26 04:50:42,2026-03-29 08:50:42,2026-03-29 08:50:42,3.1666666666666665,0.0,False,36675.43,False,Account Takeover / Unauthorized,account hacked,merchant service was not delivered after payment.,Pending Bank,Medium,IVR
CBK0001265,TXN00004057,False,USR26009,MCH6381,2026-01-29 03:59:00,2026-01-30 00:00:00,2026-02-15 15:59:11,0.8340277777777778,16.666099537037038,False,1149.72,False,Duplicate Debit,Duplicate Debit,User reports money deducted but merchant denies receiving payment.,In Progress,Medium,App
CBK0002217,TXN00017718,False,USR99570,MCH5980,2026-01-20 00:00:00,2026-01-23 00:00:00,2026-02-04 00:00:00,3.0,12.0,False,1451.78,False,General Complaint / Dispute,complaint,Customer says txn was not authorized.,Rejected,Low,Branch
CBK0002179,TXN00002142,False,USR44124,MCH9291,2026-01-14 00:00:00,2026-01-18 00:00:00,2026-01-25 00:00:00,4.0,7.0,False,13132.36,False,Other/Unclassified,Service Not Provided,Customer says amount was debited twice.,Closed,High,Chatbot
CBK0001796,TXN00014147,False,USR19352,MCH5990,2026-02-12 00:00:00,2026-02-22 00:00:00,2026-03-04 00:00:00,10.0,10.0,False,2551.0,False,Account Takeover / Unauthorized,account hacked,payment made to unknown merchant as per customer statement.,In Progress,Low,Branch
CBK0000613,TXN00002808,False,USR82191,MCH9948,2026-02-13 00:00:00,2026-02-20 00:00:00,2026-03-02 02:21:00,7.0,10.097916666666666,False,604.93,False,General Complaint / Dispute,Customer Dispute,Customer says transaction was not authorized.,Pending Bank,Medium,Email
CBK0000140,TXN00001801,False,USR46902,MCH2378,2026-02-26 07:20:00,2026-03-08 07:20:00,2026-03-10 07:20:55,10.0,2.000636574074074,False,2789.99,False,General Complaint / Dispute,Customer Dispute,User says UPI PIN was not entered by them.,In Progress,Low,Email
CBK0000147,TXN00003927,False,USR94184,MCH2234,2026-02-09 00:00:00,2026-02-17 03:26:55,2026-02-18 00:00:00,8.14369212962963,0.8563078703703704,False,875.3,False,Amount Mismatch,Wrong Amount,Customer says transaction was not authorized.,Closed,Low,IVR
CBK0002233,TXN00010897,False,USR48881,MCH3815,2026-01-29 21:07:26,2026-02-14 17:07:26,2026-03-03 17:07:26,15.833333333333334,17.0,False,5022.43,False,Item/Service Not Delivered,delivery issue,USER REPORTS MONEY DEDUCTED BUT MERCHANT DENIES RECEIVING PAYMENT.,In Progress,Medium,Branch
CBK0002528,TXN00019669,False,USR43455,MCH2895,2026-03-10 12:00:49,2026-03-11 00:00:00,,0.4994328703703704,,False,2022.82,False,Other/Unclassified,scam,Customer says transaction was not authorized. call dropped,In Progress,Medium,Email
CBK0000825,TXN00017847,False,USR71122,MCH1632,2026-02-05 04:48:20,2026-02-07 00:00:00,,1.7997685185185186,,False,714.0,False,Item/Service Not Delivered,no service,Customer says transaction was not authorized.,Closed,Medium,IVR
CBK0001822,TXN00010858,False,USR89549,MCH5264,2026-01-16 00:00:00,2026-01-21 00:00:00,2026-02-04 07:12:00,5.0,14.3,False,624.0,False,Account Takeover / Unauthorized,login compromised,Payment made to unknown merchant as per customer statement.,In Progress,Medium,Call Center
CBK0001031,TXN00018504,False,USR95238,MCH8391,2026-02-19 00:00:00,2026-02-23 00:00:00,2026-02-23 00:00:00,4.0,0.0,False,2887.1,False,Account Takeover / Unauthorized,not done by me,Merchant service was not delivered after payment. details missing,Resolved,Low,Call Center
CBK0001213,TXN00017444,False,USR29137,MCH6278,2026-03-24 23:19:43,2026-03-25 00:00:00,2026-03-30 00:00:00,0.027974537037037037,5.0,False,252.18,False,Account Takeover / Unauthorized,Unauthorized Transaction,User claims account was compromised before txn.,Pending Bank,Medium,Chatbot
CBK0002147,TXN00010700,False,USR22862,MCH3741,2026-03-21 00:00:00,2026-03-29 00:00:00,2026-03-29 00:00:00,8.0,0.0,False,393.01,False,Item/Service Not Delivered,item not received,Payment made to unknown merchant as per customer statement.,In Progress,Medium,Chatbot
CBK0002191,TXN00005500,False,USR99576,MCH4473,2026-01-25 00:00:00,2026-01-31 00:00:00,2026-02-09 00:00:00,6.0,9.0,False,1721.07,False,Account Takeover / Unauthorized,account hacked,SUSPICIOUS HIGH-VALUE PAYMENT DISPUTED BY CUSTOMER.,Closed,Medium,Call Center
CBK0002243,TXN00019786,False,USR27947,MCH1674,2026-03-15 00:00:00,2026-03-17 00:00:00,,2.0,,False,1377.81,False,Other/Unclassified,unauth txn,Customer complaint text unclear due to poor call center notes.,Pending Bank,Critical,Email
CBK0000136,TXN00000724,False,USR55205,MCH4226,2026-02-20 00:00:00,2026-02-26 00:00:00,,6.0,,False,454.0,False,General Complaint / Dispute,dispute raised,User says UPI PIN was not entered by them.,Closed,High,Email
CBK0002109,TXN00005274,False,USR70317,MCH7833,2026-02-26 09:34:34,2026-02-27 13:34:00,2026-03-13 13:34:00,1.166273148148148,14.0,False,4290.41,False,Other/Unclassified,incorrect amount,Customer says amount was debited twice.,Resolved,High,Chatbot
CBK0001617,TXN00001553,False,USR68522,MCH7372,2026-01-08 00:00:00,2026-02-08 00:00:00,2026-02-21 04:46:00,31.0,13.198611111111111,False,5796.41,False,Item/Service Not Delivered,merchant service issue,Payment made to unknown merchant as per customer statement. pls check asap,Pending Bank,Critical,Call Center
CBK0002678,TXN74852,False,USR64694,MCH3676,2026-02-11 00:00:00,,2026-03-11 16:25:29,,,False,1652.05,False,Duplicate Debit,double debit,Payment made to unknown merchant as per customer statement.,In Progress,Medium,Call Center
CBK0002542,TXN00004045,False,USR54255,MCH7383,2026-03-24 03:03:18,2026-04-08 20:03:18,2026-04-13 20:03:18,15.708333333333334,5.0,False,14158.32,False,Account Takeover / Unauthorized,account hacked,Merchant service was not delivered after payment.,Pending Bank,Low,Call Center
CBK0000337,TXN00013045,False,USR42531,MCH1288,2026-01-19 00:00:00,2026-01-20 08:51:00,,1.36875,,False,546.9,False,Other/Unclassified,Service Not Provided,Customer complaint text unclear due to poor call center notes.,Rejected,Low,Chatbot
CBK0002556,TXN00014016,False,USR85655,MCH2065,2026-03-01 00:00:00,2026-03-04 00:00:00,2026-03-07 09:29:57,3.0,3.395798611111111,False,2538.7,False,Account Takeover / Unauthorized,Unauthorized Transaction,Customer complaint text unclear due to poor call center notes.,In Progress,Low,Email
CBK0002334,TXN00013909,False,USR61147,MCH6628,2026-01-10 00:00:00,2026-01-12 00:00:00,2026-01-16 14:42:00,2.0,4.6125,False,449.15,False,General Complaint / Dispute,Customer Dispute,merchant service was not delivered after payment.,Rejected,High,IVR
CBK0000203,TXN00002521,False,USR11015,MCH5051,2026-01-04 00:00:00,2026-01-06 00:00:00,,2.0,,False,4940.0,False,Item/Service Not Delivered,no service,User claims account was compromised before transaction.,Closed,High,Call Center
CBK0001963,TXN00002490,False,USR56287,MCH9228,2026-01-21 11:23:07,2026-01-21 12:23:07,2026-01-27 00:00:00,0.041666666666666664,5.4839467592592595,False,1170.0,False,Account Takeover / Unauthorized,ATO,Customer says amount was debited twice.,Closed,Low,Branch
CBK0002008,TXN00014274,False,USR40602,MCH5954,2026-02-14 00:00:00,2026-02-20 00:00:00,2026-03-08 10:09:37,6.0,16.423344907407408,False,3293.82,False,Item/Service Not Delivered,delivery issue,Complaint received after multiple failed attempts.,Closed,Medium,IVR
CBK0000927,TXN00014638,False,USR14035,MCH9573,2026-03-12 17:36:00,2026-03-13 17:36:25,2026-04-08 17:36:00,1.0002893518518519,25.99971064814815,False,10765.79,False,Item/Service Not Delivered,Merchant Not Delivered,Customer complaint text unclear due to poor call center notes.,Open,Medium,Chatbot
CBK0001632,TXN00015576,False,USR12683,MCH9869,2026-03-19 05:30:23,2026-03-30 00:00:00,,10.77056712962963,,False,448.44,False,Other/Unclassified,Fraud Suspected,Payment made to unknown merchant as per customer statement.,Pending Bank,Medium,App
CBK0002772,TXN00008116,False,USR80305,MCH3781,2026-01-18 12:29:06,2026-01-20 00:00:00,2026-02-15 00:00:00,1.4797916666666666,26.0,False,1863.17,False,Duplicate Debit,charged twice,User reports money deducted but merchant denies receiving payment.,Rejected,Low,IVR
CBK0001206,TXN00014973,False,USR48430,MCH4479,2026-02-17 19:55:56,2026-02-25 15:55:56,2026-02-25 00:00:00,7.833333333333333,-0.6638425925925926,False,746.85,False,Item/Service Not Delivered,no service,Suspicious high-value payment disputed by customer.,Resolved,High,Call Center
CBK0001113,TXN00011228,False,USR47724,MCH3600,2026-01-19 04:34:00,2026-01-20 00:00:00,2026-02-14 00:00:00,0.8097222222222222,25.0,False,9827.0,False,Account Takeover / Unauthorized,login compromised,Customer complaint text unclear due to poor call center notes.,Pending Bank,Low,IVR
CBK0002201,TXN00011553,False,USR33934,MCH1101,2026-02-07 13:14:25,2026-02-11 00:00:00,2026-02-26 06:14:25,3.4483217592592594,15.260011574074074,False,1996.81,False,Account Takeover / Unauthorized,account hacked,User says UPI PIN was not entered by them.,Open,Low,App
CBK0002442,TXN00003496,False,USR17908,MCH1236,2026-01-12 17:43:35,2026-01-28 00:00:00,2026-02-24 01:43:00,15.261400462962962,27.071527777777778,False,1706.49,False,Other/Unclassified,service failed,Complaint received after multiple failed attempts.,Rejected,High,IVR
CBK0000910,TXN00010888,False,USR26595,MCH8921,2026-01-27 00:00:00,2026-01-31 19:55:18,2026-02-08 19:55:18,4.830069444444445,8.0,False,925.14,False,Amount Mismatch,amount mismatch,User reports money deducted but merchant denies receiving payment.,Closed,Low,Chatbot
CBK0000351,TXN49383,False,USR83155,MCH5768,2026-01-30 00:00:00,2026-01-31 19:44:25,2026-02-23 19:44:00,1.822511574074074,22.99971064814815,False,614.57,False,Other/Unclassified,Service Not Provided,Suspicious high-value payment disputed by cust.,Open,Low,Chatbot
CBK0001510,TXN00009054,False,USR40521,MCH8665,2026-01-16 19:29:00,2026-01-18 00:00:00,2026-02-08 00:00:00,1.1881944444444446,21.0,False,14177.27,False,Other/Unclassified,UNAUTHORISED,customer says transaction was not authorized.,In Progress,Medium,IVR
CBK0001591,TXN00001778,False,USR22644,MCH3896,2026-02-20 00:00:00,2026-02-21 20:57:45,2026-03-23 00:00:00,1.8734375,29.1265625,False,2008.0,False,Other/Unclassified,unauth txn,Customer complaint text unclear due to poor call center notes.,Rejected,Low,IVR
CBK0001897,TXN00008189,False,USR22202,MCH4473,2026-01-10 00:00:00,2026-02-09 09:59:00,2026-02-13 00:00:00,30.415972222222223,3.5840277777777776,False,577.55,False,Duplicate Debit,DUP_DEBIT,User claims account was compromised before transaction.,In Progress,Medium,App
CBK0002089,TXN00010784,False,USR61539,MCH5778,2026-01-16 03:49:43,2026-01-16 12:49:43,2026-02-04 00:00:00,0.375,18.465474537037036,False,782.96,False,General Complaint / Dispute,customer issue,Customer says amount was debited twice.,Open,High,Branch
CBK0001064,TXN00016822,False,USR40162,MCH1101,2026-01-19 01:40:00,2026-02-19 00:00:00,2026-03-02 00:00:00,30.930555555555557,11.0,False,3058.22,False,Account Takeover / Unauthorized,Unauthorized Transaction,Customer says amount was debited twice.,In Progress,Low,Chatbot
CBK0001535,TXN00015786,False,USR49801,MCH2148,2026-03-17 00:00:00,2026-03-20 15:18:00,,3.6375,,False,14485.22,False,General Complaint / Dispute,dispute raised,User reports money deducted but merchant denies receiving payment.,Pending Bank,Medium,Call Center
CBK0000936,TXN00008546,False,USR92782,MCH9921,2026-02-07 19:28:54,2026-02-08 00:00:00,2026-02-17 00:00:00,0.1882638888888889,9.0,False,936.49,False,General Complaint / Dispute,dispute raised,User says UPI PIN was not entered by them.,Resolved,Low,Chatbot
CBK0001787,TXN00013934,False,USR50975,MCH4366,2026-03-12 13:58:26,2026-04-11 00:00:00,2026-04-26 00:00:00,29.41775462962963,15.0,False,487.43,False,Account Takeover / Unauthorized,ATO,Suspicious high-value payment disputed by customer.,In Progress,High,Email
CBK0002249,TXN00005146,False,USR93984,MCH8154,2026-03-26 00:00:00,2026-03-29 08:57:00,2026-04-24 00:00:00,3.372916666666667,25.627083333333335,False,725.45,False,Other/Unclassified,unauth txn,CUSTOMER SAYS TRANSACTION WAS NOT AUTHORIZED.,Pending Bank,Medium,IVR
CBK0001730,TXN00006467,False,USR66854,MCH4352,2026-02-19 12:08:55,2026-02-20 10:08:55,2026-03-17 00:00:00,0.9166666666666666,24.577141203703704,False,7505.86,False,Amount Mismatch,Wrong Amount,CUSTOMER COMPLAINT TEXT UNCLEAR DUE TO POOR CALL CENTER NOTES.,Rejected,High,Chatbot
CBK0001618,TXN00015125,False,USR77086,MCH1644,2026-03-28 00:00:00,2026-04-28 00:00:00,2026-05-22 00:00:00,31.0,24.0,False,967.0,False,Account Takeover / Unauthorized,account hacked,customer says transaction was not authorized.,In Progress,Medium,Branch
CBK0000982,TXN00011350,False,USR93171,MCH5785,2026-01-06 00:00:00,2026-01-14 00:00:00,,8.0,,False,188.6,False,Item/Service Not Delivered,item not received,User reports money deducted but merchant denies receiving payment.,Closed,Medium,IVR
CBK0000400,TXN00009596,False,USR71348,MCH7207,2026-01-21 00:00:00,2026-01-24 00:00:00,,3.0,,False,5224.53,False,Duplicate Debit,double debit,user claims account was compromised before transaction.,In Progress,Medium,App
CBK0001997,TXN00019193,False,USR39555,MCH8953,2026-01-10 00:00:00,2026-01-13 00:00:00,2026-02-09 00:00:00,3.0,27.0,False,1004.32,False,Duplicate Debit,double debit,Complaint received after multiple failed attempts.,Closed,Medium,Chatbot
CBK0000900,TXN00012289,False,USR71316,MCH8769,2026-01-12 18:30:00,2026-01-15 03:30:00,,2.375,,False,5071.86,False,Other/Unclassified,unauth txn,User reports money deducted but merchant denies receiving payment.,Resolved,Low,Chatbot
CBK0000958,TXN00001617,False,USR30500,MCH8058,2026-02-19 00:00:00,2026-02-20 21:55:40,2026-03-10 00:00:00,1.9136574074074073,17.086342592592594,False,4597.83,False,General Complaint / Dispute,complaint,suspicious high-value payment disputed by customer.,Closed,High,App
CBK0002420,TXN00008321,False,USR20361,MCH3420,2026-01-03 00:00:00,2026-01-04 00:00:00,2026-01-17 02:37:00,1.0,13.109027777777778,False,535.96,False,Item/Service Not Delivered,delivery issue,User claims account was compromised before transaction.,Open,Low,Call Center
CBK0000480,TXN86757,False,USR73796,MCH8391,2026-01-27 05:48:48,2026-02-02 00:00:00,2026-02-25 00:00:00,5.757777777777778,23.0,False,1161.24,False,Other/Unclassified,Service Not Provided,Customer complaint text unclear due to poor call center notes.,In Progress,High,App
CBK0002712,TXN00006919,False,USR19070,MCH8672,2026-02-27 00:00:00,2026-02-28 10:57:53,2026-02-28 00:00:00,1.4568634259259259,-0.45686342592592594,False,3151.9,False,Other/Unclassified,UNAUTHORISED,Complaint received after multiple failed attempts.,In Progress,Low,Chatbot
CBK0001061,TXN00007622,False,USR22939,MCH5921,2026-03-19 09:34:00,2026-03-24 00:00:00,,4.601388888888889,,False,494.63,False,Other/Unclassified,Fraud Suspected,Suspicious high-value payment disputed by customer.,Closed,Low,IVR
CBK0000327,TXN00011503,False,USR76772,MCH5900,2026-02-27 00:00:00,2026-02-28 02:10:08,2026-03-14 02:10:08,1.0903703703703704,14.0,False,1191.08,False,Item/Service Not Delivered,item not received,CUSTOMER SAYS AMOUNT WAS DEBITED TWICE.,In Progress,High,Email
CBK0000767,TXN00010641,False,USR98061,MCH3815,2026-03-29 20:15:00,2026-04-02 15:15:00,2026-04-08 00:00:00,3.7916666666666665,5.364583333333333,False,9500.5,False,Account Takeover / Unauthorized,not done by me,Customer complaint text unclear due to poor call center notes. call dropped,In Progress,Critical,IVR
CBK0002282,TXN00008893,False,USR74390,MCH7259,2026-01-05 00:00:00,,2026-01-13 13:43:40,,,False,2546.9,False,Duplicate Debit,DUP_DEBIT,customer says transaction was not authorized.,Open,Low,IVR
CBK0000339,TXN00013884,False,USR60939,MCH3878,2026-03-20 00:00:00,2026-03-27 00:00:00,,7.0,,False,3072.71,False,Account Takeover / Unauthorized,Account Takeover,Payment made to unknown merchant as per customer statement.,In Progress,High,IVR
CBK0001209,TXN00009348,False,USR59740,MCH4686,2026-02-24 00:00:00,2026-02-28 03:03:00,2026-03-04 03:03:36,4.127083333333333,4.000416666666666,False,4160.0,False,Item/Service Not Delivered,delivery issue,customer says transaction was not authorized.,In Progress,High,Email
CBK0002534,TXN00004493,False,USR76170,MCH3036,2026-01-11 21:56:00,2026-01-27 00:00:00,,15.08611111111111,,False,380.69,False,Item/Service Not Delivered,not delivered,merchant service was not delivered after payment.,In Progress,Low,Email
CBK0002708,TXN00018113,False,USR17556,MCH8377,2026-02-09 00:00:00,2026-02-12 17:45:31,2026-03-10 17:45:31,3.73994212962963,26.0,False,987.42,False,Account Takeover / Unauthorized,login compromised,Complaint received after multiple failed attempts.,Rejected,Low,Chatbot
CBK0002505,TXN00001789,False,USR80522,MCH9097,2026-01-29 00:00:00,2026-02-01 00:00:00,2026-02-14 07:52:00,3.0,13.327777777777778,False,3163.91,False,Account Takeover / Unauthorized,Unauthorized Transaction,User reports money deducted but merchant denies receiving payment.,Closed,Low,IVR
CBK0002481,TXN00007235,False,USR46308,MCH7175,2026-02-05 00:00:00,2026-02-05 22:26:56,2026-02-27 00:00:00,0.9353703703703704,21.06462962962963,False,1820.07,False,Account Takeover / Unauthorized,account hacked,Customer complaint text unclear due to poor call center notes. details missing,Closed,Low,Branch
CBK0002722,TXN00008498,False,USR48374,MCH8230,2026-02-01 00:00:00,2026-02-16 00:00:00,,15.0,,False,2342.66,False,Account Takeover / Unauthorized,unauthorized_transaction,Payment made to unknown merchant as per customer statement.,Pending Bank,Low,IVR
CBK0001312,TXN00000939,False,USR61151,MCH2302,2026-03-25 00:00:00,2026-03-26 13:58:00,2026-04-03 00:00:00,1.5819444444444444,7.418055555555555,False,3776.84,False,Item/Service Not Delivered,item not received,User reports money deducted but merchant denies receiving payment.,Pending Bank,Medium,App
CBK0002078,TXN00013096,False,USR13449,MCH5614,2026-03-25 00:00:00,2026-03-26 21:45:47,2026-04-25 21:45:47,1.9067939814814814,30.0,False,8307.14,False,Item/Service Not Delivered,delivery issue,User says UPI PIN was not entered by them. details missing,Rejected,Critical,Chatbot
CBK0000189,TXN00016753,False,USR71099,MCH5189,2026-03-11 00:00:00,2026-03-13 00:00:00,2026-03-31 00:00:00,2.0,18.0,False,390.5,False,Account Takeover / Unauthorized,unauthorized_transaction,Merchant service was not delivered after payment.,In Progress,Low,IVR
CBK0002637,TXN00001839,False,USR69852,MCH4722,2026-01-07 00:00:00,2026-01-08 00:00:00,2026-01-30 00:00:00,1.0,22.0,False,1071.92,False,Amount Mismatch,extra amount deducted,User reports money deducted but merchant denies receiving payment.,Rejected,Medium,IVR
CBK0000197,TXN00003861,False,USR66175,MCH7332,2026-01-10 00:00:00,2026-01-21 00:00:00,2026-01-26 01:48:00,11.0,5.075,False,792.03,False,Item/Service Not Delivered,item not received,Customer says amount was debited twice.,Pending Bank,Critical,IVR
CBK0002477,TXN00002165,False,USR81636,MCH5914,2026-01-31 00:00:00,2026-02-03 00:00:00,,3.0,,False,1048.77,False,Duplicate Debit,Duplicate Debit,Customer complaint text unclear due to poor call center notes. call dropped,Rejected,Medium,IVR
CBK0002470,TXN00016541,False,USR51854,MCH2925,2026-03-05 00:00:00,2026-03-01 00:00:00,,-4.0,,True,1089.44,False,Account Takeover / Unauthorized,Account Takeover,complaint received after multiple failed attempts.,Pending Bank,Medium,IVR
CBK0000694,TXN00013258,False,USR41874,MCH7151,2026-03-28 02:05:31,2026-03-28 09:05:00,2026-03-31 00:00:00,0.29130787037037037,2.6215277777777777,False,6771.0,False,Account Takeover / Unauthorized,login compromised,Customer says amount was debited twice.,Resolved,Medium,Call Center
CBK0001338,TXN00008410,False,USR54797,MCH3300,2026-01-20 08:42:27,2026-01-30 00:00:00,2026-02-14 10:42:27,9.6371875,15.446145833333333,False,896.23,False,General Complaint / Dispute,complaint,Customer says amount was debited twice. NA,Closed,Medium,Branch
CBK0001775,TXN00001597,False,USR33934,MCH8773,2026-03-15 10:02:06,2026-03-21 05:02:00,2026-04-17 00:00:00,5.791597222222222,26.790277777777778,False,13348.89,False,Other/Unclassified,service failed,Complaint received after multiple failed attempts.,Pending Bank,Critical,Chatbot
CBK0002457,TXN00014853,False,USR16306,MCH6850,2026-02-02 00:00:00,2026-02-10 00:00:00,2026-02-22 00:00:00,8.0,12.0,False,415.04,False,Other/Unclassified,FRAUD,user reports money deducted but merchant denies receiving payment.,In Progress,Medium,Chatbot
CBK0001185,TXN00000818,False,USR41564,MCH5530,2026-03-30 00:00:00,,2026-04-12 00:00:00,,,False,1592.73,False,Other/Unclassified,Service Not Provided,complaint received after multiple failed attempts.,Resolved,Low,Branch
CBK0001750,TXN00009063,False,USR58335,MCH4473,2026-01-14 00:00:00,2026-01-15 00:00:00,2026-01-23 00:00:00,1.0,8.0,False,91.6,False,Other/Unclassified,scam,USER CLAIMS ACCOUNT WAS COMPROMISED BEFORE TRANSACTION.,In Progress,Low,Chatbot
CBK0000420,TXN00012872,False,USR39569,MCH7219,2026-01-18 15:00:47,2026-01-19 00:00:00,2026-01-20 11:00:00,0.3744560185185185,1.4583333333333333,False,4857.19,False,Account Takeover / Unauthorized,account hacked,merchant service was not delivered after payment.,In Progress,High,App
CBK0001734,TXN00004267,False,USR92771,MCH5698,2026-02-01 00:00:00,2026-02-04 00:00:00,2026-02-22 00:00:00,3.0,18.0,False,3750.2,False,Other/Unclassified,service failed,Customer says amount was debited twice.,Pending Bank,Low,IVR
CBK0000079,TXN00000789,False,USR54133,MCH8683,2026-02-23 18:15:33,2026-02-26 00:00:00,2026-03-08 11:15:00,2.239201388888889,10.46875,False,7945.0,False,Account Takeover / Unauthorized,account hacked,Payment made to unknown merchant as per customer statement.,Open,High,IVR
CBK0002688,TXN00016086,False,USR48363,MCH5076,2026-03-27 10:48:00,2026-04-06 00:00:00,2026-04-10 00:00:00,9.55,4.0,False,756.07,False,Account Takeover / Unauthorized,not done by me,Merchant service was not delivered after payment.,Open,High,Chatbot
CBK0000218,TXN00002930,False,USR27533,MCH9381,2026-03-28 16:07:00,2026-03-30 00:00:00,2026-04-13 00:00:00,1.3284722222222223,14.0,False,1968.12,False,General Complaint / Dispute,Customer Dispute,SUSPICIOUS HIGH-VALUE PAYMENT DISPUTED BY CUSTOMER.,Pending Bank,Low,IVR
CBK0000660,TXN00008654,False,USR14580,MCH7394,2026-01-20 00:00:00,2026-01-23 00:00:00,2026-01-25 03:57:35,3.0,2.1649884259259258,False,3655.6,False,Account Takeover / Unauthorized,unauthorized_transaction,user claims account was compromised before transaction.,Open,Medium,Branch
CBK0001733,TXN00011566,False,USR90212,MCH4811,2026-02-22 00:00:00,2026-02-25 00:00:00,2026-03-01 00:00:00,3.0,4.0,False,248.1,False,Other/Unclassified,suspicious transaction,Merchant service was not delivered after payment.,Pending Bank,Critical,Chatbot
CBK0002382,TXN00016574,False,USR34643,MCH1066,2026-01-25 00:00:00,2026-02-01 00:00:00,2026-02-07 11:12:20,7.0,6.4668981481481485,False,2828.9,False,General Complaint / Dispute,Customer Dispute,Customer says amount was debited twice.,Resolved,Medium,Email
CBK0001042,TXN00008638,False,USR63231,MCH1737,2026-03-30 07:31:00,2026-04-06 00:00:00,2026-05-01 00:00:00,6.686805555555556,25.0,False,1056.33,False,Item/Service Not Delivered,not delivered,Payment made to unknown merchant as per customer statement.,Open,Low,Branch
CBK0002276,TXN00012334,False,USR12381,MCH9291,2026-03-16 09:05:00,2026-03-19 18:05:30,2026-03-25 18:05:30,3.375347222222222,6.0,False,1521.74,False,Item/Service Not Delivered,delivery issue,Suspicious high-value payment disputed by customer.,Pending Bank,Medium,Call Center
CBK0002117,TXN00006808,False,USR74813,MCH2757,2026-02-25 00:00:00,2026-02-26 00:00:00,,1.0,,False,8430.86,False,Item/Service Not Delivered,Merchant Not Delivered,Complaint received after multiple failed attempts.,In Progress,High,Call Center
CBK0002473,TXN00000154,False,USR28902,MCH1260,2026-02-05 15:50:37,2026-02-06 00:00:00,,0.339849537037037,,False,2025.66,False,Other/Unclassified,FRAUD,User says UPI PIN was not entered by them.,Closed,Low,IVR
CBK0001295,TXN00016726,False,USR89004,MCH8117,2026-02-21 00:00:00,2026-02-22 00:00:00,,1.0,,False,2235.82,False,Duplicate Debit,DUP_DEBIT,Customer says amount was debited twice.,Resolved,High,Email
CBK0001477,TXN00009790,False,USR72887,MCH3200,2026-03-16 00:00:00,2026-04-01 00:00:00,,16.0,,False,996.46,False,Item/Service Not Delivered,item not received,User says UPI PIN was not entered by them. details missing,Open,Critical,IVR
CBK0001726,TXN00001821,False,USR85403,MCH4473,2026-03-10 00:00:00,2026-03-15 00:00:00,2026-04-07 15:22:15,5.0,23.640451388888888,False,12679.09,False,General Complaint / Dispute,customer issue,Suspicious high-value payment disputed by customer.,Resolved,Medium,Chatbot
CBK0000914,TXN00001042,False,USR12183,MCH7351,2026-03-02 00:00:00,2026-03-05 00:00:00,2026-03-31 00:00:00,3.0,26.0,False,1526.17,False,Other/Unclassified,fraud,Payment made to unknown merchant as per customer statement. call dropped,Pending Bank,Medium,Branch
CBK0000599,TXN00007573,False,USR52697,MCH5655,2026-02-24 14:14:20,2026-03-01 16:14:00,,5.083101851851852,,False,10313.56,False,Amount Mismatch,Wrong Amount,User says UPI PIN was not entered by them. details missing,Resolved,Low,Chatbot
CBK0001170,TXN00012807,False,USR97772,MCH1838,2026-03-26 00:00:00,2026-03-27 18:57:00,2026-04-02 00:00:00,1.7895833333333333,5.210416666666666,False,122.0,False,Item/Service Not Delivered,Merchant Not Delivered,Customer says amount was debited twice.,Open,Low,IVR
CBK0001995,TXN00000490,False,USR75856,MCH9865,2026-01-11 00:00:00,2026-01-16 17:52:00,,5.7444444444444445,,False,3134.07,False,Amount Mismatch,Wrong Amount,Customer complaint text unclear due to poor call center notes.,Resolved,Low,Call Center
CBK0000508,TXN00001829,False,USR40362,MCH3161,2026-01-09 04:04:00,2026-01-11 00:00:00,2026-01-21 00:00:00,1.8305555555555555,10.0,False,3042.0,False,Account Takeover / Unauthorized,ATO,User claims account was compromised before txn.,Pending Bank,High,Call Center
CBK0001413,TXN00017513,False,USR39726,MCH5273,2026-01-22 00:00:00,2026-01-28 00:00:00,2026-02-25 00:00:00,6.0,28.0,False,24586.31,False,Other/Unclassified,UNAUTHORISED,Customer complaint text unclear due to poor call center notes.,Closed,Low,App
CBK0001511,TXN00013557,False,USR53356,MCH4473,2026-02-19 00:00:00,2026-02-19 00:00:00,2026-03-03 00:00:00,0.0,12.0,False,5693.78,False,Item/Service Not Delivered,delivery issue,Customer says transaction was not authorized.,Open,Low,IVR
CBK0000072,TXN00004747,False,USR48250,MCH3100,2026-01-28 00:00:00,2026-01-30 00:00:00,2026-02-17 00:00:00,2.0,18.0,False,11808.21,False,Amount Mismatch,extra amount deducted,SUSPICIOUS HIGH-VALUE PAYMENT DISPUTED BY CUSTOMER.,Pending Bank,Medium,Call Center
CBK0001539,TXN60420,False,USR95104,MCH5264,2026-03-17 00:00:00,2026-03-19 00:00:00,2026-03-29 02:14:00,2.0,10.093055555555555,False,1505.75,False,Duplicate Debit,double debit,PAYMENT MADE TO UNKNOWN MERCHANT AS PER CUSTOMER STATEMENT.,In Progress,Medium,IVR
CBK0002620,TXN00011524,False,USR26051,MCH4344,2026-02-11 00:00:00,2026-02-14 00:00:00,2026-02-14 00:00:00,3.0,0.0,False,3021.0,False,Other/Unclassified,incorrect amount,Payment made to unknown merchant as per customer statement.,Resolved,Low,App
CBK0001568,TXN00010744,False,USR28325,MCH2822,2026-02-03 04:06:53,2026-02-04 12:06:53,2026-02-07 12:06:00,1.3333333333333333,2.999386574074074,False,748.64,False,Account Takeover / Unauthorized,login compromised,User claims account was compromised before transaction.,Resolved,Medium,Branch
CBK0000352,TXN00014436,False,USR20197,MCH8920,2026-02-02 00:00:00,2026-02-05 18:21:54,2026-02-23 18:21:54,3.7652083333333333,18.0,False,5439.35,False,Account Takeover / Unauthorized,account hacked,Suspicious high-value payment disputed by customer.,Pending Bank,High,Branch
CBK0002047,TXN00007439,False,USR65461,MCH3896,2026-03-09 12:57:00,2026-03-12 00:00:00,,2.4604166666666667,,False,3333.48,False,Other/Unclassified,FRAUD,User claims account was compromised before transaction.,Rejected,Low,Chatbot
CBK0002516,TXN73646,False,USR57758,MCH1812,2026-01-24 00:00:00,2026-01-31 00:00:00,,7.0,,False,7863.78,False,General Complaint / Dispute,dispute raised,Payment made to unknown merchant as per customer statement.,Resolved,High,Email
CBK0001179,TXN00016521,False,USR36519,MCH9839,2026-02-25 00:00:00,2026-03-13 00:00:00,2026-04-07 00:00:00,16.0,25.0,False,2697.0,False,Other/Unclassified,scam,Customer says amount was debited twice.,Pending Bank,Low,Email
CBK0002685,TXN00018738,False,USR32577,MCH5980,2026-02-10 00:00:00,2026-03-13 00:00:00,2026-03-29 00:00:00,31.0,16.0,False,1179.22,False,Duplicate Debit,double debit,Customer complaint text unclear due to poor call center notes.,Pending Bank,Low,Chatbot
CBK0002751,TXN00015657,False,USR59679,MCH3440,2026-02-08 00:00:00,2026-02-10 00:00:00,2026-02-25 00:00:00,2.0,15.0,False,1966.13,False,Item/Service Not Delivered,no service,User says UPI PIN was not entered by them.,Rejected,Low,IVR
CBK0002019,TXN00005409,False,USR58335,MCH1825,2026-03-27 23:06:21,2026-03-29 14:06:21,,1.625,,False,504.51,False,Duplicate Debit,DUP_DEBIT,Customer says transaction was not authorized.,Resolved,Critical,App
CBK0001161,TXN00004594,False,USR71825,MCH8679,2026-02-23 00:00:00,2026-02-24 00:00:00,2026-03-24 00:00:00,1.0,28.0,False,315.15,False,Other/Unclassified,Fraud Suspected,Customer complaint text unclear due to poor call center notes.,In Progress,Medium,App
CBK0000570,TXN00006817,False,USR13134,MCH3815,2026-03-24 00:00:00,2026-03-25 00:00:00,2026-04-10 00:00:00,1.0,16.0,False,774.67,False,Account Takeover / Unauthorized,login compromised,Customer says transaction was not authorized.,Pending Bank,Medium,Chatbot
CBK0000591,TXN00011869,False,USR62847,MCH3840,2026-01-16 05:31:00,2026-03-02 00:00:00,2026-03-24 00:00:00,44.77013888888889,22.0,False,8004.21,False,Amount Mismatch,amount mismatch,User claims account was compromised before transaction.,Closed,High,Call Center
CBK0001302,TXN00007192,False,USR80872,MCH2757,2026-01-08 00:00:00,2026-01-16 00:00:00,2026-02-08 00:00:00,8.0,23.0,False,1195.71,False,Item/Service Not Delivered,Merchant Not Delivered,Suspicious high-value payment disputed by customer.,Pending Bank,Medium,IVR
CBK0002676,TXN00004927,False,USR19351,MCH3684,2026-03-05 00:00:00,,,,,False,1530.6,False,Other/Unclassified,service failed,Merchant service was not delivered after payment.,Resolved,Low,App
CBK0002774,TXN00007924,False,USR36664,MCH6959,2026-01-01 00:00:00,2026-01-02 00:00:00,2026-01-15 00:00:00,1.0,13.0,False,2197.57,False,Account Takeover / Unauthorized,login compromised,User reports money deducted but merchant denies receiving payment.,Resolved,Medium,App
CBK0001802,TXN00015492,False,USR31275,MCH4473,2026-01-22 00:00:00,2026-01-25 02:09:52,2026-02-04 02:09:52,3.0901851851851854,10.0,False,2618.19,False,Other/Unclassified,incorrect amount,Customer says transaction was not authorized.,In Progress,Medium,Chatbot
CBK0002131,TXN00005025,False,USR12936,MCH9937,2026-02-28 00:00:00,2026-03-05 18:25:00,2026-03-25 00:00:00,5.767361111111111,19.23263888888889,False,1283.51,False,Amount Mismatch,extra amount deducted,User claims account was compromised before transaction. NA,Resolved,Low,IVR
CBK0002281,TXN00016639,False,USR51332,MCH6850,2026-03-04 00:00:00,2026-03-04 00:00:00,2026-03-25 21:38:11,0.0,21.901516203703704,False,2539.68,False,Item/Service Not Delivered,merchant service issue,User says UPI PIN was not entered by them.,Pending Bank,High,App
CBK0000961,TXN00012729,False,USR13686,MCH2588,2026-02-20 00:00:00,2026-02-23 04:28:02,2026-03-19 00:00:00,3.1861342592592594,23.81386574074074,False,1232.87,False,Other/Unclassified,service failed,Complaint received after multiple failed attempts.,Pending Bank,Low,Call Center
CBK0000781,TXN00004717,False,USR34703,MCH2065,2026-01-11 05:47:02,2026-01-21 15:47:02,2026-01-25 00:00:00,10.416666666666666,3.342337962962963,False,22390.0,False,Other/Unclassified,service failed,Complaint received after multiple failed attempts.,Pending Bank,High,Email
CBK0002596,TXN00013632,False,USR34733,MCH8154,2026-01-08 00:00:00,,2026-01-18 15:45:36,,,False,1178.89,False,Other/Unclassified,scam,Payment made to unknown merchant as per customer statement.,Pending Bank,Medium,Chatbot
CBK0001352,TXN00010946,False,USR94542,MCH6061,2026-03-25 00:00:00,2026-03-29 02:21:00,,4.097916666666666,,False,562.29,False,Duplicate Debit,DUP_DEBIT,user claims account was compromised before transaction.,Closed,High,IVR
CBK0001055,TXN00016717,False,USR80656,MCH8828,2026-01-27 00:00:00,,2026-02-16 15:46:43,,,False,3272.08,False,Item/Service Not Delivered,delivery issue,suspicious high-value payment disputed by customer.,Open,Medium,Call Center
CBK0001165,TXN00010766,False,USR24002,MCH2065,2026-01-01 23:56:29,,2026-01-20 00:00:00,,,False,2510.0,False,Duplicate Debit,DUP_DEBIT,suspicious high-value payment disputed by customer.,In Progress,Low,Branch
CBK0001855,TXN00003379,False,USR73010,MCH6457,2026-03-26 11:09:24,2026-03-28 11:09:00,2026-04-20 11:09:24,1.9997222222222222,23.00027777777778,False,5587.77,False,Duplicate Debit,charged twice,Customer says transaction was not authorized.,Pending Bank,High,App
CBK0002353,TXN00017005,False,USR93920,MCH5156,2026-03-01 06:38:00,2026-03-31 21:38:30,2026-04-03 00:00:00,30.62534722222222,2.098263888888889,False,10880.54,False,Item/Service Not Delivered,Merchant Not Delivered,Customer says amount was debited twice.,Open,Medium,Chatbot
CBK0002118,TXN00008403,False,USR17197,MCH4473,2026-01-06 00:00:00,2026-01-17 11:54:07,2026-01-29 11:54:07,11.495914351851852,12.0,False,1117.0,False,Other/Unclassified,unauth txn,MERCHANT SERVICE WAS NOT DELIVERED AFTER PAYMENT.,Pending Bank,Medium,Email
CBK0001333,TXN00003302,False,USR97772,MCH2026,2026-03-23 00:00:00,2026-04-02 16:40:00,,10.694444444444445,,False,1169.68,False,Duplicate Debit,Duplicate Debit,Payment made to unknown merchant as per cust statement.,Closed,Medium,IVR
CBK0000542,TXN00003675,False,USR92063,MCH3454,2026-01-15 12:53:18,2026-01-18 23:53:18,2026-02-04 00:00:00,3.4583333333333335,16.00465277777778,False,1047.52,False,Duplicate Debit,double debit,Customer complaint text unclear due to poor call center notes.,Pending Bank,Medium,IVR
CBK0001233,TXN34198,False,USR98515,MCH3927,2026-03-21 00:00:00,2026-03-23 00:00:00,2026-03-23 00:00:00,2.0,0.0,False,2387.46,False,Account Takeover / Unauthorized,login compromised,Customer complaint text unclear due to poor call center notes.,Pending Bank,Medium,Chatbot
CBK0000493,TXN00001975,False,USR66286,MCH7546,2026-01-21 09:21:00,2026-02-05 00:00:00,2026-02-17 00:00:00,14.610416666666667,12.0,False,943.72,False,Amount Mismatch,extra amount deducted,Merchant service was not delivered after payment. details missing,Open,High,IVR
CBK0000679,TXN00019297,False,USR35700,MCH4758,2026-02-24 08:24:53,2026-02-24 12:24:00,,0.16605324074074074,,False,1314.28,False,Account Takeover / Unauthorized,Account Takeover,Customer complaint text unclear due to poor call center notes.,Pending Bank,Low,IVR
CBK0000937,TXN00009444,False,USR22327,MCH5615,2026-02-07 00:00:00,,,,,False,855.85,False,General Complaint / Dispute,dispute raised,Merchant service was not delivered after payment.,Open,Medium,App
CBK0002581,TXN00015481,False,USR62660,MCH4181,2026-01-15 00:00:00,2026-01-17 09:49:00,2026-02-01 09:49:51,2.4090277777777778,15.000590277777778,False,2917.55,False,Other/Unclassified,Service Not Provided,MERCHANT SERVICE WAS NOT DELIVERED AFTER PAYMENT.,Resolved,Low,IVR
CBK0002587,TXN00001705,False,USR32842,MCH3100,2026-03-22 23:32:00,2026-03-26 00:00:00,2026-04-13 15:32:45,3.0194444444444444,18.647743055555555,False,2583.16,False,Duplicate Debit,DUP_DEBIT,Customer complaint text unclear due to poor call center notes.,Pending Bank,Low,IVR
CBK0001716,TXN00008167,False,USR60833,MCH6947,2026-03-17 00:00:00,2026-03-21 11:09:56,2026-03-26 00:00:00,4.4652314814814815,4.5347685185185185,False,2598.82,False,Duplicate Debit,double debit,Merchant service was not delivered after payment.,Pending Bank,Medium,Branch
CBK0001872,TXN00008853,False,USR43455,MCH8391,2026-02-15 00:00:00,2026-02-17 13:35:00,,2.5659722222222223,,False,6353.75,False,Item/Service Not Delivered,merchant service issue,COMPLAINT RECEIVED AFTER MULTIPLE FAILED ATTEMPTS.,Resolved,Medium,Call Center
CBK0001366,TXN00005968,False,USR64733,MCH3045,2026-03-19 00:00:00,2026-03-21 00:00:00,2026-04-04 04:31:22,2.0,14.188449074074073,False,2917.69,False,General Complaint / Dispute,customer issue,customer says transaction was not authorized.,Pending Bank,Critical,Call Center
CBK0001640,TXN00009672,False,USR72121,MCH4035,2026-01-31 00:00:00,,,,,False,478.93,False,Item/Service Not Delivered,Merchant Not Delivered,Complaint received after multiple failed attempts.,Closed,Low,Branch
CBK0002525,TXN00009115,False,USR60789,MCH3104,2026-02-03 23:08:00,2026-02-14 00:08:00,,10.041666666666666,,False,1575.8,False,Other/Unclassified,scam,customer says amount was debited twice.,Open,Low,Chatbot
CBK0000132,TXN00016038,False,USR11624,MCH5300,2026-03-23 08:28:00,2026-03-23 00:00:00,,-0.3527777777777778,,True,447.63,False,Item/Service Not Delivered,merchant service issue,Complaint received after multiple failed attempts.,Closed,High,App
CBK0001689,TXN00012952,False,USR63160,MCH8078,2026-01-09 00:00:00,2026-01-11 09:46:20,2026-01-19 09:46:00,2.4071759259259258,7.999768518518518,False,277.65,False,Duplicate Debit,Duplicate Debit,user says upi pin was not entered by them.,Pending Bank,Low,Chatbot
CBK0000311,TXN00003364,False,USR18722,MCH6415,2026-03-29 00:00:00,2026-03-30 00:00:00,2026-04-26 00:00:00,1.0,27.0,False,2940.2,False,Other/Unclassified,Service Not Provided,Customer complaint text unclear due to poor call center notes.,Closed,Low,Chatbot
CBK0000047,TXN74133,False,USR46927,MCH2711,2026-03-27 00:00:00,2026-04-26 00:00:00,,30.0,,False,546.0,False,Amount Mismatch,Wrong Amount,User reports money deducted but merchant denies receiving payment.,Open,Medium,Branch
CBK0000335,TXN00001134,False,USR18760,MCH9451,2026-03-06 21:05:23,2026-03-17 05:05:00,2026-04-09 00:00:00,10.33306712962963,22.788194444444443,False,1881.35,False,General Complaint / Dispute,Customer Dispute,User reports money deducted but merchant denies receiving payment.,Pending Bank,High,IVR
CBK0001857,TXN00008788,False,USR99849,MCH3643,2026-03-13 05:35:47,2026-03-15 00:00:00,2026-04-02 15:35:47,1.7668171296296296,18.64984953703704,False,8276.16,False,Other/Unclassified,fraud,Customer complaint text unclear due to poor call center notes.,In Progress,Medium,Chatbot
CBK0000770,TXN51555,False,USR56287,MCH8779,2026-03-08 00:00:00,2026-03-11 00:00:00,,3.0,,False,2417.43,False,Item/Service Not Delivered,item not received,User reports money deducted but merchant denies receiving payment.,Closed,Medium,Chatbot
CBK0002755,TXN00002471,False,USR90893,MCH8779,2026-01-24 22:24:58,2026-01-25 17:24:58,2026-02-24 00:00:00,0.7916666666666666,29.274328703703702,False,2207.71,False,Other/Unclassified,scam,User says UPI PIN was not entered by them.,Closed,High,IVR
CBK0000731,TXN00009087,False,USR31359,MCH1258,2026-02-02 11:18:00,2026-02-18 00:18:00,2026-03-14 00:00:00,15.541666666666666,23.9875,False,7838.0,False,Other/Unclassified,FRAUD,Complaint received after multiple failed attempts.,Pending Bank,Medium,App
CBK0000623,TXN00012588,False,USR78593,MCH9191,2026-03-24 00:00:00,2026-03-27 02:42:00,2026-04-07 00:00:00,3.1125,10.8875,False,1181.22,False,General Complaint / Dispute,Customer Dispute,merchant service was not delivered after payment.,Pending Bank,Critical,Call Center
CBK0000179,TXN00017876,False,USR49537,MCH5956,2026-03-06 00:00:00,2026-03-10 14:02:56,2026-03-28 00:00:00,4.58537037037037,17.41462962962963,False,638.04,False,Other/Unclassified,Fraud Suspected,Customer says transaction was not authorized.,In Progress,Medium,IVR
CBK0001905,TXN00011981,False,USR80617,MCH7286,2026-01-08 00:00:00,2026-01-11 00:00:00,2026-01-23 03:28:28,3.0,12.144768518518518,False,17594.04,False,Item/Service Not Delivered,item not received,suspicious high-value payment disputed by customer.,Pending Bank,Low,Email
CBK0002170,TXN00017055,False,USR56789,MCH5954,2026-03-02 00:00:00,2026-03-03 00:00:00,2026-03-16 00:00:00,1.0,13.0,False,226.51,False,Duplicate Debit,DUP_DEBIT,Customer complaint text unclear due to poor call center notes.,Rejected,High,Chatbot
CBK0002046,TXN00013381,False,USR72135,MCH5076,2026-01-08 16:33:00,2026-01-18 21:33:00,2026-02-17 21:33:18,10.208333333333334,30.000208333333333,False,1684.52,False,Item/Service Not Delivered,not delivered,User says UPI PIN was not entered by them.,Rejected,Low,Branch
CBK0000950,TXN00016469,False,USR13599,MCH6400,2026-01-29 06:43:12,2026-02-06 00:00:00,2026-02-14 00:00:00,7.72,8.0,False,1313.4,False,Account Takeover / Unauthorized,Account Takeover,Complaint received after multiple failed attempts.,In Progress,High,Chatbot
CBK0002279,TXN00018603,False,USR39503,MCH1658,2026-03-23 12:48:07,2026-03-26 00:00:00,2026-03-26 04:48:00,2.4665856481481483,0.2,False,3615.07,False,Duplicate Debit,Duplicate Debit,Suspicious high-value payment disputed by customer.,Rejected,Critical,Call Center
CBK0002552,TXN00011308,False,USR27300,MCH9291,2026-03-30 00:00:00,2026-04-02 19:18:00,2026-04-26 00:00:00,3.8041666666666667,23.195833333333333,False,16936.0,False,Other/Unclassified,FRAUD,Complaint received after multiple failed attempts.,Open,Low,Call Center
CBK0002787,TXN00005483,False,USR89278,MCH4006,2026-01-12 00:44:38,2026-01-15 00:00:00,,2.9690046296296297,,False,2130.14,False,Item/Service Not Delivered,no service,User reports money deducted but merchant denies receiving payment.,In Progress,Medium,Call Center
CBK0002167,TXN00008964,False,USR58972,MCH9155,2026-01-20 00:00:00,2026-01-22 00:00:00,,2.0,,False,1646.02,False,Account Takeover / Unauthorized,Account Takeover,Customer says amount was debited twice.,Pending Bank,High,Email
CBK0000768,TXN00002926,False,USR29277,MCH7998,2026-01-03 00:00:00,2026-02-18 00:00:00,2026-02-19 00:00:00,46.0,1.0,False,1432.79,False,General Complaint / Dispute,dispute raised,Customer complaint text unclear due to poor call center notes.,Open,Low,Chatbot
CBK0001078,TXN00001209,False,USR19922,MCH6850,2026-02-07 00:00:00,2026-02-13 00:00:00,,6.0,,False,2704.46,False,Other/Unclassified,Service Not Provided,User claims account was compromised before transaction.,In Progress,Medium,Chatbot
CBK0000054,TXN00015105,False,USR35239,MCH9077,2026-03-26 00:00:00,2026-03-29 00:00:00,2026-03-30 00:00:00,3.0,1.0,False,608.31,False,General Complaint / Dispute,customer issue,User claims account was compromised before transaction.,Rejected,Low,IVR
CBK0000915,TXN00012512,False,USR69408,MCH6683,2026-03-16 00:00:00,2026-03-18 00:00:00,,2.0,,False,3164.0,False,Duplicate Debit,DUP_DEBIT,Merchant service was not delivered after payment.,Rejected,Medium,Email
CBK0000827,TXN00014268,False,USR35403,MCH2320,2026-03-26 19:49:23,2026-03-29 00:00:00,,2.1740393518518517,,False,1797.0,False,Item/Service Not Delivered,merchant service issue,User says UPI PIN was not entered by them. pls check asap,Open,Medium,Chatbot
CBK0002054,TXN00014488,False,USR98293,MCH4980,2026-01-29 03:41:00,2026-02-01 02:41:16,2026-02-03 02:41:00,2.9585185185185185,1.9998148148148147,False,7101.31,False,Item/Service Not Delivered,delivery issue,Complaint received after multiple failed attempts.,Closed,Medium,Email
CBK0001418,TXN00017042,False,USR71503,MCH7873,2026-01-14 00:00:00,2026-01-22 12:51:19,,8.535636574074074,,False,1707.0,False,Item/Service Not Delivered,not delivered,User claims account was compromised before transaction.,Resolved,Low,Chatbot
CBK0000107,TXN00017349,False,USR51854,MCH2065,2026-03-14 00:00:00,2026-03-15 15:43:00,2026-03-25 00:00:00,1.6548611111111111,9.345138888888888,False,1441.68,False,Item/Service Not Delivered,merchant service issue,CUSTOMER COMPLAINT TEXT UNCLEAR DUE TO POOR CALL CENTER NOTES.,Closed,Medium,App
CBK0000943,TXN00005379,False,USR79175,MCH8672,2026-03-13 00:00:00,2026-03-20 00:00:00,2026-04-18 00:00:00,7.0,29.0,False,318.82,False,Account Takeover / Unauthorized,unauthorized_transaction,Customer says amount was debited twice. NA,Resolved,High,Branch
CBK0001622,TXN00003616,False,USR88037,MCH2915,2026-01-09 00:00:00,2026-01-09 00:00:00,,0.0,,False,5374.95,False,Account Takeover / Unauthorized,ATO,Customer says amount was debited twice.,Resolved,Low,Call Center
CBK0001930,TXN00000462,False,USR44849,MCH6811,2026-01-07 17:21:00,2026-01-10 00:21:21,2026-01-17 00:00:00,2.291909722222222,6.985173611111111,False,9759.54,False,General Complaint / Dispute,complaint,SUSPICIOUS HIGH-VALUE PAYMENT DISPUTED BY CUSTOMER.,In Progress,Low,IVR
CBK0000796,TXN00007069,False,USR87558,MCH3466,2026-02-19 07:25:50,2026-02-14 07:25:50,2026-02-22 00:00:00,-5.0,7.690393518518518,True,5834.0,False,Other/Unclassified,FRAUD,MERCHANT SERVICE WAS NOT DELIVERED AFTER PAYMENT.,Resolved,Medium,Chatbot
CBK0001168,TXN00005941,False,USR56021,MCH1185,2026-03-06 00:00:00,2026-03-22 14:23:38,2026-03-29 00:00:00,16.59974537037037,6.40025462962963,False,8630.24,False,Amount Mismatch,extra amount deducted,Suspicious high-value payment disputed by customer.,In Progress,High,Email
CBK0000505,TXN00000437,False,USR87914,MCH3324,2026-03-06 00:00:00,2026-03-09 05:21:00,2026-03-30 00:00:00,3.222916666666667,20.777083333333334,False,3962.0,False,Duplicate Debit,double debit,User reports money deducted but merchant denies receiving payment.,In Progress,Low,IVR
CBK0001763,TXN00006338,False,USR58810,MCH7667,2026-02-14 00:00:00,2026-02-24 19:50:25,2026-02-24 00:00:00,10.82667824074074,-0.8266782407407407,False,1656.18,False,Other/Unclassified,service failed,User reports money deducted but merchant denies receiving payment.,Open,Low,Chatbot
CBK0001329,TXN00009229,False,USR61206,MCH8097,2026-03-06 00:00:00,2026-03-14 00:00:00,,8.0,,False,1300.37,False,General Complaint / Dispute,dispute raised,User says UPI PIN was not entered by them.,Closed,High,IVR
CBK0000083,TXN00019136,False,USR46902,MCH4705,2026-02-10 00:00:00,,2026-02-28 00:00:00,,,False,264.95,False,Other/Unclassified,suspicious transaction,Suspicious high-value payment disputed by customer.,Open,Medium,Email
CBK0002760,TXN00016683,False,USR85320,MCH2780,2026-03-29 01:37:33,2026-03-31 00:00:00,,1.9322569444444444,,False,8248.74,False,General Complaint / Dispute,complaint,User claims account was compromised before transaction.,Closed,Medium,Chatbot
CBK0000624,TXN00000969,False,USR81017,MCH1148,2026-03-19 07:40:40,2026-04-19 00:00:00,2026-05-07 00:00:00,30.680092592592594,18.0,False,6622.0,False,General Complaint / Dispute,Customer Dispute,Customer says amount was debited twice.,In Progress,Medium,Chatbot
CBK0002380,TXN00007622,False,USR55947,MCH7385,2026-03-30 00:00:00,2026-04-02 00:00:00,,3.0,,False,475.05,False,Other/Unclassified,scam,Payment made to unknown merchant as per customer statement.,Open,Medium,App
CBK0001344,TXN00018359,False,USR13263,MCH6933,2026-03-20 00:00:00,,2026-04-14 15:20:52,,,False,333.0,False,Duplicate Debit,DUP_DEBIT,Customer says transaction was not authorized.,In Progress,Low,Chatbot
CBK0000005,TXN00018300,False,USR55340,MCH6657,2026-03-23 18:36:28,2026-05-07 00:00:00,2026-05-18 00:00:00,44.22467592592593,11.0,False,3125.63,False,Other/Unclassified,FRAUD,Customer complaint text unclear due to poor call center notes.,In Progress,Low,Branch
CBK0002603,TXN00009920,False,USR72778,MCH3738,2026-02-25 00:00:00,2026-03-07 00:00:00,2026-03-09 18:15:06,10.0,2.760486111111111,False,1507.51,False,Other/Unclassified,Fraud Suspected,Customer complaint text unclear due to poor call center notes.,Pending Bank,Low,IVR
CBK0000112,TXN00002800,False,USR33650,MCH4226,2026-01-02 00:00:00,2026-01-05 00:00:00,2026-01-15 09:02:47,3.0,10.37693287037037,False,9291.46,False,Item/Service Not Delivered,item not received,User claims account was compromised before transaction. urgent,Rejected,Low,Email
CBK0001025,TXN00015661,False,USR47242,MCH1664,2026-01-20 00:00:00,2026-01-23 11:54:20,2026-02-06 00:00:00,3.496064814814815,13.503935185185185,False,1840.53,False,Duplicate Debit,double debit,user reports money deducted but merchant denies receiving payment.,Open,High,Chatbot
CBK0000261,TXN00003908,False,USR92765,MCH6368,2026-02-20 00:00:00,2026-02-26 00:00:00,2026-03-06 00:00:00,6.0,8.0,False,6597.26,False,Account Takeover / Unauthorized,not done by me,Customer says amount was debited twice.,In Progress,Critical,IVR
CBK0000780,TXN00003784,False,USR91599,MCH2065,2026-03-28 17:20:00,,2026-04-12 23:20:37,,,False,3118.57,False,Other/Unclassified,suspicious transaction,Customer says transaction was not authorized.,In Progress,High,Chatbot
CBK0002057,TXN00004888,False,USR31743,MCH9344,2026-03-31 00:00:00,2026-04-01 00:00:00,2026-04-28 00:00:00,1.0,27.0,False,1625.15,False,Other/Unclassified,Service Not Provided,Merchant service was not delivered after payment.,Pending Bank,Critical,Call Center
CBK0002331,TXN00009831,False,USR80038,MCH3995,2026-01-08 00:00:00,2026-01-09 00:00:00,2026-02-03 00:00:00,1.0,25.0,False,2727.04,False,Account Takeover / Unauthorized,account hacked,Merchant service was not delivered after payment.,In Progress,Medium,App
CBK0000930,TXN00014399,False,USR39029,MCH4790,2026-03-04 14:44:00,2026-03-06 00:00:00,2026-03-27 15:44:00,1.386111111111111,21.655555555555555,False,388.39,False,Item/Service Not Delivered,delivery issue,Customer says transaction was not authorized.,In Progress,Medium,App
CBK0001022,TXN00016644,False,USR60881,MCH7777,2026-01-21 00:00:00,2026-01-26 00:00:00,2026-01-27 00:00:00,5.0,1.0,False,898.0,False,Other/Unclassified,fraud,Customer says amount was debited twice.,Resolved,High,Chatbot
CBK0001492,TXN00008497,False,USR96797,MCH9634,2026-02-18 00:00:00,2026-02-20 00:00:00,,2.0,,False,316.81,False,Duplicate Debit,charged twice,Merchant service was not delivered after payment.,Closed,Low,App
CBK0000690,TXN00016173,False,USR76780,MCH1506,2026-03-20 00:00:00,,,,,False,8263.92,False,General Complaint / Dispute,dispute raised,User claims account was compromised before transaction.,Rejected,Low,Chatbot
CBK0001676,TXN00013539,False,USR90288,MCH8203,2026-02-09 10:20:56,2026-02-24 00:00:00,,14.568796296296297,,False,1619.34,False,Item/Service Not Delivered,merchant service issue,Complaint received after multiple failed attempts.,Rejected,Medium,App
CBK0002175,TXN00003542,False,USR95702,MCH6520,2026-03-18 00:00:00,2026-03-20 20:30:00,2026-03-22 20:30:52,2.8541666666666665,2.000601851851852,False,1085.0,False,Other/Unclassified,FRAUD,Customer says transaction was not authorized.,Closed,Low,Chatbot
CBK0002748,TXN00006778,False,USR65191,MCH1320,2026-03-22 00:00:00,2026-04-02 00:00:00,2026-04-05 00:00:00,11.0,3.0,False,1282.1,False,Other/Unclassified,Service Not Provided,Complaint received after multiple failed attempts.,Resolved,Medium,Chatbot
CBK0002674,TXN00007519,False,USR53527,MCH8779,2026-03-03 00:00:00,2026-03-06 00:00:00,2026-03-06 00:00:00,3.0,0.0,False,2490.54,False,Item/Service Not Delivered,no service,User claims account was compromised before transaction.,Rejected,Low,IVR
CBK0000451,TXN00007457,False,USR71070,MCH9291,2026-01-10 08:18:00,2026-02-09 13:18:00,2026-03-11 00:00:00,30.208333333333332,29.445833333333333,False,838.9,False,General Complaint / Dispute,complaint,Customer says transaction was not authorized.,In Progress,Medium,Chatbot
CBK0002387,TXN00004951,False,USR76131,MCH1332,2026-03-08 07:51:04,2026-03-09 21:51:00,2026-03-11 00:00:00,1.583287037037037,1.0895833333333333,False,2386.57,False,Account Takeover / Unauthorized,not done by me,Customer says amount was debited twice.,In Progress,Medium,Call Center
CBK0000295,TXN00010097,False,USR30500,MCH3244,2026-02-20 01:27:00,2026-02-22 00:00:00,2026-03-19 00:00:00,1.9395833333333334,25.0,False,12885.17,False,Account Takeover / Unauthorized,Unauthorized Transaction,Complaint received after multiple failed attempts.,Pending Bank,Low,IVR
CBK0001674,TXN00013171,False,USR44076,MCH8679,2026-02-27 00:19:00,2026-04-13 00:00:00,2026-04-18 00:00:00,44.986805555555556,5.0,False,1091.17,False,Account Takeover / Unauthorized,account hacked,Customer complaint text unclear due to poor call center notes.,In Progress,Medium,Branch
CBK0001656,TXN00014355,False,USR49179,MCH9241,2026-03-31 00:00:00,2026-05-15 19:24:00,2026-06-09 00:00:00,45.80833333333333,24.191666666666666,False,842.31,False,Duplicate Debit,Duplicate Debit,Customer says transaction was not authorized.,Open,Low,Branch
CBK0001349,TXN00011307,False,USR27947,MCH5452,2026-03-31 02:55:00,2026-03-31 19:55:24,2026-04-06 00:00:00,0.7086111111111111,5.1698611111111115,False,4006.77,False,Account Takeover / Unauthorized,login compromised,User says UPI PIN was not entered by them.,Pending Bank,Low,Call Center
CBK0000029,TXN00006499,False,USR14810,MCH1545,2026-02-27 09:13:41,2026-03-01 20:13:00,,2.4578587962962963,,False,640.77,False,Other/Unclassified,incorrect amount,User says UPI PIN was not entered by them.,Closed,Medium,Chatbot
CBK0000638,TXN00006348,False,USR97580,MCH6624,2026-01-17 00:00:00,2026-01-21 00:00:00,2026-01-27 00:24:00,4.0,6.016666666666667,False,506.14,False,General Complaint / Dispute,Customer Dispute,user says upi pin was not entered by them.,In Progress,Medium,Chatbot
CBK0001261,TXN00001742,False,USR56247,MCH1220,2026-01-24 00:00:00,2026-02-03 00:00:00,2026-02-15 00:00:00,10.0,12.0,False,1286.87,False,Other/Unclassified,FRAUD,Customer complaint text unclear due to poor call center notes.,In Progress,Low,IVR
CBK0001296,TXN00000132,False,USR44587,MCH4473,2026-02-05 00:00:00,2026-02-08 02:36:00,2026-02-14 02:36:00,3.1083333333333334,6.0,False,548.59,False,Account Takeover / Unauthorized,unauthorized_transaction,Payment made to unknown merchant as per customer statement.,In Progress,Medium,App
CBK0001456,TXN00003248,False,USR30500,MCH2822,2026-02-08 02:56:43,2026-02-09 00:00:00,2026-02-16 00:00:00,0.8772800925925925,7.0,False,10277.41,False,Account Takeover / Unauthorized,Unauthorized Transaction,Suspicious high-value payment disputed by customer.,Pending Bank,Critical,Call Center
CBK0001860,TXN00000877,False,USR24833,MCH8648,2026-03-10 00:00:00,2026-03-11 00:00:00,2026-04-06 00:00:00,1.0,26.0,False,1251.7,False,Amount Mismatch,Wrong Amount,Suspicious high-value payment disputed by customer.,Resolved,Low,IVR
CBK0001297,TXN00002610,False,USR99997,MCH5710,2026-01-04 00:00:00,2026-01-10 07:41:28,2026-02-09 07:41:28,6.320462962962963,30.0,False,784.51,False,Amount Mismatch,extra amount deducted,suspicious high-value payment disputed by customer.,Rejected,Medium,App
CBK0000584,TXN00018381,False,USR66286,MCH3433,2026-01-24 00:00:00,2026-01-26 00:09:00,2026-02-17 00:09:38,2.00625,22.000439814814815,False,528.22,False,Account Takeover / Unauthorized,login compromised,Suspicious high-value payment disputed by customer.,Open,Low,IVR
CBK0001221,TXN00002325,False,USR19262,MCH7654,2026-03-28 01:43:00,,2026-04-26 00:00:00,,,False,800.32,False,Item/Service Not Delivered,delivery issue,Payment made to unknown merchant as per customer statement.,In Progress,High,Email
CBK0000475,TXN00015106,False,USR66875,MCH7661,2026-02-11 00:00:00,2026-02-18 00:00:00,,7.0,,False,4581.94,False,Duplicate Debit,charged twice,Suspicious high-value payment disputed by customer.,Open,Medium,Email
CBK0000635,TXN00003242,False,USR34180,MCH2159,2026-03-22 00:00:00,,,,,False,1561.56,False,Amount Mismatch,amount mismatch,suspicious high-value payment disputed by customer.,Closed,Low,Branch
CBK0000532,TXN00006252,False,USR15564,MCH6116,2026-01-21 15:31:58,2026-01-22 00:00:00,,0.35280092592592593,,False,408.0,False,Other/Unclassified,incorrect amount,merchant service was not delivered after payment.,In Progress,High,Branch
CBK0002727,TXN00004731,False,USR24341,MCH1965,2026-03-20 00:00:00,2026-03-21 00:00:00,2026-03-25 00:00:00,1.0,4.0,False,1385.0,False,Account Takeover / Unauthorized,account hacked,Customer says amount was debited twice.,Rejected,High,Email
CBK0001926,TXN00019983,False,USR24168,MCH3909,2026-03-16 23:25:39,2026-04-01 00:00:00,2026-05-01 00:00:00,15.023854166666666,30.0,False,8084.93,False,Duplicate Debit,Duplicate Debit,User says UPI PIN was not entered by them.,Rejected,High,Branch
CBK0001282,TXN32415,False,USR99611,MCH2266,2026-02-23 00:00:00,2026-02-24 00:00:00,2026-03-07 00:00:00,1.0,11.0,False,23005.71,False,Item/Service Not Delivered,no service,User says UPI PIN was not entered by them.,Rejected,Medium,Chatbot
CBK0002092,TXN00011140,False,USR70317,MCH3807,2026-01-19 00:00:00,2026-01-19 00:00:00,,0.0,,False,1790.94,False,Other/Unclassified,Service Not Provided,User claims account was compromised before transaction.,Pending Bank,Medium,App
CBK0001336,TXN00004804,False,USR40908,MCH2509,2026-01-06 06:55:18,2026-01-08 00:00:00,2026-01-14 01:55:18,1.7115972222222222,6.080069444444445,False,12097.84,False,Account Takeover / Unauthorized,Unauthorized Transaction,Merchant service was not delivered after payment.,Closed,High,Chatbot
CBK0000156,TXN00018659,False,USR96218,MCH5609,2026-02-15 00:00:00,2026-02-21 00:00:00,2026-03-05 09:55:18,6.0,12.413402777777778,False,4959.68,False,Duplicate Debit,DUP_DEBIT,Payment made to unknown merchant as per customer statement. details missing,Resolved,Critical,Branch
CBK0001242,TXN00014086,False,USR37902,MCH3159,2026-03-29 00:00:00,2026-04-01 00:00:00,2026-04-25 00:00:00,3.0,24.0,False,3184.9,False,Duplicate Debit,charged twice,Complaint received after multiple failed attempts.,Rejected,Medium,Email
CBK0001067,TXN00000175,False,USR32382,MCH4962,2026-02-23 00:00:00,2026-03-10 00:00:00,2026-04-07 00:00:00,15.0,28.0,False,1092.58,False,Amount Mismatch,amount mismatch,Merchant service was not delivered after payment.,Resolved,High,IVR
CBK0000712,TXN00007650,False,USR28000,MCH5690,2026-03-23 00:00:00,2026-03-25 00:00:00,2026-04-06 00:03:10,2.0,12.002199074074074,False,316.55,False,Item/Service Not Delivered,item not received,user reports money deducted but merchant denies receiving payment.,Rejected,Medium,Chatbot
CBK0000658,TXN00005761,False,USR70617,MCH5954,2026-03-10 21:34:00,2026-03-18 06:34:15,2026-03-18 06:34:15,7.375173611111111,0.0,False,3582.63,False,Other/Unclassified,Service Not Provided,User claims account was compromised before transaction.,Open,Low,IVR
CBK0001465,TXN00004507,False,USR77990,MCH9291,2026-01-21 00:00:00,2026-01-21 00:00:00,,0.0,,False,2320.0,False,Item/Service Not Delivered,delivery issue,Merchant service was not delivered after payment.,Open,Medium,Branch
CBK0000859,TXN00018489,False,USR33856,MCH5110,2026-02-10 23:21:44,2026-02-14 19:21:00,,3.832824074074074,,False,267.92,False,Other/Unclassified,FRAUD,User claims account was compromised before transaction. NA,Resolved,High,Email
CBK0001503,TXN00007523,False,USR30103,MCH7139,2026-02-14 10:06:00,2026-02-20 00:00:00,2026-03-12 09:06:00,5.579166666666667,20.379166666666666,False,2702.06,False,Item/Service Not Delivered,delivery issue,MERCHANT SERVICE WAS NOT DELIVERED AFTER PAYMENT.,Resolved,Medium,App
CBK0001583,TXN00015176,False,USR41858,MCH3750,2026-03-19 00:00:00,,2026-04-03 11:07:00,,,False,519.74,False,Other/Unclassified,fraud,Customer says amount was debited twice.,In Progress,High,Email
CBK0001359,TXN00003338,False,USR91595,MCH3957,2026-02-16 15:19:43,2026-02-18 08:19:43,,1.7083333333333333,,False,8032.32,False,Account Takeover / Unauthorized,login compromised,Payment made to unknown merchant as per customer statement.,In Progress,Medium,IVR
CBK0002256,TXN00009782,False,USR19885,MCH8154,2026-03-17 00:00:00,2026-03-22 00:00:00,2026-04-21 00:00:00,5.0,30.0,False,6347.69,False,Account Takeover / Unauthorized,not done by me,Merchant service was not delivered after payment. NA,In Progress,Medium,IVR
CBK0001491,TXN00017193,False,USR16478,MCH4709,2026-03-31 00:00:00,2026-04-03 00:00:00,2026-04-27 00:00:00,3.0,24.0,False,2406.17,False,Account Takeover / Unauthorized,not done by me,payment made to unknown merchant as per customer statement.,In Progress,Medium,IVR
CBK0001701,TXN00006191,False,USR79175,MCH8752,2026-02-25 00:00:00,2026-02-26 19:14:05,2026-03-01 00:00:00,1.8014467592592593,2.1985532407407407,False,426.17,False,General Complaint / Dispute,customer issue,Customer says amount was debited twice. pls check asap,Pending Bank,Low,Call Center
CBK0000629,TXN00003543,False,USR61351,MCH4181,2026-01-15 11:05:00,2026-01-19 08:05:34,2026-02-09 08:05:00,3.8753935185185187,20.999606481481482,False,15742.98,False,Duplicate Debit,charged twice,User claims account was compromised before transaction.,Resolved,Low,Chatbot
CBK0000123,TXN00016267,False,USR85507,MCH6810,2026-02-05 00:00:00,2026-03-07 00:00:00,,30.0,,False,1756.0,False,Account Takeover / Unauthorized,not done by me,User claims account was compromised before transaction.,Resolved,High,Branch
CBK0002662,TXN00001805,False,USR29306,MCH5624,2026-01-20 00:00:00,2026-01-21 00:00:00,2026-02-18 00:00:00,1.0,28.0,False,692.55,False,General Complaint / Dispute,complaint,Suspicious high-value payment disputed by customer.,Rejected,Medium,Chatbot
CBK0001889,TXN00013593,False,USR10480,MCH7251,2026-01-29 11:28:25,2026-02-01 00:00:00,2026-02-01 00:28:00,2.5219328703703705,0.019444444444444445,False,792.99,False,Account Takeover / Unauthorized,login compromised,User reports money deducted but merchant denies receiving payment. pls check asap,Open,Medium,IVR
CBK0001592,TXN00015183,False,USR24536,MCH2785,2026-02-07 00:00:00,2026-02-09 14:27:41,2026-02-27 00:00:00,2.6025578703703705,17.39744212962963,False,4195.81,False,Item/Service Not Delivered,merchant service issue,Suspicious high-value payment disputed by customer.,Resolved,Medium,Email
CBK0000749,TXN00006304,False,USR30630,MCH3257,2026-01-09 00:00:00,2026-02-23 00:00:00,,45.0,,False,4194.32,False,General Complaint / Dispute,dispute raised,suspicious high-value payment disputed by customer.,In Progress,Critical,Chatbot
CBK0001203,TXN00014456,False,USR61761,MCH8619,2026-02-20 00:00:00,2026-02-28 02:46:45,2026-03-05 00:00:00,8.115798611111112,4.884201388888889,False,14382.17,False,Item/Service Not Delivered,delivery issue,Complaint received after multiple failed attempts.,In Progress,Low,IVR
CBK0002578,TXN00001675,False,USR84061,MCH6798,2026-03-31 00:00:00,2026-04-03 11:48:00,,3.4916666666666667,,False,994.02,False,Other/Unclassified,service failed,user reports money deducted but merchant denies receiving payment.,In Progress,Medium,IVR
CBK0001647,TXN94322,False,USR55487,MCH7879,2026-03-26 07:27:17,2026-03-29 00:00:00,2026-03-31 00:00:00,2.689386574074074,2.0,False,2530.5,False,Item/Service Not Delivered,item not received,Customer says transaction was not authorized.,Rejected,Medium,Email
CBK0001888,TXN00004061,False,USR77659,MCH4909,2026-02-10 00:00:00,2026-03-12 18:31:00,2026-04-09 00:00:00,30.771527777777777,27.228472222222223,False,2090.0,False,General Complaint / Dispute,customer issue,Customer says transaction was not authorized.,Closed,Low,IVR
CBK0001840,TXN00009647,False,USR97772,MCH5655,2026-02-07 00:00:00,2026-02-22 00:00:00,2026-02-26 00:00:00,15.0,4.0,False,878.05,False,Duplicate Debit,charged twice,Customer says amount was debited twice.,Rejected,High,Branch
CBK0001323,TXN00006391,False,USR57255,MCH5076,2026-01-11 00:00:00,2026-01-12 00:11:00,2026-01-15 00:00:00,1.007638888888889,2.9923611111111112,False,9215.86,False,Other/Unclassified,fraud,user says upi pin was not entered by them.,Resolved,Medium,IVR
CBK0000404,TXN00007870,False,USR76645,MCH7161,2026-01-28 00:00:00,2026-02-05 18:07:51,2026-02-17 18:07:00,8.755451388888888,11.999409722222222,False,1860.61,False,Duplicate Debit,Duplicate Debit,User reports money deducted but merchant denies receiving payment.,In Progress,High,Email
CBK0001136,TXN00008134,False,USR44953,MCH2383,2026-02-05 00:00:00,2026-02-07 13:04:31,2026-02-13 00:00:00,2.5448032407407406,5.455196759259259,False,388.91,False,Other/Unclassified,suspicious transaction,USER REPORTS MONEY DEDUCTED BUT MERCHANT DENIES RECEIVING PAYMENT.,Resolved,Medium,Chatbot
CBK0000334,TXN00015310,False,USR19151,MCH8434,2026-03-07 11:51:47,2026-03-17 20:51:47,,10.375,,False,3904.6,False,Item/Service Not Delivered,delivery issue,Suspicious high-value payment disputed by customer.,In Progress,Low,Chatbot
CBK0000603,TXN00004425,False,USR95812,MCH6075,2026-02-27 02:24:00,2026-03-01 00:00:00,2026-03-12 00:00:00,1.9,11.0,False,1305.0,False,Account Takeover / Unauthorized,not done by me,Payment made to unknown merchant as per customer statement.,Resolved,High,Chatbot
CBK0001989,TXN00003059,False,USR39665,MCH4473,2026-02-06 23:35:35,2026-02-08 00:00:00,2026-02-15 00:00:00,1.0169560185185185,7.0,False,3807.73,False,Other/Unclassified,service failed,Customer says amount was debited twice.,Resolved,High,IVR
CBK0002570,TXN00001810,False,USR35882,MCH8953,2026-02-04 00:00:00,2026-02-06 00:00:00,2026-03-04 00:00:00,2.0,26.0,False,6930.0,False,Account Takeover / Unauthorized,Account Takeover,Suspicious high-value payment disputed by cust.,Rejected,Low,Call Center
CBK0001751,TXN00008083,False,USR63649,MCH3815,2026-01-05 00:00:00,2026-01-11 00:00:00,,6.0,,False,2354.56,False,General Complaint / Dispute,customer issue,User says UPI PIN was not entered by them. pls check asap,Open,High,App
CBK0002710,TXN00004746,False,USR68670,MCH1335,2026-03-19 00:00:00,2026-03-22 00:00:00,2026-03-26 00:00:00,3.0,4.0,False,579.06,False,Other/Unclassified,UNAUTHORISED,Customer says transaction was not authorized.,Pending Bank,High,Branch
CBK0000207,TXN00007495,False,USR47962,MCH4241,2026-02-12 16:45:00,2026-02-13 00:00:00,,0.3020833333333333,,False,1520.0,False,Other/Unclassified,scam,Complaint received after multiple failed attempts.,Open,Low,Chatbot
CBK0001164,TXN00001699,False,USR11287,MCH1963,2026-02-28 00:00:00,,,,,False,1995.0,False,Item/Service Not Delivered,no service,User claims account was compromised before transaction.,Closed,Low,IVR
CBK0000398,TXN00005767,False,USR26707,MCH3494,2026-02-22 10:29:35,2026-02-24 00:00:00,,1.5627893518518519,,False,3275.35,False,Other/Unclassified,fraud,Merchant service was not delivered after payment.,Closed,Low,Chatbot
CBK0000457,TXN00009823,False,USR84334,MCH7202,2026-01-27 16:44:22,2026-01-31 00:00:00,2026-02-22 03:44:22,3.3025231481481483,22.155810185185185,False,17825.75,False,Other/Unclassified,FRAUD,Merchant service was not delivered after payment.,Closed,Low,Call Center
CBK0000196,TXN00005107,False,USR33769,MCH4914,2026-01-04 00:00:00,2026-01-12 05:57:59,2026-01-23 00:00:00,8.248599537037038,10.751400462962962,False,1023.0,False,Item/Service Not Delivered,item not received,User claims account was compromised before transaction.,Pending Bank,Medium,Branch
CBK0002729,TXN00000967,False,USR30147,MCH6792,2026-01-22 00:00:00,2026-01-24 00:00:00,2026-02-15 00:00:00,2.0,22.0,False,1780.33,False,Account Takeover / Unauthorized,ATO,Suspicious high-value payment disputed by customer.,Open,Critical,Chatbot
CBK0002102,TXN00013496,False,USR24429,MCH1159,2026-02-21 00:00:00,2026-02-23 03:39:00,2026-03-18 00:00:00,2.152083333333333,22.847916666666666,False,3536.59,False,Item/Service Not Delivered,no service,customer says amount was debited twice.,Closed,Low,IVR
CBK0000417,TXN00009167,False,USR29544,MCH8956,2026-01-08 00:00:00,2026-01-12 00:00:00,,4.0,,False,239.91,False,Duplicate Debit,charged twice,customer complaint text unclear due to poor call center notes.,Open,Low,Chatbot
CBK0002459,TXN00000155,False,USR35867,MCH6729,2026-03-08 00:00:00,2026-03-11 02:18:17,2026-03-12 02:18:00,3.0960300925925925,0.9998032407407408,False,1535.06,False,Account Takeover / Unauthorized,unauthorized_transaction,Merchant service was not delivered after payment.,Pending Bank,Medium,Chatbot
CBK0002001,TXN00008475,False,USR51720,MCH2020,2026-03-03 13:24:10,2026-04-17 00:00:00,,44.441550925925924,,False,877.69,False,General Complaint / Dispute,dispute raised,User says UPI PIN was not entered by them.,Closed,Medium,Call Center
CBK0001274,TXN00004896,False,USR36343,MCH7286,2026-01-03 00:00:00,2026-01-04 15:56:05,2026-02-01 15:56:05,1.6639467592592592,28.0,False,1770.17,False,General Complaint / Dispute,complaint,Complaint received after multiple failed attempts. NA,In Progress,Low,Chatbot
CBK0002444,TXN00009188,False,USR76636,MCH1089,2026-03-18 00:00:00,2026-03-21 00:00:00,,3.0,,False,542.9,False,Amount Mismatch,extra amount deducted,Suspicious high-value payment disputed by customer.,Resolved,Medium,Chatbot
CBK0001915,TXN00018105,False,USR32861,MCH3151,2026-03-24 21:23:09,2026-03-25 03:23:09,2026-04-15 00:00:00,0.25,20.858923611111113,False,2703.6,False,Item/Service Not Delivered,item not received,Merchant service was not delivered after payment.,Resolved,Low,IVR
CBK0000279,TXN00010238,False,USR46321,MCH7943,2026-02-23 00:00:00,2026-02-28 00:00:00,2026-03-19 13:37:00,5.0,19.56736111111111,False,581.0,False,General Complaint / Dispute,dispute raised,Complaint received after multiple failed attempts.,Pending Bank,Medium,Email
CBK0001602,TXN00000594,False,USR37916,MCH4233,2026-03-26 00:00:00,2026-03-31 16:51:28,2026-04-22 00:00:00,5.702407407407407,21.297592592592594,False,2315.48,False,Item/Service Not Delivered,delivery issue,Customer complaint text unclear due to poor call center notes.,Pending Bank,Medium,App
CBK0000670,TXN00016465,False,USR33934,MCH8836,2026-01-08 00:00:00,2026-01-11 14:41:00,2026-02-08 00:00:00,3.6118055555555557,27.388194444444444,False,1819.68,False,General Complaint / Dispute,Customer Dispute,Merchant service was not delivered after payment.,Closed,Medium,IVR
CBK0000890,TXN81593,False,USR53996,MCH6810,2026-01-30 00:00:00,2026-02-01 01:35:11,2026-02-16 00:00:00,2.066099537037037,14.933900462962963,False,5676.76,False,Account Takeover / Unauthorized,not done by me,CUSTOMER COMPLAINT TEXT UNCLEAR DUE TO POOR CALL CENTER NOTES.,Rejected,Medium,Chatbot
CBK0001431,TXN00007758,False,USR37892,MCH3288,2026-03-31 05:38:00,2026-04-03 00:00:00,,2.765277777777778,,False,1550.0,False,Account Takeover / Unauthorized,Unauthorized Transaction,Customer complaint text unclear due to poor call center notes.,Rejected,Low,Chatbot
CBK0001191,TXN00010675,False,USR42733,MCH1665,2026-01-23 19:46:20,2026-01-27 10:46:20,2026-02-07 00:00:00,3.625,10.551157407407407,False,268.44,False,Item/Service Not Delivered,delivery issue,Payment made to unknown merchant as per customer statement.,Pending Bank,Medium,Email
CBK0002267,TXN00006416,False,USR70102,MCH2266,2026-02-25 00:00:00,2026-03-01 00:00:00,2026-03-13 05:44:47,4.0,12.23943287037037,False,4872.0,False,Item/Service Not Delivered,Merchant Not Delivered,User says UPI PIN was not entered by them.,Rejected,Medium,Chatbot
CBK0001046,TXN00007145,False,USR24536,MCH5712,2026-02-02 00:00:00,2026-02-10 00:00:00,2026-02-13 00:00:00,8.0,3.0,False,5884.78,False,Account Takeover / Unauthorized,Account Takeover,user says upi pin was not entered by them.,Open,Low,Chatbot
CBK0002373,TXN00018837,False,USR94106,MCH4774,2026-01-19 04:13:46,2026-01-18 04:13:00,2026-01-23 00:00:00,-1.0005324074074073,4.824305555555555,True,1260.53,False,Amount Mismatch,extra amount deducted,User says UPI PIN was not entered by them.,Closed,High,Chatbot
CBK0001699,TXN00018943,False,USR65069,MCH1007,2026-01-27 11:40:00,2026-01-24 11:40:43,,-2.9995023148148148,,True,2326.89,False,Item/Service Not Delivered,not delivered,Payment made to unknown merchant as per customer statement.,Closed,Low,App
CBK0001021,TXN00019145,False,USR95181,MCH9291,2026-03-01 00:00:00,2026-04-16 00:00:00,2026-05-10 00:00:00,46.0,24.0,False,10111.0,False,Duplicate Debit,charged twice,User says UPI PIN was not entered by them. call dropped,Open,Medium,Branch
CBK0001150,TXN00007644,False,USR73279,MCH8154,2026-02-01 00:00:00,2026-02-04 00:00:00,2026-02-19 16:53:00,3.0,15.703472222222222,False,1173.01,False,Other/Unclassified,incorrect amount,Suspicious high-value payment disputed by customer.,Pending Bank,Medium,Call Center
CBK0002632,TXN00019581,False,USR34162,MCH8433,2026-03-25 10:24:30,2026-03-30 00:00:00,,4.566319444444445,,False,1017.95,False,Other/Unclassified,service failed,Payment made to unknown merchant as per customer statement.,Resolved,Low,Call Center
CBK0000773,TXN45816,False,USR87981,MCH5252,2026-01-05 00:00:00,2026-01-09 00:00:00,2026-01-16 00:00:00,4.0,7.0,False,2928.28,False,Account Takeover / Unauthorized,ATO,Complaint received after multiple failed attempts.,Closed,High,App
CBK0002193,TXN00017969,False,USR83235,MCH2137,2026-03-29 15:46:42,2026-04-09 00:00:00,,10.342569444444445,,False,2501.0,False,Other/Unclassified,suspicious transaction,suspicious high-value payment disputed by customer.,Open,Medium,App
CBK0001845,TXN00012951,False,USR39002,MCH4473,2026-03-04 14:44:00,2026-03-12 00:00:00,2026-04-05 00:00:00,7.386111111111111,24.0,False,2826.0,False,General Complaint / Dispute,Customer Dispute,User reports money deducted but merchant denies receiving payment.,Resolved,Low,Email
CBK0001350,TXN00011858,False,USR37820,MCH2269,2026-02-09 00:00:00,2026-02-11 00:00:00,2026-02-25 21:28:08,2.0,14.894537037037036,False,2135.97,False,Other/Unclassified,unauth txn,USER SAYS UPI PIN WAS NOT ENTERED BY THEM.,Rejected,Low,Branch
CBK0001208,TXN00012998,False,USR22898,MCH2079,2026-01-11 00:00:00,2026-01-13 00:00:00,2026-02-08 00:00:00,2.0,26.0,False,1570.15,False,Account Takeover / Unauthorized,account hacked,Customer says amount was debited twice.,Rejected,High,Branch
CBK0001318,TXN00018753,False,USR85507,MCH8154,2026-03-24 02:53:33,2026-03-27 11:53:00,2026-04-17 00:00:00,3.3746180555555556,20.50486111111111,False,12010.0,False,Duplicate Debit,DUP_DEBIT,Customer says amount was debited twice.,In Progress,Low,IVR
CBK0000373,TXN00004759,False,USR20337,MCH7924,2026-03-15 00:00:00,2026-03-17 00:00:00,2026-04-06 00:00:00,2.0,20.0,False,1027.78,False,Item/Service Not Delivered,merchant service issue,MERCHANT SERVICE WAS NOT DELIVERED AFTER PAYMENT.,Resolved,Low,Call Center
CBK0001577,TXN00017992,False,USR54208,MCH5397,2026-03-11 11:07:00,2026-03-22 01:07:00,2026-03-26 01:07:00,10.583333333333334,4.0,False,1697.0,False,Item/Service Not Delivered,Merchant Not Delivered,Customer says transaction was not authorized.,Rejected,Low,App
CBK0001549,TXN00005488,False,USR93167,MCH5584,2026-01-30 17:57:10,2026-02-01 00:00:00,2026-02-15 00:00:00,1.2519675925925926,14.0,False,8967.32,False,Item/Service Not Delivered,item not received,User says UPI PIN was not entered by them.,Resolved,Medium,Branch
CBK0000252,TXN00019048,False,USR59747,MCH4772,2026-01-08 00:00:00,2026-01-14 00:00:00,,6.0,,False,1913.71,False,Duplicate Debit,charged twice,User says UPI PIN was not entered by them.,Closed,High,App
CBK0002277,TXN00018308,False,USR67602,MCH2667,2026-03-08 00:00:00,2026-03-11 15:45:04,2026-03-17 15:45:04,3.656296296296296,6.0,False,5058.0,False,Item/Service Not Delivered,item not received,user reports money deducted but merchant denies receiving payment.,In Progress,High,Branch
CBK0000086,TXN00005603,False,USR63109,MCH4810,2026-02-22 19:09:31,,2026-03-22 11:09:31,,,False,2652.0,False,Other/Unclassified,FRAUD,Customer complaint text unclear due to poor call center notes.,In Progress,Medium,App
CBK0002397,TXN00012053,False,USR24199,MCH9610,2026-01-05 00:00:00,2026-01-13 16:15:15,2026-01-19 16:15:15,8.677256944444444,6.0,False,1200.13,False,Other/Unclassified,UNAUTHORISED,Complaint received after multiple failed attempts.,Resolved,High,App
CBK0002212,TXN00010395,False,USR73737,MCH1395,2026-03-24 02:55:35,2026-03-31 00:00:00,2026-04-13 06:55:35,6.878067129629629,13.288599537037037,False,4273.42,False,Item/Service Not Delivered,item not received,Customer says amount was debited twice. NA,In Progress,High,Chatbot
CBK0002687,TXN00017004,False,USR22471,MCH2822,2026-01-27 00:00:00,2026-01-29 03:06:00,2026-02-11 00:00:00,2.129166666666667,12.870833333333334,False,645.98,False,General Complaint / Dispute,dispute raised,User says UPI PIN was not entered by them.,In Progress,Critical,Call Center
CBK0000275,TXN37497,False,USR31937,MCH9768,2026-02-20 00:00:00,2026-02-23 00:00:00,2026-03-08 00:00:00,3.0,13.0,False,419.0,False,Other/Unclassified,service failed,Complaint received after multiple failed attempts.,Resolved,Critical,Chatbot
CBK0002378,TXN00014450,False,USR74567,MCH5798,2026-03-10 00:00:00,2026-03-13 00:00:00,2026-03-13 23:03:21,3.0,0.9606597222222222,False,2438.0,False,Other/Unclassified,Service Not Provided,Complaint received after multiple failed attempts.,In Progress,Low,Chatbot
CBK0001755,TXN00008682,False,USR56480,MCH7833,2026-01-19 03:35:28,2026-01-20 22:35:28,2026-01-21 00:00:00,1.7916666666666667,0.0587037037037037,False,5944.75,False,Account Takeover / Unauthorized,Unauthorized Transaction,Suspicious high-value payment disputed by customer.,Closed,Low,Chatbot
CBK0001648,TXN00003335,False,USR96396,MCH5954,2026-03-28 00:00:00,2026-04-07 00:00:00,2026-05-05 00:00:00,10.0,28.0,False,1426.02,False,Account Takeover / Unauthorized,unauthorized_transaction,customer says transaction was not authorized.,Pending Bank,High,IVR
CBK0001707,TXN00006976,False,USR91675,MCH3676,2026-01-15 00:00:00,2026-01-16 02:55:00,2026-02-13 02:55:52,1.1215277777777777,28.00060185185185,False,1752.57,False,Account Takeover / Unauthorized,account hacked,customer says amount was debited twice.,Pending Bank,Low,Email
CBK0001986,TXN00005203,False,USR88037,MCH4181,2026-02-27 00:00:00,2026-02-28 00:00:00,2026-03-18 00:00:00,1.0,18.0,False,2184.85,False,Other/Unclassified,Service Not Provided,Merchant service was not delivered after payment.,In Progress,Low,Chatbot
CBK0000017,TXN00006427,False,USR30994,MCH6488,2026-01-30 00:00:00,,2026-02-20 00:00:00,,,False,3608.0,False,Account Takeover / Unauthorized,Account Takeover,customer says transaction was not authorized.,Pending Bank,Medium,Chatbot
CBK0001497,TXN00005059,False,USR56554,MCH6349,2026-02-06 00:00:00,2026-02-08 20:39:40,2026-03-09 20:39:00,2.8608796296296295,28.999537037037037,False,1316.81,False,Item/Service Not Delivered,merchant service issue,Customer says amount was debited twice.,Resolved,Medium,App
CBK0000002,TXN00016351,False,USR35605,MCH8953,2026-03-24 13:14:10,2026-03-31 15:14:10,2026-04-09 15:14:00,7.083333333333333,8.99988425925926,False,2366.0,False,Account Takeover / Unauthorized,unauthorized_transaction,Complaint received after multiple failed attempts.,Closed,High,IVR
CBK0002260,TXN00019490,False,USR34757,MCH1806,2026-01-04 16:21:04,2026-01-20 00:00:00,2026-01-28 00:00:00,15.318703703703704,8.0,False,1314.21,False,Other/Unclassified,scam,Complaint received after multiple failed attempts.,Rejected,Critical,IVR
CBK0002667,TXN00016456,False,USR42556,MCH5029,2026-03-24 06:26:03,2026-03-26 00:00:00,2026-04-09 00:00:00,1.7319097222222222,14.0,False,3977.66,False,Other/Unclassified,incorrect amount,Suspicious high-value payment disputed by customer.,Pending Bank,Low,Chatbot
CBK0002446,TXN00018937,False,USR49318,MCH5980,2026-01-03 00:00:00,2026-01-14 00:00:00,2026-01-23 06:00:00,11.0,9.25,False,1097.4,False,Item/Service Not Delivered,merchant service issue,user says upi pin was not entered by them.,Closed,Critical,Email
CBK0002401,TXN00013900,False,USR24536,MCH1762,2026-01-23 04:34:00,2026-01-25 00:00:00,,1.8097222222222222,,False,1310.19,False,Duplicate Debit,charged twice,Merchant service was not delivered after payment.,In Progress,Medium,Chatbot
CBK0000605,TXN00000166,False,USR94647,MCH7247,2026-03-17 13:12:37,2026-03-22 00:00:00,2026-03-28 00:00:00,4.44957175925926,6.0,False,913.38,False,Account Takeover / Unauthorized,ATO,User claims account was compromised before transaction.,Resolved,Medium,App
CBK0000157,TXN00016322,False,USR89473,MCH2014,2026-02-26 00:00:00,2026-02-28 00:37:00,2026-03-04 00:00:00,2.0256944444444445,3.9743055555555555,False,1512.0,False,Item/Service Not Delivered,delivery issue,USER REPORTS MONEY DEDUCTED BUT MERCHANT DENIES RECEIVING PAYMENT.,Resolved,Low,Branch
CBK0001372,TXN00001655,False,USR64263,MCH2054,2026-03-28 13:08:53,2026-04-07 00:00:00,2026-04-16 00:00:00,9.452164351851852,9.0,False,2589.0,False,Account Takeover / Unauthorized,unauthorized_transaction,customer complaint text unclear due to poor call center notes.,Closed,Critical,Email
CBK0000968,TXN00014316,False,USR84719,MCH9295,2026-03-12 14:49:08,2026-03-16 06:49:08,2026-03-17 00:00:00,3.6666666666666665,0.7158796296296296,False,1017.0,False,Other/Unclassified,Service Not Provided,suspicious high-value payment disputed by customer.,Open,Low,Email
CBK0001423,TXN00013720,False,USR97580,MCH8999,2026-01-15 00:00:00,,2026-02-02 00:00:00,,,False,4933.23,False,Other/Unclassified,suspicious transaction,Complaint received after multiple failed attempts.,Pending Bank,Low,Branch
CBK0001747,TXN00019644,False,USR88037,MCH1186,2026-02-04 00:00:00,2026-02-03 00:00:00,2026-02-26 00:00:00,-1.0,23.0,True,1335.62,False,Item/Service Not Delivered,Merchant Not Delivered,Complaint received after multiple failed attempts.,Open,Low,Call Center
CBK0001967,TXN00004164,False,USR14349,MCH4226,2026-01-22 12:01:00,2026-02-22 00:00:00,2026-02-26 00:00:00,30.499305555555555,4.0,False,3142.0,False,Account Takeover / Unauthorized,Unauthorized Transaction,merchant service was not delivered after payment.,Open,Medium,Call Center
CBK0002325,TXN00013806,False,USR41923,MCH2214,2026-02-16 05:48:00,2026-02-14 00:00:00,2026-03-04 00:00:00,-2.2416666666666667,18.0,True,6623.0,False,General Complaint / Dispute,customer issue,MERCHANT SERVICE WAS NOT DELIVERED AFTER PAYMENT.,In Progress,Low,IVR
CBK0000602,TXN00015729,False,USR61700,MCH5980,2026-01-23 05:08:36,2026-02-02 00:00:00,,9.785694444444445,,False,5873.9,False,Duplicate Debit,charged twice,Complaint received after multiple failed attempts.,Rejected,High,Chatbot
CBK0001627,TXN00003467,False,USR98075,MCH7306,2026-02-26 00:00:00,2026-02-28 03:10:00,2026-03-27 03:10:55,2.1319444444444446,27.000636574074075,False,1472.83,False,Duplicate Debit,DUP_DEBIT,Payment made to unknown merchant as per customer statement.,Rejected,Medium,Email
CBK0000559,TXN00010792,False,USR19290,MCH4895,2026-02-09 03:28:00,2026-02-17 00:00:00,2026-03-12 00:00:00,7.855555555555555,23.0,False,923.46,False,Other/Unclassified,scam,User says UPI PIN was not entered by them.,In Progress,Low,Chatbot
CBK0000360,TXN00017688,False,USR19141,MCH3815,2026-02-08 00:00:00,2026-02-11 00:00:00,2026-03-03 12:52:41,3.0,20.536585648148147,False,433.23,False,Account Takeover / Unauthorized,login compromised,Customer complaint text unclear due to poor call center notes. details missing,Resolved,Medium,App
CBK0002320,TXN00000822,False,USR51203,MCH5846,2026-02-07 21:10:00,2026-02-10 00:00:00,2026-02-12 20:10:00,2.1180555555555554,2.8402777777777777,False,966.31,False,General Complaint / Dispute,customer issue,User says UPI PIN was not entered by them.,Pending Bank,Low,Chatbot
CBK0001407,TXN33964,False,USR59562,MCH1241,2026-03-24 00:00:00,2026-03-25 00:00:00,2026-04-21 23:40:30,1.0,27.986458333333335,False,4254.9,False,Account Takeover / Unauthorized,ATO,User claims account was compromised before transaction.,Rejected,High,Chatbot
CBK0000734,TXN00006117,False,USR95049,MCH5383,2026-03-27 00:00:00,2026-03-28 00:00:00,2026-04-14 03:25:05,1.0,17.14241898148148,False,3964.0,False,Item/Service Not Delivered,no service,Customer complaint text unclear due to poor call center notes.,Resolved,High,IVR
CBK0000994,TXN00004395,False,USR71348,MCH2469,2026-03-30 00:00:00,2026-04-01 00:00:00,,2.0,,False,9572.0,False,General Complaint / Dispute,customer issue,Customer complaint text unclear due to poor call center notes.,In Progress,Medium,Call Center
CBK0001436,TXN00011255,False,USR91425,MCH9243,2026-03-05 00:00:00,2026-03-07 09:19:03,2026-03-30 09:19:03,2.3882291666666666,23.0,False,3679.43,False,Amount Mismatch,extra amount deducted,Suspicious high-value payment disputed by customer.,In Progress,Medium,Chatbot
CBK0002765,TXN00004590,False,USR58546,MCH8779,2026-01-28 23:01:00,2026-02-05 00:00:00,,7.040972222222222,,False,799.39,False,Account Takeover / Unauthorized,login compromised,Suspicious high-value payment disputed by customer.,Pending Bank,Medium,Email
CBK0001679,TXN00007437,False,USR11987,MCH2576,2026-03-25 00:00:00,2026-03-27 17:04:00,2026-04-21 00:00:00,2.7111111111111112,24.288888888888888,False,1171.85,False,Account Takeover / Unauthorized,login compromised,Customer says transaction was not authorized.,Rejected,Medium,IVR
CBK0001925,TXN00006637,False,USR74775,MCH7644,2026-03-16 00:00:00,2026-03-27 00:00:00,2026-04-03 10:29:43,11.0,7.437303240740741,False,4001.0,False,Item/Service Not Delivered,delivery issue,CUSTOMER COMPLAINT TEXT UNCLEAR DUE TO POOR CALL CENTER NOTES.,In Progress,Low,Call Center
CBK0000898,TXN00012927,False,USR52234,MCH5076,2026-03-11 00:00:00,2026-03-22 00:00:00,2026-04-10 06:37:00,11.0,19.275694444444444,False,10469.4,False,Account Takeover / Unauthorized,not done by me,Payment made to unknown merchant as per customer statement. call dropped,Rejected,Medium,Chatbot
CBK0001759,TXN00006922,False,USR60939,MCH1721,2026-02-07 00:00:00,2026-02-13 00:00:00,2026-02-14 00:00:00,6.0,1.0,False,1390.01,False,Account Takeover / Unauthorized,Account Takeover,Payment made to unknown merchant as per customer statement.,In Progress,Medium,IVR
CBK0001774,TXN00001371,False,USR61715,MCH1759,2026-01-23 19:30:54,2026-01-24 00:00:00,2026-02-08 00:00:00,0.186875,15.0,False,1844.6,False,Account Takeover / Unauthorized,Unauthorized Transaction,Customer says transaction was not authorized.,Rejected,Low,App
CBK0002075,TXN00015779,False,USR39080,MCH3355,2026-02-16 00:00:00,2026-02-23 00:00:00,,7.0,,False,1866.0,False,General Complaint / Dispute,customer issue,user claims account was compromised before transaction.,In Progress,High,IVR
CBK0001801,TXN00010702,False,USR66200,MCH2822,2026-03-11 00:00:00,2026-03-15 00:00:00,2026-03-27 08:07:00,4.0,12.338194444444444,False,3717.71,False,Item/Service Not Delivered,no service,Customer says amount was debited twice.,Closed,Low,Email
CBK0000979,TXN00015234,False,USR81644,MCH9875,2026-02-07 00:00:00,2026-02-10 00:00:00,2026-02-21 01:07:52,3.0,11.04712962962963,False,10354.45,False,Item/Service Not Delivered,not delivered,Customer complaint text unclear due to poor call center notes.,Pending Bank,High,Chatbot
CBK0000966,TXN00008529,False,USR53527,MCH6984,2026-01-22 01:41:00,2026-01-23 15:41:54,,1.5839583333333334,,False,3107.14,False,Duplicate Debit,charged twice,User claims account was compromised before transaction.,In Progress,High,Chatbot
CBK0000986,TXN00011647,False,USR82322,MCH8172,2026-01-03 08:39:07,2026-01-05 00:39:07,2026-01-22 00:00:00,1.6666666666666667,16.97283564814815,False,8725.14,False,General Complaint / Dispute,dispute raised,MERCHANT SERVICE WAS NOT DELIVERED AFTER PAYMENT.,Pending Bank,High,IVR
CBK0000798,TXN31469,False,USR47192,MCH2266,2026-01-01 00:00:00,2026-01-03 00:40:11,2026-02-02 00:00:00,2.0279050925925928,29.972094907407406,False,2300.99,False,Other/Unclassified,Fraud Suspected,Merchant service was not delivered after payment.,Open,Critical,Call Center
CBK0001082,TXN00019971,False,USR97244,MCH7766,2026-03-04 09:53:00,2026-03-07 03:53:00,2026-04-01 03:53:01,2.75,25.000011574074072,False,8720.88,False,Other/Unclassified,unauth txn,Customer complaint text unclear due to poor call center notes.,Closed,Low,Branch
CBK0001210,TXN00014187,False,USR80504,MCH2456,2026-03-18 00:00:00,2026-03-20 00:00:00,2026-03-25 08:55:00,2.0,5.371527777777778,False,972.0,False,Other/Unclassified,fraud,Complaint received after multiple failed attempts.,Resolved,Low,Chatbot
CBK0000940,TXN00012142,False,USR51720,MCH2099,2026-03-17 12:23:25,2026-03-20 00:00:00,2026-03-20 00:00:00,2.483738425925926,0.0,False,355.28,False,Duplicate Debit,DUP_DEBIT,Customer says transaction was not authorized.,Resolved,Medium,Email
CBK0002736,TXN00017399,False,USR27913,MCH5980,2026-01-26 19:18:00,2026-01-27 00:00:00,,0.19583333333333333,,False,685.65,False,Item/Service Not Delivered,no service,CUSTOMER COMPLAINT TEXT UNCLEAR DUE TO POOR CALL CENTER NOTES.,Rejected,Critical,Chatbot
CBK0000020,TXN00010227,False,USR97817,MCH7570,2026-02-20 00:00:00,2026-02-24 00:00:00,2026-03-21 00:00:00,4.0,25.0,False,258.0,False,Item/Service Not Delivered,item not received,Merchant service was not delivered after payment.,Resolved,High,Branch
CBK0001761,TXN00014440,False,USR24857,MCH1433,2026-01-14 00:00:00,2026-01-16 18:29:00,,2.770138888888889,,False,12244.08,False,Account Takeover / Unauthorized,ATO,Customer complaint text unclear due to poor call center notes. call dropped,Open,High,Branch
CBK0000195,TXN00014413,False,USR30474,MCH8961,2026-01-02 11:42:38,2026-01-06 09:42:00,2026-01-11 00:00:00,3.9162268518518517,4.595833333333333,False,2399.47,False,Item/Service Not Delivered,not delivered,Customer says transaction was not authorized.,In Progress,Medium,IVR
CBK0000288,TXN55417,False,USR41398,MCH1803,2026-03-23 00:00:00,2026-03-25 07:56:30,,2.3309027777777778,,False,9306.13,False,Account Takeover / Unauthorized,unauthorized_transaction,payment made to unknown merchant as per customer statement.,In Progress,Low,Chatbot
CBK0000166,TXN00011027,False,USR82338,MCH2856,2026-02-06 00:48:39,,2026-02-09 00:00:00,,,False,1781.0,False,Duplicate Debit,Duplicate Debit,Customer complaint text unclear due to poor call center notes.,Pending Bank,Medium,Call Center
CBK0000387,TXN00001261,False,USR11270,MCH4799,2026-03-22 00:00:00,2026-03-23 00:00:00,,1.0,,False,1010.81,False,Amount Mismatch,Wrong Amount,Payment made to unknown merchant as per customer statement.,Resolved,Low,App
CBK0001785,TXN00018150,False,USR30819,MCH3100,2026-01-12 00:00:00,2026-01-09 00:00:00,2026-01-09 00:00:00,-3.0,0.0,True,1285.26,False,Account Takeover / Unauthorized,account hacked,User claims account was compromised before txn.,In Progress,Medium,Branch
CBK0001059,TXN00009260,False,USR29465,MCH3341,2026-01-14 00:00:00,2026-01-21 00:00:00,2026-02-06 23:34:05,7.0,16.982002314814814,False,5136.75,False,Amount Mismatch,extra amount deducted,customer says transaction was not authorized.,Open,Low,Branch
CBK0001564,TXN00001739,False,USR36402,MCH6953,2026-02-04 00:00:00,2026-03-06 14:33:00,2026-03-16 00:00:00,30.60625,9.39375,False,482.37,False,Duplicate Debit,Duplicate Debit,Customer complaint text unclear due to poor call center notes.,In Progress,Low,Email
CBK0000856,TXN00000917,False,USR40538,MCH8624,2026-03-16 00:00:00,2026-04-16 00:00:00,,31.0,,False,2601.86,False,Amount Mismatch,amount mismatch,User says UPI PIN was not entered by them.,Pending Bank,Low,App
CBK0000391,TXN00017871,False,USR51854,MCH2822,2026-02-28 00:00:00,2026-03-01 00:00:00,2026-03-15 00:00:00,1.0,14.0,False,5375.87,False,Account Takeover / Unauthorized,account hacked,user claims account was compromised before transaction.,In Progress,High,Chatbot
CBK0002407,TXN00017251,False,USR56287,MCH8300,2026-02-03 00:00:00,2026-02-06 17:58:56,2026-02-10 00:00:00,3.7492592592592593,3.2507407407407407,False,6191.71,False,General Complaint / Dispute,complaint,Payment made to unknown merchant as per customer statement.,Closed,Medium,App
CBK0002205,TXN00013472,False,USR21566,MCH5972,2026-03-19 00:00:00,2026-03-21 20:47:00,2026-04-09 20:47:43,2.865972222222222,19.000497685185184,False,4341.0,False,Duplicate Debit,DUP_DEBIT,Customer says transaction was not authorized.,Open,Low,IVR
CBK0002278,TXN00014410,False,USR51041,MCH5836,2026-03-14 00:00:00,2026-03-16 13:41:38,2026-04-13 13:41:38,2.5705787037037036,28.0,False,2302.66,False,Item/Service Not Delivered,item not received,Customer says amount was debited twice.,Pending Bank,Medium,Branch
CBK0000163,TXN00000976,False,USR35447,MCH1441,2026-02-17 00:00:00,2026-02-19 10:18:00,2026-02-23 00:00:00,2.4291666666666667,3.5708333333333333,False,1181.91,False,General Complaint / Dispute,complaint,Suspicious high-value payment disputed by customer.,Rejected,Medium,IVR
CBK0001040,TXN00011260,False,USR65545,MCH7882,2026-01-21 00:00:00,,,,,False,292.66,False,Other/Unclassified,unauth txn,User claims account was compromised before transaction.,Rejected,Medium,Branch
CBK0001138,TXN00003160,False,USR93126,MCH7265,2026-02-24 06:39:10,2026-02-26 13:39:10,2026-03-28 13:39:00,2.2916666666666665,29.99988425925926,False,1452.71,False,Other/Unclassified,Service Not Provided,Customer complaint text unclear due to poor call center notes.,In Progress,Critical,Branch
CBK0000716,TXN00013326,False,USR62901,MCH1320,2026-01-04 00:00:00,,,,,False,2161.57,False,Duplicate Debit,Duplicate Debit,Suspicious high-value payment disputed by customer. NA,In Progress,Medium,Call Center
CBK0001166,TXN43861,False,USR73010,MCH8793,2026-01-27 00:00:00,2026-02-03 21:00:29,2026-02-20 00:00:00,7.875335648148148,16.12466435185185,False,422.31,False,Amount Mismatch,Wrong Amount,Payment made to unknown merchant as per cust statement.,Open,Medium,IVR
CBK0001032,TXN00015474,False,USR75327,MCH6425,2026-01-02 00:00:00,2026-01-05 00:00:00,,3.0,,False,879.08,False,Item/Service Not Delivered,delivery issue,CUSTOMER COMPLAINT TEXT UNCLEAR DUE TO POOR CALL CENTER NOTES.,Resolved,Medium,Chatbot
CBK0001993,TXN00017510,False,USR45520,MCH5954,2026-03-24 16:04:37,2026-04-04 08:04:37,2026-04-16 08:04:37,10.666666666666666,12.0,False,788.58,False,Other/Unclassified,suspicious transaction,Customer says transaction was not authorized.,Closed,High,IVR
CBK0002067,TXN00011970,False,USR59147,MCH5954,2026-02-17 00:00:00,2026-02-19 00:00:00,,2.0,,False,164.3,False,Item/Service Not Delivered,merchant service issue,Customer says amount was debited twice.,Resolved,Medium,Email
CBK0001024,TXN00012992,False,USR34053,MCH5076,2026-02-16 00:00:00,2026-04-02 00:00:00,2026-04-07 15:17:00,45.0,5.636805555555555,False,1617.78,False,Other/Unclassified,UNAUTHORISED,USER REPORTS MONEY DEDUCTED BUT MERCHANT DENIES RECEIVING PAYMENT.,In Progress,Low,Branch
CBK0000525,TXN00013646,False,USR86166,MCH9676,2026-03-17 01:18:47,2026-03-16 00:00:00,2026-03-17 00:00:00,-1.054710648148148,1.0,True,5986.31,False,Other/Unclassified,service failed,User says UPI PIN was not entered by them.,In Progress,Low,Chatbot
CBK0000656,TXN00015006,False,USR77915,MCH7174,2026-02-16 00:00:00,2026-02-23 00:00:00,,7.0,,False,3732.8,False,Other/Unclassified,Service Not Provided,User claims account was compromised before transaction.,Open,Medium,IVR
CBK0001999,TXN00013752,False,USR25196,MCH3129,2026-03-02 00:00:00,2026-03-12 00:00:00,2026-04-03 00:00:00,10.0,22.0,False,1283.33,False,Item/Service Not Delivered,Merchant Not Delivered,Customer says amount was debited twice.,Pending Bank,Medium,IVR
CBK0001830,TXN00015594,False,USR19921,MCH6395,2026-03-12 00:00:00,2026-03-16 00:00:00,2026-04-02 00:00:00,4.0,17.0,False,4964.2,False,Duplicate Debit,charged twice,Customer says amount was debited twice.,Closed,High,Chatbot
CBK0000084,TXN00012123,False,USR60939,MCH1438,2026-02-06 00:00:00,2026-02-08 00:00:00,2026-02-14 02:34:26,2.0,6.107245370370371,False,4232.74,False,Account Takeover / Unauthorized,unauthorized_transaction,Complaint received after multiple failed attempts.,Closed,Medium,Branch
CBK0001988,TXN00011416,False,USR93299,MCH5968,2026-02-02 00:00:00,2026-03-05 00:00:00,2026-03-20 02:07:56,31.0,15.088842592592593,False,648.02,False,Item/Service Not Delivered,delivery issue,User reports money deducted but merchant denies receiving payment.,Rejected,Medium,App
CBK0000004,TXN00008092,False,USR65030,MCH5264,2026-02-26 16:21:11,2026-02-25 16:21:00,,-1.0001273148148149,,True,2596.26,False,Other/Unclassified,Fraud Suspected,Complaint received after multiple failed attempts.,Resolved,Medium,Call Center
CBK0001123,TXN00003494,False,USR31366,MCH5980,2026-02-05 00:00:00,2026-02-07 20:30:24,,2.8544444444444443,,False,342.28,False,General Complaint / Dispute,complaint,USER REPORTS MONEY DEDUCTED BUT MERCHANT DENIES RECEIVING PAYMENT.,Resolved,Low,IVR
CBK0001607,TXN00015175,False,USR13767,MCH2284,2026-01-10 00:00:00,2026-01-12 05:37:00,,2.234027777777778,,False,381.32,False,Duplicate Debit,Duplicate Debit,Customer says transaction was not authorized.,Pending Bank,Critical,Email
CBK0000618,TXN00013129,False,USR59658,MCH8812,2026-01-14 00:00:00,,,,,False,1549.0,False,Amount Mismatch,Wrong Amount,customer says transaction was not authorized.,Resolved,Low,Chatbot
CBK0000765,TXN00007330,False,USR99392,MCH8540,2026-02-12 00:00:00,2026-02-14 00:00:00,2026-03-13 00:00:00,2.0,27.0,False,2018.57,False,General Complaint / Dispute,customer issue,Customer complaint text unclear due to poor call center notes.,Rejected,Medium,Chatbot
CBK0000820,TXN54263,False,USR12102,MCH5265,2026-03-19 09:33:48,2026-03-21 11:33:48,2026-04-02 00:00:00,2.0833333333333335,11.518194444444445,False,824.86,False,Other/Unclassified,incorrect amount,User claims account was compromised before transaction.,Rejected,High,IVR
CBK0000715,TXN00007023,False,USR33914,MCH5238,2026-03-15 01:54:25,2026-03-16 00:00:00,2026-04-11 14:54:25,0.9205439814814815,26.621122685185185,False,463.5,False,General Complaint / Dispute,complaint,Merchant service was not delivered after payment.,Closed,Medium,Email
CBK0000185,TXN00007154,False,USR85483,MCH4852,2026-01-29 00:00:00,2026-02-05 00:00:00,2026-02-10 15:57:00,7.0,5.664583333333334,False,2770.88,False,Item/Service Not Delivered,merchant service issue,Customer says amount was debited twice.,Open,Low,Chatbot
CBK0000823,TXN00002624,False,USR25108,MCH8679,2026-03-12 00:00:00,2026-03-15 00:00:00,2026-03-30 00:00:00,3.0,15.0,False,1274.21,False,Other/Unclassified,scam,User reports money deducted but merchant denies receiving payment.,Closed,Medium,Email
CBK0002785,TXN00013530,False,USR57016,MCH8577,2026-02-21 09:05:58,2026-02-26 00:00:00,2026-03-04 19:05:58,4.620856481481481,6.795810185185185,False,1866.63,False,Amount Mismatch,Wrong Amount,Merchant service was not delivered after payment.,Open,Critical,Call Center
CBK0000509,TXN00004836,False,USR34955,MCH5954,2026-01-09 09:38:00,,2026-01-30 03:38:00,,,False,3723.0,False,Other/Unclassified,incorrect amount,customer says transaction was not authorized.,In Progress,Low,IVR
CBK0002236,TXN00017102,False,USR93581,MCH7162,2026-03-12 00:00:00,2026-03-17 12:49:37,2026-03-27 00:00:00,5.534456018518519,9.465543981481481,False,193.64,False,Other/Unclassified,fraud,Customer says amount was debited twice.,Resolved,Medium,IVR
CBK0001551,TXN00014584,False,USR72106,MCH5954,2026-01-17 00:00:00,,,,,False,25463.16,False,Account Takeover / Unauthorized,not done by me,User reports money deducted but merchant denies receiving payment.,Resolved,Medium,Branch
CBK0002573,TXN00007177,False,USR70317,MCH8645,2026-02-05 17:12:29,2026-02-06 00:00:00,2026-02-18 00:00:00,0.2829976851851852,12.0,False,2183.89,False,Other/Unclassified,fraud,Merchant service was not delivered after payment.,Resolved,Low,Call Center
CBK0000249,TXN00011669,False,USR26768,MCH8390,2026-03-30 00:00:00,2026-04-03 16:51:59,,4.702766203703704,,False,19475.24,False,Account Takeover / Unauthorized,unauthorized_transaction,User claims account was compromised before transaction.,In Progress,Medium,Chatbot
CBK0000895,TXN00007313,False,USR93581,MCH5980,2026-01-10 00:00:00,2026-01-12 10:24:00,2026-01-27 00:00:00,2.433333333333333,14.566666666666666,False,802.19,False,Item/Service Not Delivered,delivery issue,CUSTOMER COMPLAINT TEXT UNCLEAR DUE TO POOR CALL CENTER NOTES.,In Progress,High,App
CBK0001746,TXN00015688,False,USR40061,MCH5969,2026-01-13 00:00:00,2026-01-19 10:27:00,2026-02-13 00:00:00,6.435416666666667,24.564583333333335,False,3314.0,False,Account Takeover / Unauthorized,Account Takeover,Payment made to unknown merchant as per customer statement.,Pending Bank,Medium,Chatbot
CBK0001325,TXN00012946,False,USR82083,MCH7565,2026-03-15 00:00:00,2026-03-22 00:00:00,2026-04-09 00:00:00,7.0,18.0,False,315.95,False,Other/Unclassified,FRAUD,Customer says transaction was not authorized.,Rejected,High,Branch
CBK0000435,TXN00009091,False,USR82248,MCH5691,2026-02-28 11:29:00,2026-03-02 00:00:00,2026-03-21 00:00:00,1.5215277777777778,19.0,False,358.42,False,Other/Unclassified,incorrect amount,User reports money deducted but merchant denies receiving payment.,Open,Medium,App
CBK0002557,TXN39623,False,USR35327,MCH3415,2026-02-14 02:29:00,2026-02-21 00:00:00,2026-03-14 00:00:00,6.896527777777778,21.0,False,935.0,False,General Complaint / Dispute,dispute raised,Customer says amount was debited twice.,Resolved,Critical,Chatbot
CBK0000091,TXN00014621,False,USR78310,MCH9002,2026-03-09 00:00:00,2026-03-16 00:00:00,,7.0,,False,264.51,False,Item/Service Not Delivered,delivery issue,Complaint received after multiple failed attempts.,Open,Medium,IVR
CBK0000709,TXN00011910,False,USR78593,MCH3912,2026-03-08 00:00:00,2026-03-15 00:00:00,2026-04-11 00:00:00,7.0,27.0,False,3498.93,False,Account Takeover / Unauthorized,account hacked,suspicious high-value payment disputed by customer.,Rejected,Low,Chatbot
CBK0001502,TXN00006961,False,USR72785,MCH4196,2026-01-31 00:00:00,2026-02-03 00:00:00,2026-02-07 00:00:00,3.0,4.0,False,2280.65,False,Amount Mismatch,amount mismatch,Suspicious high-value payment disputed by customer. urgent,Open,Medium,IVR
CBK0001522,TXN00013545,False,USR75846,MCH9344,2026-02-07 00:00:00,2026-02-12 00:00:00,2026-02-18 00:00:00,5.0,6.0,False,2483.0,False,Other/Unclassified,incorrect amount,PAYMENT MADE TO UNKNOWN MERCHANT AS PER CUSTOMER STATEMENT.,Resolved,Low,Chatbot
CBK0001894,TXN00013090,False,USR24730,MCH4226,2026-02-02 17:30:06,2026-02-05 00:00:00,,2.270763888888889,,False,1588.36,False,Account Takeover / Unauthorized,ATO,Customer complaint text unclear due to poor call center notes.,In Progress,Medium,App
CBK0001752,TXN00006114,False,USR22925,MCH5954,2026-01-11 14:56:22,2026-01-27 00:00:00,2026-02-17 00:00:00,15.377523148148148,21.0,False,4938.0,False,Account Takeover / Unauthorized,account hacked,Customer says transaction was not authorized.,Rejected,High,Call Center
CBK0000697,TXN00007023,False,USR88430,MCH4181,2026-03-25 19:00:00,2026-03-31 14:00:23,2026-04-27 00:00:00,5.7919328703703705,26.41640046296296,False,10555.32,False,Amount Mismatch,Wrong Amount,Customer says transaction was not authorized.,Rejected,Medium,IVR
CBK0000181,TXN00016182,False,USR66758,MCH1612,2026-01-28 10:33:01,2026-01-30 00:00:00,2026-02-08 00:00:00,1.5604050925925925,9.0,False,237.88,False,Other/Unclassified,suspicious transaction,Customer says amount was debited twice.,Rejected,Low,App
CBK0000736,TXN00001334,False,USR31979,MCH2101,2026-03-23 11:54:27,2026-03-25 07:54:27,,1.8333333333333333,,False,6666.14,False,Account Takeover / Unauthorized,ATO,Customer says amount was debited twice.,In Progress,Medium,Chatbot
CBK0001130,TXN00013293,False,USR64755,MCH3055,2026-02-07 00:00:00,2026-02-13 04:28:39,2026-02-21 00:00:00,6.1865625,7.8134375,False,648.89,False,Account Takeover / Unauthorized,account hacked,customer says transaction was not authorized.,Open,Medium,App
CBK0000466,TXN00008559,False,USR20115,MCH2757,2026-03-21 08:09:20,2026-03-22 00:00:00,2026-04-18 00:00:00,0.6601851851851852,27.0,False,876.37,False,Other/Unclassified,service failed,Customer says amount was debited twice.,Open,Medium,IVR
CBK0001933,TXN00005666,False,USR33656,MCH5076,2026-02-14 07:15:35,2026-02-19 07:15:00,2026-03-10 00:00:00,4.999594907407407,18.697916666666668,False,1764.4,False,Duplicate Debit,Duplicate Debit,SUSPICIOUS HIGH-VALUE PAYMENT DISPUTED BY CUSTOMER.,Pending Bank,Low,Branch
CBK0001058,TXN00008405,False,USR25902,MCH8556,2026-02-10 00:00:00,2026-02-17 00:00:00,,7.0,,False,1446.29,False,Other/Unclassified,UNAUTHORISED,User says UPI PIN was not entered by them.,Rejected,Medium,Chatbot
CBK0002237,TXN00001882,False,USR15350,MCH7351,2026-03-28 00:00:00,2026-04-27 00:00:00,2026-05-01 20:04:39,30.0,4.8365625,False,2264.22,False,Duplicate Debit,Duplicate Debit,USER SAYS UPI PIN WAS NOT ENTERED BY THEM.,Closed,Medium,IVR
CBK0001728,TXN00005001,False,USR63634,MCH6359,2026-03-05 00:00:00,2026-03-08 16:09:12,,3.6730555555555555,,False,4713.3,False,General Complaint / Dispute,dispute raised,Customer says transaction was not authorized.,Resolved,Medium,IVR
CBK0000481,TXN00015109,False,USR46576,MCH2266,2026-03-27 00:00:00,2026-03-29 15:43:00,2026-04-16 00:00:00,2.654861111111111,17.34513888888889,False,287.95,False,Amount Mismatch,extra amount deducted,User claims account was compromised before transaction.,Closed,Medium,Branch
CBK0000343,TXN00016878,False,USR66196,MCH2822,2026-02-10 12:11:00,2026-02-16 00:00:00,2026-02-20 06:11:14,5.492361111111111,4.257800925925926,False,2996.76,False,General Complaint / Dispute,customer issue,Customer complaint text unclear due to poor call center notes.,Closed,Low,IVR
CBK0000034,TXN00018948,False,USR39094,MCH1418,2026-01-27 00:00:00,2026-02-02 06:52:00,2026-02-10 06:52:00,6.286111111111111,8.0,False,959.89,False,General Complaint / Dispute,customer issue,User says UPI PIN was not entered by them.,Open,Medium,Chatbot
CBK0001079,TXN00012253,False,USR87914,MCH5542,2026-03-07 04:37:00,2026-03-07 00:00:00,2026-03-16 16:37:00,-0.19236111111111112,9.692361111111111,True,1245.84,False,Other/Unclassified,Service Not Provided,Suspicious high-value payment disputed by customer.,In Progress,Critical,Call Center
CBK0002198,TXN00018071,False,USR65483,MCH6689,2026-03-03 00:00:00,2026-03-06 00:00:00,2026-03-08 00:00:00,3.0,2.0,False,3289.2,False,Item/Service Not Delivered,item not received,customer says transaction was not authorized.,Rejected,Medium,IVR
CBK0000585,TXN00010811,False,USR26991,MCH4181,2026-03-31 00:00:00,2026-04-02 18:35:45,2026-04-11 00:00:00,2.774826388888889,8.225173611111112,False,1744.0,False,Other/Unclassified,UNAUTHORISED,User reports money deducted but merchant denies receiving payment.,Resolved,High,Call Center
CBK0000362,TXN00002263,False,USR61333,MCH7286,2026-01-20 00:00:00,2026-01-21 00:00:00,2026-01-30 00:00:00,1.0,9.0,False,9476.14,False,Other/Unclassified,incorrect amount,User reports money deducted but merchant denies receiving payment.,In Progress,Medium,Branch
CBK0001291,TXN00018053,False,USR56751,MCH8322,2026-01-26 05:12:55,2026-01-28 00:00:00,,1.7826967592592593,,False,1619.1,False,Other/Unclassified,service failed,customer complaint text unclear due to poor call center notes.,Closed,Low,IVR
CBK0000046,TXN00007253,False,USR97477,MCH1590,2026-02-15 00:00:00,2026-03-03 00:00:00,2026-03-09 00:00:00,16.0,6.0,False,8599.51,False,Account Takeover / Unauthorized,ATO,User reports money deducted but merchant denies receiving payment.,Open,High,App
CBK0002172,TXN00011390,False,USR27533,MCH3479,2026-01-20 00:00:00,2026-01-23 00:41:15,,3.0286458333333335,,False,681.66,False,Account Takeover / Unauthorized,Unauthorized Transaction,Merchant service was not delivered after payment.,Resolved,High,App
CBK0000883,TXN00009806,False,USR94655,MCH5279,2026-01-19 18:04:00,2026-01-23 00:00:00,,3.2472222222222222,,False,3825.17,False,Other/Unclassified,FRAUD,suspicious high-value payment disputed by customer.,Open,Low,IVR
CBK0000310,TXN00019838,False,USR34180,MCH6810,2026-02-04 00:00:00,2026-02-19 00:00:00,2026-02-25 00:00:00,15.0,6.0,False,2926.76,False,Account Takeover / Unauthorized,Unauthorized Transaction,User reports money deducted but merchant denies receiving payment.,In Progress,High,Branch
CBK0002549,TXN00014870,False,USR48114,MCH3983,2026-01-17 00:00:00,2026-01-18 00:00:00,2026-02-16 00:00:00,1.0,29.0,False,10657.19,False,Item/Service Not Delivered,delivery issue,USER SAYS UPI PIN WAS NOT ENTERED BY THEM.,Open,Low,Chatbot
CBK0001508,TXN00006688,False,USR56287,MCH2552,2026-02-21 21:29:00,2026-02-25 00:00:00,2026-03-02 04:29:00,3.104861111111111,5.186805555555556,False,592.68,False,Account Takeover / Unauthorized,login compromised,Complaint received after multiple failed attempts.,Pending Bank,High,Email
CBK0001474,TXN00008578,False,USR71704,MCH7047,2026-02-05 00:00:00,2026-02-13 00:00:00,2026-03-04 00:00:00,8.0,19.0,False,3771.28,False,Account Takeover / Unauthorized,Unauthorized Transaction,Customer complaint text unclear due to poor call center notes.,Open,Medium,Email
CBK0002099,TXN00016911,False,USR94430,MCH5701,2026-01-10 00:00:00,2026-01-12 00:00:00,,2.0,,False,1895.66,False,Account Takeover / Unauthorized,login compromised,Customer complaint text unclear due to poor call center notes.,Rejected,Medium,Email
CBK0001326,TXN00017532,False,USR63876,MCH4629,2026-01-22 00:00:00,2026-01-30 00:00:00,,8.0,,False,2971.18,False,Amount Mismatch,amount mismatch,Suspicious high-value payment disputed by customer.,Rejected,Low,IVR
CBK0000853,TXN00019212,False,USR43229,MCH3902,2026-03-21 00:27:23,2026-03-26 00:00:00,2026-04-23 00:00:00,4.980983796296297,28.0,False,1395.11,False,Other/Unclassified,FRAUD,Customer says txn was not authorized.,Rejected,Medium,Chatbot
CBK0000639,TXN00017298,False,USR56287,MCH7134,2026-03-22 00:00:00,2026-03-23 00:00:00,,1.0,,False,3871.95,False,Other/Unclassified,scam,User reports money deducted but merchant denies receiving payment.,Rejected,Medium,Chatbot
CBK0000976,TXN00002141,False,USR96958,MCH6498,2026-01-23 00:00:00,2026-01-30 22:01:24,2026-02-09 00:00:00,7.917638888888889,9.082361111111112,False,7027.39,False,Item/Service Not Delivered,delivery issue,Complaint received after multiple failed attempts.,Rejected,Medium,Email
CBK0001439,TXN00018123,False,USR83744,MCH5378,2026-03-13 22:46:01,2026-03-19 00:00:00,2026-04-02 06:46:00,5.051377314814815,14.281944444444445,False,3146.39,False,General Complaint / Dispute,dispute raised,Customer says transaction was not authorized.,Closed,Low,IVR
CBK0000022,TXN00012475,False,USR21946,MCH4181,2026-03-05 23:30:49,2026-03-06 00:00:00,2026-03-19 00:00:00,0.020266203703703703,13.0,False,11540.0,False,Account Takeover / Unauthorized,unauthorized_transaction,Customer complaint text unclear due to poor call center notes.,In Progress,Low,Chatbot
CBK0000479,TXN00016497,False,USR12417,MCH8154,2026-03-14 00:00:00,2026-03-12 04:20:00,2026-03-29 00:00:00,-1.8194444444444444,16.819444444444443,True,3794.91,False,Other/Unclassified,Fraud Suspected,Payment made to unknown merchant as per customer statement.,In Progress,Medium,App
CBK0001309,TXN00001777,False,USR97380,MCH3684,2026-03-13 00:00:00,2026-04-27 18:23:00,2026-04-29 00:00:00,45.765972222222224,1.2340277777777777,False,6040.0,False,Account Takeover / Unauthorized,Unauthorized Transaction,Customer says transaction was not authorized.,Closed,Medium,IVR
CBK0001258,TXN00017225,False,USR40420,MCH1168,2026-02-28 00:00:00,2026-03-11 00:00:00,,11.0,,False,4972.38,False,Other/Unclassified,FRAUD,User says UPI PIN was not entered by them.,In Progress,Low,Chatbot
CBK0001569,TXN00014298,False,USR48625,MCH4181,2026-01-23 00:00:00,2026-03-10 00:00:00,,46.0,,False,665.91,False,Other/Unclassified,scam,Customer says transaction was not authorized.,In Progress,Medium,Chatbot
CBK0002342,TXN00018954,False,USR46617,MCH4286,2026-01-21 00:00:00,2026-03-07 18:04:46,2026-03-20 00:00:00,45.753310185185185,12.246689814814815,False,3630.2,False,Item/Service Not Delivered,merchant service issue,User reports money deducted but merchant denies receiving payment. NA,Rejected,High,App
CBK0001623,TXN00004018,False,USR77422,MCH8838,2026-02-13 00:00:00,,2026-03-01 01:02:03,,,False,11729.72,False,Item/Service Not Delivered,merchant service issue,Payment made to unknown merchant as per customer statement.,In Progress,Medium,Chatbot
CBK0002142,TXN00001780,False,USR87262,MCH1774,2026-01-31 00:00:00,2026-02-05 22:35:00,2026-03-07 00:00:00,5.940972222222222,29.05902777777778,False,2351.6,False,Account Takeover / Unauthorized,unauthorized_transaction,Customer says amount was debited twice.,Open,High,Chatbot
CBK0001414,TXN00000954,False,USR60939,MCH6568,2026-02-01 00:00:00,2026-02-02 00:00:00,2026-02-18 00:00:00,1.0,16.0,False,12462.99,False,Account Takeover / Unauthorized,ATO,User says UPI PIN was not entered by them.,Resolved,Medium,Chatbot
CBK0001598,TXN00005489,False,USR33874,MCH6555,2026-03-16 00:00:00,2026-03-17 11:42:00,2026-03-23 11:42:34,1.4875,6.000393518518519,False,3170.75,False,Other/Unclassified,Fraud Suspected,User says UPI PIN was not entered by them.,Closed,Medium,Call Center
CBK0002411,TXN00013763,False,USR34955,MCH8491,2026-03-20 00:00:00,2026-03-23 00:00:00,2026-04-16 00:00:00,3.0,24.0,False,306.11,False,Item/Service Not Delivered,no service,User claims account was compromised before transaction. details missing,Pending Bank,Medium,IVR
CBK0001290,TXN00009715,False,USR21449,MCH9881,2026-01-07 22:39:00,2026-01-23 00:00:00,2026-02-04 00:00:00,15.05625,12.0,False,1200.75,False,Other/Unclassified,incorrect amount,Payment made to unknown merchant as per customer statement.,Closed,Low,App
CBK0002338,TXN00001443,False,USR39700,MCH7714,2026-02-24 00:00:00,2026-02-27 22:03:00,2026-03-20 00:00:00,3.91875,20.08125,False,1732.28,False,Duplicate Debit,Duplicate Debit,User reports money deducted but merchant denies receiving payment.,In Progress,Medium,Chatbot
CBK0000662,TXN00001154,False,USR55160,MCH3733,2026-01-09 00:00:00,2026-01-15 13:39:00,2026-01-22 13:39:35,6.56875,7.000405092592593,False,336.21,False,Item/Service Not Delivered,delivery issue,complaint received after multiple failed attempts.,In Progress,Medium,App
CBK0000728,TXN00018012,False,USR11036,MCH8256,2026-03-26 00:00:00,2026-03-28 00:00:00,,2.0,,False,722.5,False,Amount Mismatch,extra amount deducted,Payment made to unknown merchant as per customer statement.,Closed,Low,Chatbot
CBK0002090,TXN00008261,False,USR15888,MCH7075,2026-02-26 07:25:00,2026-03-03 15:25:42,,5.333819444444444,,False,4227.03,False,Item/Service Not Delivered,Merchant Not Delivered,Suspicious high-value payment disputed by cust.,Resolved,High,Branch
CBK0000447,TXN00012764,False,USR26323,MCH5927,2026-03-15 00:00:00,2026-03-18 00:00:00,2026-04-10 00:00:00,3.0,23.0,False,1222.0,False,Other/Unclassified,scam,User reports money deducted but merchant denies receiving payment.,In Progress,Medium,IVR
CBK0001561,TXN00012655,False,USR49452,MCH7833,2026-02-02 00:00:00,2026-02-04 00:00:00,2026-02-14 10:24:28,2.0,10.433657407407408,False,5677.69,False,Item/Service Not Delivered,Merchant Not Delivered,payment made to unknown merchant as per customer statement.,Open,Medium,Branch
CBK0001530,TXN00000959,False,USR38580,MCH7286,2026-03-08 00:00:00,2026-03-11 15:32:00,2026-04-04 00:00:00,3.647222222222222,23.352777777777778,False,982.69,False,General Complaint / Dispute,customer issue,Customer says amount was debited twice.,Open,Low,Email
CBK0002154,TXN00019558,False,USR60770,MCH4307,2026-03-31 00:00:00,2026-04-05 00:00:00,2026-04-17 00:00:00,5.0,12.0,False,1769.97,False,Duplicate Debit,Duplicate Debit,Customer says transaction was not authorized.,Resolved,Low,Branch
CBK0002533,TXN00002429,False,USR82871,MCH8050,2026-01-27 20:26:00,2026-02-12 00:00:00,2026-02-21 00:00:00,15.14861111111111,9.0,False,389.54,False,Account Takeover / Unauthorized,not done by me,Merchant service was not delivered after payment.,In Progress,Medium,IVR
CBK0001430,TXN00003193,False,USR30157,MCH5404,2026-02-21 00:00:00,2026-02-27 00:00:00,2026-03-09 00:00:00,6.0,10.0,False,2273.34,False,Duplicate Debit,charged twice,Payment made to unknown merchant as per customer statement. urgent,Closed,Critical,Branch
CBK0000729,TXN00009979,False,USR43978,MCH6850,2026-02-01 00:00:00,2026-02-17 00:00:00,,16.0,,False,1801.1,False,Other/Unclassified,Fraud Suspected,USER SAYS UPI PIN WAS NOT ENTERED BY THEM.,In Progress,Medium,Branch
CBK0000251,TXN00012937,False,USR77066,MCH5347,2026-03-17 00:00:00,2026-03-22 00:00:00,2026-04-10 02:26:00,5.0,19.101388888888888,False,2574.17,False,Item/Service Not Delivered,item not received,User says UPI PIN was not entered by them.,Closed,Medium,Call Center
CBK0001776,TXN00003915,False,USR57281,MCH6934,2026-02-25 00:00:00,2026-02-25 00:00:00,2026-03-24 00:00:00,0.0,27.0,False,264.64,False,Duplicate Debit,DUP_DEBIT,Payment made to unknown merchant as per customer statement.,Rejected,Medium,App
CBK0002523,TXN00016424,False,USR39280,MCH4590,2026-02-09 00:00:00,,2026-03-06 00:00:00,,,False,1444.48,False,Amount Mismatch,amount mismatch,Merchant service was not delivered after payment.,Resolved,High,Call Center
CBK0002695,TXN00009985,False,USR69511,MCH3100,2026-03-04 00:00:00,2026-03-19 00:00:00,2026-03-19 00:00:00,15.0,0.0,False,4262.78,False,Other/Unclassified,unauth txn,Customer says txn was not authorized.,Open,Low,App
CBK0002627,TXN00001026,False,USR26564,MCH5899,2026-01-17 09:59:06,2026-01-25 07:59:00,2026-02-20 00:00:00,7.916597222222222,25.667361111111113,False,2910.7,False,Item/Service Not Delivered,merchant service issue,Suspicious high-value payment disputed by customer.,In Progress,Medium,IVR
CBK0002414,TXN00000503,False,USR85650,MCH1590,2026-03-04 16:57:39,2026-04-18 00:00:00,2026-05-09 18:57:00,44.29329861111111,21.789583333333333,False,325.93,False,Duplicate Debit,charged twice,complaint received after multiple failed attempts.,Open,Medium,Call Center
CBK0001133,TXN00004481,False,USR68023,MCH1494,2026-01-06 00:00:00,2026-01-05 00:00:00,2026-01-05 00:00:00,-1.0,0.0,True,1101.44,False,Amount Mismatch,extra amount deducted,User claims account was compromised before transaction.,Rejected,Critical,Branch
CBK0000263,TXN00006449,False,USR71316,MCH6236,2026-01-10 00:00:00,2026-01-26 01:59:16,2026-02-15 00:00:00,16.082824074074075,19.917175925925925,False,250.0,False,Account Takeover / Unauthorized,account hacked,User says UPI PIN was not entered by them.,In Progress,High,Chatbot
CBK0002777,TXN41176,False,USR83934,MCH9022,2026-02-01 00:00:00,2026-02-06 17:22:00,2026-02-21 00:00:00,5.723611111111111,14.276388888888889,False,8162.73,False,Other/Unclassified,unauth txn,User reports money deducted but merchant denies receiving payment. urgent,In Progress,High,IVR
CBK0002454,TXN00012462,False,USR25682,MCH5954,2026-03-23 00:00:00,2026-03-26 00:00:00,2026-04-10 17:09:36,3.0,15.715,False,7714.0,False,General Complaint / Dispute,dispute raised,Customer complaint text unclear due to poor call center notes.,Closed,Low,Call Center
CBK0000691,TXN00006342,False,USR46662,MCH8426,2026-03-13 10:45:48,2026-03-19 00:00:00,2026-03-20 02:45:00,5.551527777777777,1.1145833333333333,False,1546.48,False,Item/Service Not Delivered,delivery issue,merchant service was not delivered after payment.,In Progress,Medium,IVR
CBK0001069,TXN72059,False,USR75081,MCH7509,2026-02-10 17:04:00,2026-02-14 04:04:39,2026-03-16 04:04:00,3.458784722222222,29.999548611111113,False,1209.0,False,Account Takeover / Unauthorized,Account Takeover,Complaint received after multiple failed attempts.,In Progress,Medium,Chatbot
CBK0001320,TXN00014032,False,USR46308,MCH5900,2026-02-01 00:00:00,2026-02-06 00:00:00,2026-02-13 00:00:00,5.0,7.0,False,358.19,False,Account Takeover / Unauthorized,ATO,Complaint received after multiple failed attempts. urgent,Pending Bank,Low,IVR
CBK0002684,TXN00018518,False,USR58335,MCH2058,2026-01-02 00:00:00,2026-01-04 00:00:00,2026-01-06 00:00:00,2.0,2.0,False,2159.7,False,Account Takeover / Unauthorized,Unauthorized Transaction,user says upi pin was not entered by them.,Closed,Low,Call Center
CBK0001157,TXN00018783,False,USR89151,MCH3001,2026-01-24 00:00:00,2026-01-29 03:28:31,,5.144803240740741,,False,11640.86,False,General Complaint / Dispute,customer issue,USER SAYS UPI PIN WAS NOT ENTERED BY THEM.,Pending Bank,Low,App
CBK0000721,TXN00009064,False,USR29458,MCH4113,2026-02-10 00:00:00,2026-02-12 00:00:00,2026-03-03 00:00:00,2.0,19.0,False,1568.17,False,Duplicate Debit,Duplicate Debit,Customer says amount was debited twice.,Resolved,Critical,Branch
CBK0001818,TXN00005674,False,USR54580,MCH5397,2026-03-08 00:00:00,2026-03-15 15:17:35,2026-04-02 00:00:00,7.637210648148148,17.362789351851852,False,560.0,False,Account Takeover / Unauthorized,not done by me,CUSTOMER COMPLAINT TEXT UNCLEAR DUE TO POOR CALL CENTER NOTES.,In Progress,High,Chatbot
CBK0001831,TXN00010938,False,USR88037,MCH5655,2026-03-15 18:39:00,2026-03-18 00:00:00,2026-04-15 00:00:00,2.222916666666667,28.0,False,4425.22,False,Amount Mismatch,amount mismatch,Merchant service was not delivered after payment. details missing,Open,Low,App
CBK0000657,TXN00006919,False,USR29306,MCH5269,2026-01-14 00:00:00,2026-01-19 00:00:00,2026-02-13 16:01:00,5.0,25.667361111111113,False,2207.79,False,Amount Mismatch,amount mismatch,complaint received after multiple failed attempts.,Closed,Medium,Chatbot
CBK0001363,TXN00015121,False,USR62483,MCH1141,2026-02-15 00:00:00,2026-02-18 00:00:00,2026-03-05 00:00:00,3.0,15.0,False,1504.76,False,General Complaint / Dispute,Customer Dispute,USER SAYS UPI PIN WAS NOT ENTERED BY THEM.,Closed,Medium,Chatbot
CBK0000068,TXN00019414,False,USR96148,MCH3815,2026-01-01 03:55:28,2026-01-01 00:00:00,2026-01-18 06:55:00,-0.1635185185185185,17.288194444444443,True,996.0,False,Account Takeover / Unauthorized,login compromised,Suspicious high-value payment disputed by customer.,Pending Bank,Critical,IVR
CBK0001460,TXN00014496,False,USR33249,MCH4270,2026-03-29 00:00:00,2026-04-02 00:00:00,2026-04-04 02:17:31,4.0,2.095497685185185,False,554.76,False,Account Takeover / Unauthorized,unauthorized_transaction,customer says amount was debited twice.,In Progress,Low,App
CBK0002615,TXN00018536,False,USR57158,MCH5099,2026-02-22 13:48:57,2026-02-24 00:00:00,2026-03-02 00:00:00,1.4243402777777778,6.0,False,1257.97,False,Other/Unclassified,FRAUD,Suspicious high-value payment disputed by cust.,Open,High,App
CBK0001311,TXN00018498,False,USR40538,MCH7255,2026-03-19 00:00:00,2026-03-23 00:00:00,2026-04-06 00:00:00,4.0,14.0,False,1779.0,False,Account Takeover / Unauthorized,Account Takeover,Payment made to unknown merchant as per customer statement.,Resolved,Low,Call Center
CBK0000285,TXN00009133,False,USR99694,MCH2606,2026-03-19 03:32:00,2026-03-22 00:00:00,,2.852777777777778,,False,1528.27,False,Other/Unclassified,service failed,Customer says amount was debited twice.,Open,Medium,IVR
CBK0001546,TXN00006374,False,USR50077,MCH5655,2026-01-26 00:00:00,2026-01-29 00:00:00,2026-02-15 05:29:55,3.0,17.229108796296295,False,328.81,False,Other/Unclassified,suspicious transaction,Customer says amount was debited twice.,Open,Medium,App
CBK0000367,TXN00017265,False,USR30537,MCH6902,2026-01-10 00:00:00,2026-01-25 16:37:52,2026-02-18 00:00:00,15.692962962962962,23.307037037037038,False,2120.67,False,Item/Service Not Delivered,Merchant Not Delivered,user says upi pin was not entered by them.,Resolved,Low,Chatbot
CBK0001272,TXN00018901,False,USR79175,MCH4473,2026-01-12 00:00:00,2026-01-15 00:00:00,2026-02-12 19:51:00,3.0,28.827083333333334,False,2585.0,False,Amount Mismatch,amount mismatch,Customer says txn was not authorized.,In Progress,Low,Chatbot
CBK0000960,TXN00012384,False,USR41135,MCH6810,2026-03-21 00:00:00,,2026-05-06 07:01:38,,,False,461.01,False,Account Takeover / Unauthorized,unauthorized_transaction,suspicious high-value payment disputed by customer.,Pending Bank,Medium,IVR
CBK0001684,TXN00010572,False,USR52501,MCH5980,2026-01-05 00:00:00,2026-01-07 00:00:00,2026-01-22 00:00:00,2.0,15.0,False,1964.0,False,Account Takeover / Unauthorized,login compromised,Customer complaint text unclear due to poor call center notes.,Rejected,Medium,Chatbot
CBK0001482,TXN00002314,False,USR23329,MCH8420,2026-03-05 14:48:39,2026-03-08 00:00:00,2026-03-27 00:00:00,2.3828819444444442,19.0,False,505.0,False,Item/Service Not Delivered,item not received,User reports money deducted but merchant denies receiving payment.,Closed,Medium,Branch
CBK0001371,TXN00005048,False,USR43424,MCH1320,2026-02-09 00:00:00,2026-02-10 00:00:00,2026-03-12 00:00:00,1.0,30.0,False,2992.52,False,Duplicate Debit,charged twice,User says UPI PIN was not entered by them.,Resolved,High,IVR
CBK0002290,TXN00008903,False,USR27947,MCH7284,2026-02-17 16:33:46,2026-02-24 00:00:00,2026-03-01 00:00:00,6.30988425925926,5.0,False,601.89,False,Other/Unclassified,FRAUD,suspicious high-value payment disputed by customer.,In Progress,Critical,App
CBK0001803,TXN00007718,False,USR33934,MCH1524,2026-03-26 00:00:00,2026-03-28 00:00:00,2026-04-18 00:00:00,2.0,21.0,False,1496.09,False,Account Takeover / Unauthorized,Unauthorized Transaction,User reports money deducted but merchant denies receiving payment.,In Progress,High,Email
CBK0001698,TXN00015223,False,USR23621,MCH7119,2026-02-08 05:56:19,2026-02-09 00:00:00,,0.7525578703703704,,False,1336.12,False,Item/Service Not Delivered,item not received,Merchant service was not delivered after payment.,Resolved,Medium,Email
CBK0001108,TXN00002909,False,USR19725,MCH3152,2026-03-10 00:00:00,2026-03-11 00:00:00,2026-04-05 09:32:45,1.0,25.397743055555555,False,450.33,False,Other/Unclassified,UNAUTHORISED,Customer says amount was debited twice.,Closed,Low,Email
CBK0000018,TXN00013395,False,USR33081,MCH5650,2026-01-08 00:00:00,2026-01-10 00:00:00,,2.0,,False,6485.64,False,Account Takeover / Unauthorized,account hacked,MERCHANT SERVICE WAS NOT DELIVERED AFTER PAYMENT.,Closed,Medium,Chatbot
CBK0000993,TXN00007102,False,USR24926,MCH7286,2026-03-23 00:26:00,2026-03-28 00:00:00,2026-04-06 00:00:00,4.981944444444444,9.0,False,11415.12,False,Item/Service Not Delivered,merchant service issue,customer says amount was debited twice.,In Progress,Medium,App
CBK0001859,TXN00011491,False,USR73845,MCH2215,2026-01-14 00:00:00,2026-01-18 00:00:00,2026-02-16 05:51:47,4.0,29.24429398148148,False,1506.11,False,Account Takeover / Unauthorized,login compromised,Customer complaint text unclear due to poor call center notes.,In Progress,Low,Branch
CBK0002650,TXN00017156,False,USR66478,MCH1329,2026-02-17 00:00:00,2026-02-21 00:00:00,2026-03-22 06:13:00,4.0,29.259027777777778,False,2089.48,False,General Complaint / Dispute,dispute raised,User claims account was compromised before transaction. urgent,Open,Medium,Branch
CBK0002351,TXN00008276,False,USR78874,MCH4259,2026-03-08 00:00:00,2026-03-23 00:00:00,2026-04-15 11:14:00,15.0,23.468055555555555,False,3331.49,False,Account Takeover / Unauthorized,login compromised,Customer says txn was not authorized.,Resolved,Critical,Email
CBK0001987,TXN00003622,False,USR56397,MCH9762,2026-03-21 22:28:29,2026-03-23 00:00:00,,1.0635532407407406,,False,409.07,False,Amount Mismatch,amount mismatch,Merchant service was not delivered after payment.,Open,Medium,Chatbot
CBK0001557,TXN00010126,False,USR26970,MCH8953,2026-01-31 00:00:00,2026-02-11 02:05:00,,11.086805555555555,,False,1107.77,False,General Complaint / Dispute,complaint,Customer says amount was debited twice.,In Progress,Low,Email
CBK0000374,TXN00005682,False,USR46350,MCH7622,2026-02-22 07:20:00,2026-03-10 06:20:48,2026-03-24 00:00:00,15.95888888888889,13.735555555555555,False,2014.01,False,Amount Mismatch,Wrong Amount,User says UPI PIN was not entered by them.,Resolved,Medium,App
CBK0001397,TXN00001903,False,USR40286,MCH8305,2026-03-25 01:49:45,2026-04-01 06:49:00,2026-04-01 06:49:45,7.2078125,0.0005208333333333333,False,2512.35,False,Other/Unclassified,suspicious transaction,User says UPI PIN was not entered by them.,Rejected,High,IVR
CBK0000260,TXN00006995,False,USR27185,MCH1715,2026-03-09 00:00:00,2026-03-12 13:45:23,2026-04-09 00:00:00,3.5731828703703705,27.42681712962963,False,793.0,False,Account Takeover / Unauthorized,Account Takeover,User claims account was compromised before transaction.,Resolved,Low,Chatbot
CBK0000866,TXN00002719,False,USR11592,MCH1717,2026-03-05 00:00:00,2026-03-12 23:06:00,,7.9625,,False,2881.81,False,Account Takeover / Unauthorized,Unauthorized Transaction,user claims account was compromised before transaction.,Closed,Low,IVR
CBK0000651,TXN00011527,False,USR57088,MCH1779,2026-01-25 00:00:00,2026-01-27 00:00:00,2026-01-28 00:00:00,2.0,1.0,False,1443.54,False,Other/Unclassified,unauth txn,User claims account was compromised before transaction.,Open,Medium,Chatbot
CBK0002483,TXN00019669,False,USR65795,MCH4328,2026-01-12 00:00:00,2026-01-13 18:43:01,2026-01-16 00:00:00,1.7798726851851852,2.220127314814815,False,1522.61,False,Account Takeover / Unauthorized,not done by me,User reports money deducted but merchant denies receiving payment.,Closed,Low,Branch
CBK0002350,TXN64529,False,USR90246,MCH9480,2026-02-27 02:51:00,2026-03-09 00:00:00,,9.88125,,False,472.0,False,Account Takeover / Unauthorized,unauthorized_transaction,User says UPI PIN was not entered by them.,Rejected,Medium,Email
CBK0002537,TXN66991,False,USR17742,MCH4337,2026-01-07 09:36:06,2026-01-09 00:00:00,2026-01-22 00:00:00,1.5999305555555556,13.0,False,1890.93,False,General Complaint / Dispute,Customer Dispute,User reports money deducted but merchant denies receiving payment.,Closed,Low,IVR
CBK0000876,TXN00010046,False,USR91274,MCH8960,2026-01-17 07:29:00,2026-01-22 00:00:00,2026-02-09 16:29:48,4.688194444444444,18.687361111111112,False,6572.39,False,Duplicate Debit,double debit,User says UPI PIN was not entered by them.,Rejected,Medium,Chatbot
CBK0002184,TXN00015679,False,USR87165,MCH1864,2026-01-10 22:44:00,2026-02-25 00:00:00,2026-03-13 00:00:00,45.05277777777778,16.0,False,221.0,False,Amount Mismatch,extra amount deducted,User reports money deducted but merchant denies receiving payment.,Rejected,Low,IVR
CBK0000172,TXN00016070,False,USR32730,MCH2746,2026-02-27 00:00:00,2026-03-03 00:00:00,2026-03-19 00:00:00,4.0,16.0,False,2123.39,False,Duplicate Debit,double debit,User says UPI PIN was not entered by them.,Rejected,Medium,Email
CBK0001980,TXN00000841,False,USR85655,MCH5128,2026-01-31 00:00:00,2026-02-11 01:12:41,2026-02-15 00:00:00,11.050474537037037,3.949525462962963,False,2083.96,False,Item/Service Not Delivered,delivery issue,Customer says transaction was not authorized.,Closed,Low,App
CBK0001424,TXN00014077,False,USR35882,MCH7435,2026-03-16 19:03:13,2026-03-27 00:00:00,,10.206099537037037,,False,411.2,False,Account Takeover / Unauthorized,not done by me,Payment made to unknown merchant as per cust statement.,In Progress,High,Branch
CBK0000619,TXN00014324,False,USR68349,MCH5721,2026-03-04 11:05:40,2026-03-05 00:00:00,2026-03-25 00:00:00,0.5377314814814815,20.0,False,1724.56,False,Other/Unclassified,service failed,User says UPI PIN was not entered by them.,Rejected,Medium,Chatbot
CBK0002317,TXN00003637,False,USR76315,MCH8796,2026-02-18 00:00:00,2026-02-22 00:00:00,2026-02-28 00:00:00,4.0,6.0,False,4219.82,False,General Complaint / Dispute,customer issue,Merchant service was not delivered after payment.,Pending Bank,Medium,IVR
CBK0002312,TXN00010316,False,USR71728,MCH5783,2026-03-12 00:00:00,2026-03-18 00:00:00,,6.0,,False,1419.0,False,Account Takeover / Unauthorized,not done by me,Suspicious high-value payment disputed by customer.,Pending Bank,Medium,Email
CBK0002576,TXN00016892,False,USR92904,MCH3100,2026-01-23 00:00:00,2026-01-29 01:18:00,2026-01-30 00:00:00,6.054166666666666,0.9458333333333333,False,1942.12,False,General Complaint / Dispute,dispute raised,Payment made to unknown merchant as per customer statement. urgent,In Progress,Medium,App
CBK0000980,TXN00014697,False,USR44745,MCH3674,2026-03-27 00:00:00,2026-03-30 00:00:00,2026-04-02 00:00:00,3.0,3.0,False,4816.24,False,Item/Service Not Delivered,delivery issue,USER CLAIMS ACCOUNT WAS COMPROMISED BEFORE TRANSACTION.,Resolved,Medium,Chatbot
CBK0001937,TXN00010035,False,USR47034,MCH8281,2026-03-13 00:00:00,2026-03-16 00:00:00,,3.0,,False,7882.54,False,Duplicate Debit,charged twice,Payment made to unknown merchant as per customer statement. pls check asap,In Progress,Medium,Call Center
CBK0000428,TXN00008599,False,USR96496,MCH2065,2026-01-05 00:00:00,2026-01-07 00:00:00,2026-02-03 00:00:00,2.0,27.0,False,1339.16,False,Account Takeover / Unauthorized,Unauthorized Transaction,Merchant service was not delivered after payment.,Closed,Low,Call Center
CBK0002076,TXN00006073,False,USR96064,MCH3450,2026-02-18 00:00:00,2026-02-22 00:00:00,2026-02-26 00:00:00,4.0,4.0,False,7404.88,False,Duplicate Debit,charged twice,Suspicious high-value payment disputed by customer.,In Progress,Low,Branch
CBK0000957,TXN00010512,False,USR11315,MCH7352,2026-01-23 00:00:00,2026-01-24 00:00:00,2026-02-17 08:19:00,1.0,24.346527777777776,False,2568.37,False,General Complaint / Dispute,dispute raised,Suspicious high-value payment disputed by customer.,In Progress,Medium,App
CBK0000121,TXN00006459,False,USR17577,MCH2566,2026-01-01 00:00:00,2026-01-02 00:00:00,2026-01-14 00:00:00,1.0,12.0,False,2479.76,False,Duplicate Debit,Duplicate Debit,Merchant service was not delivered after payment.,Closed,High,Email
CBK0001426,TXN00002655,False,USR69481,MCH1140,2026-01-14 00:00:00,2026-02-14 13:03:15,2026-03-10 13:03:15,31.54392361111111,24.0,False,338.23,False,Duplicate Debit,double debit,Complaint received after multiple failed attempts.,In Progress,Medium,Chatbot
CBK0001611,TXN00009947,False,USR19432,MCH1827,2026-03-29 00:00:00,2026-04-01 00:00:00,2026-04-05 00:00:00,3.0,4.0,False,917.78,False,Amount Mismatch,amount mismatch,Customer says amount was debited twice.,In Progress,High,IVR
CBK0001346,TXN00008727,False,USR34157,MCH2836,2026-03-23 22:20:50,2026-03-23 23:20:50,2026-04-14 23:20:00,0.041666666666666664,21.999421296296298,False,3225.2,False,Duplicate Debit,double debit,User says UPI PIN was not entered by them.,Closed,Low,Email
CBK0001908,TXN00018114,False,USR46902,MCH6850,2026-01-15 00:00:00,2026-01-17 00:00:00,2026-02-09 19:51:00,2.0,23.827083333333334,False,2570.74,False,Item/Service Not Delivered,no service,User claims account was compromised before transaction.,Pending Bank,Medium,App
CBK0002575,TXN00009510,False,USR82410,MCH1905,2026-02-09 00:00:00,2026-02-10 02:13:08,2026-02-10 02:13:00,1.0924537037037036,-9.259259259259259e-05,False,4843.85,False,Account Takeover / Unauthorized,account hacked,Payment made to unknown merchant as per customer statement. call dropped,Open,Low,Email
CBK0001665,TXN00007306,False,USR21049,MCH7578,2026-01-13 20:22:00,2026-01-16 00:00:00,,2.151388888888889,,False,1333.0,False,Item/Service Not Delivered,not delivered,Customer says amount was debited twice.,Pending Bank,Low,Chatbot
CBK0001160,TXN00003861,False,USR23561,MCH9505,2026-02-23 00:00:00,2026-03-01 14:14:20,2026-03-16 14:14:20,6.593287037037037,15.0,False,2199.33,False,Other/Unclassified,Fraud Suspected,User claims account was compromised before transaction.,Closed,High,App
CBK0001339,TXN00012423,False,USR81981,MCH3013,2026-01-29 00:00:00,2026-01-30 00:00:00,2026-02-06 00:00:00,1.0,7.0,False,591.32,False,Other/Unclassified,incorrect amount,Customer says transaction was not authorized.,Rejected,High,App
CBK0000158,TXN00015663,False,USR86472,MCH4826,2026-03-10 00:00:00,2026-03-13 00:00:00,2026-04-07 14:02:00,3.0,25.584722222222222,False,5021.55,False,Amount Mismatch,extra amount deducted,user reports money deducted but merchant denies receiving payment.,In Progress,Medium,Branch
CBK0002783,TXN00003505,False,USR92295,MCH3100,2026-01-31 00:00:00,2026-02-01 00:00:00,2026-02-13 00:00:00,1.0,12.0,False,1516.67,False,Amount Mismatch,amount mismatch,Customer complaint text unclear due to poor call center notes.,In Progress,Low,IVR
CBK0001854,TXN00017037,False,USR75046,MCH2266,2026-02-15 20:40:31,2026-02-23 01:40:31,2026-03-01 00:00:00,7.208333333333333,5.9301967592592595,False,1937.0,False,Other/Unclassified,unauth txn,customer says transaction was not authorized.,Resolved,Medium,Chatbot
CBK0001341,TXN00001434,False,USR33704,MCH5584,2026-02-10 00:00:00,2026-02-26 00:00:00,2026-03-15 02:39:50,16.0,17.11099537037037,False,3251.08,False,Amount Mismatch,Wrong Amount,Customer says transaction was not authorized. call dropped,Closed,High,IVR
CBK0002029,TXN00005443,False,USR24926,MCH5528,2026-01-06 02:23:00,2026-01-08 00:00:00,2026-01-08 00:00:00,1.9006944444444445,0.0,False,3291.51,False,Account Takeover / Unauthorized,not done by me,User claims account was compromised before transaction.,Pending Bank,Medium,Email
CBK0002494,TXN00001169,False,USR83883,MCH9848,2026-01-23 11:36:50,2026-02-03 08:36:50,2026-03-05 08:36:50,10.875,30.0,False,6071.0,False,General Complaint / Dispute,complaint,User reports money deducted but merchant denies receiving payment.,Rejected,Medium,Chatbot
CBK0001741,TXN00003351,False,USR12829,MCH8665,2026-02-16 00:00:00,2026-02-16 00:00:00,,0.0,,False,1160.82,False,Duplicate Debit,double debit,Complaint received after multiple failed attempts.,Pending Bank,High,Branch
CBK0001932,TXN00012671,False,USR93969,MCH5980,2026-01-10 00:00:00,2026-01-13 00:00:00,2026-01-19 06:39:33,3.0,6.277465277777778,False,739.17,False,Account Takeover / Unauthorized,Account Takeover,Customer says amount was debited twice.,Closed,Medium,Branch
CBK0000735,TXN00011503,False,USR69437,MCH4181,2026-03-09 00:00:00,2026-03-12 00:00:00,2026-03-20 00:00:00,3.0,8.0,False,2059.59,False,Item/Service Not Delivered,Merchant Not Delivered,user claims account was compromised before transaction.,Resolved,Low,Call Center
CBK0002504,TXN00010218,False,USR72223,MCH9305,2026-02-12 00:00:00,2026-02-14 00:00:00,2026-02-25 20:16:09,2.0,11.844548611111112,False,1320.18,False,Account Takeover / Unauthorized,account hacked,Customer says transaction was not authorized.,Rejected,Medium,Call Center
CBK0002422,TXN00019169,False,USR46308,MCH9028,2026-03-26 00:00:00,2026-03-29 00:00:00,,3.0,,False,8504.48,False,Account Takeover / Unauthorized,Unauthorized Transaction,user claims account was compromised before transaction.,In Progress,High,Call Center
CBK0002582,TXN00016961,False,USR66391,MCH2476,2026-03-15 00:00:00,2026-03-16 00:00:00,2026-03-30 16:16:00,1.0,14.677777777777777,False,508.34,False,Other/Unclassified,fraud,MERCHANT SERVICE WAS NOT DELIVERED AFTER PAYMENT.,Pending Bank,Critical,App
CBK0000482,TXN00014460,False,USR25683,MCH5655,2026-02-07 00:00:00,2026-02-07 21:08:40,2026-02-14 21:08:00,0.8810185185185185,6.999537037037037,False,651.01,False,Other/Unclassified,Service Not Provided,Payment made to unknown merchant as per customer statement. details missing,Resolved,High,IVR
CBK0000682,TXN00002422,False,USR74392,MCH7833,2026-03-25 00:00:00,2026-03-29 02:21:00,2026-04-07 00:00:00,4.097916666666666,8.902083333333334,False,412.17,False,Duplicate Debit,DUP_DEBIT,Customer complaint text unclear due to poor call center notes.,Rejected,Medium,Branch
CBK0002219,TXN00005580,False,USR84190,MCH8763,2026-01-14 11:35:35,2026-01-25 00:00:00,2026-02-21 00:00:00,10.516956018518519,27.0,False,3654.65,False,Duplicate Debit,Duplicate Debit,SUSPICIOUS HIGH-VALUE PAYMENT DISPUTED BY CUSTOMER.,Resolved,Medium,Branch
CBK0002094,TXN00005575,False,USR62840,MCH8723,2026-01-03 14:47:00,2026-01-05 00:00:00,2026-02-04 00:00:00,1.3840277777777779,30.0,False,1946.37,False,Account Takeover / Unauthorized,not done by me,User reports money deducted but merchant denies receiving payment.,Pending Bank,Medium,IVR
CBK0001970,TXN00018732,False,USR27533,MCH1428,2026-02-07 00:00:00,2026-02-11 00:00:00,2026-02-23 04:55:14,4.0,12.205023148148149,False,2042.84,False,Other/Unclassified,service failed,user says upi pin was not entered by them.,Open,High,Branch
CBK0002383,TXN00000491,False,USR82159,MCH4802,2026-02-01 05:37:43,2026-02-01 00:00:00,2026-02-13 00:00:00,-0.23452546296296295,12.0,True,929.69,False,Item/Service Not Delivered,item not received,Customer says amount was debited twice.,In Progress,Medium,Branch
CBK0000808,TXN00006505,False,USR69795,MCH2065,2026-01-22 00:00:00,2026-01-25 00:00:00,2026-02-10 01:06:27,3.0,16.046145833333334,False,2740.0,False,General Complaint / Dispute,complaint,User claims account was compromised before transaction.,Resolved,Medium,Chatbot
CBK0001773,TXN00016920,False,USR32081,MCH6850,2026-01-20 00:00:00,2026-01-20 00:00:00,,0.0,,False,2798.0,False,Other/Unclassified,Service Not Provided,User says UPI PIN was not entered by them. NA,Closed,Medium,Chatbot
CBK0000330,TXN00002603,False,USR33908,MCH3923,2026-02-19 00:11:00,2026-02-20 00:00:00,2026-03-21 16:11:00,0.9923611111111111,29.674305555555556,False,2150.04,False,Other/Unclassified,fraud,Suspicious high-value payment disputed by customer.,Open,Medium,Chatbot
CBK0000065,TXN00007639,False,USR34880,MCH1812,2026-03-25 00:00:00,2026-03-26 08:18:55,,1.3464699074074074,,False,544.0,False,Other/Unclassified,incorrect amount,User reports money deducted but merchant denies receiving payment.,Closed,Low,IVR
CBK0000262,TXN00000442,False,USR95504,MCH6810,2026-03-29 00:00:00,2026-04-08 00:00:00,2026-04-20 00:00:00,10.0,12.0,False,3270.0,False,Duplicate Debit,double debit,Suspicious high-value payment disputed by cust.,Resolved,Low,Email
CBK0001173,TXN00009905,False,USR98061,MCH4181,2026-02-08 01:36:40,2026-02-13 16:36:40,2026-03-05 16:36:40,5.625,20.0,False,2251.54,False,Other/Unclassified,FRAUD,Customer says amount was debited twice.,Resolved,Medium,App
CBK0000094,TXN00011368,False,USR24563,MCH8712,2026-03-04 00:00:00,2026-03-14 22:30:00,2026-03-20 22:30:57,10.9375,6.000659722222222,False,3661.74,False,Account Takeover / Unauthorized,ATO,CUSTOMER SAYS AMOUNT WAS DEBITED TWICE.,Open,Medium,Call Center
CBK0001448,TXN00006897,False,USR81435,MCH9291,2026-01-01 14:21:00,2026-01-03 00:00:00,2026-01-31 00:00:00,1.4020833333333333,28.0,False,3386.1,False,Duplicate Debit,DUP_DEBIT,Customer complaint text unclear due to poor call center notes.,Pending Bank,Low,Call Center
CBK0000760,TXN00007966,False,USR83977,MCH8953,2026-03-11 00:00:00,2026-03-13 00:00:00,2026-03-20 00:00:00,2.0,7.0,False,529.0,False,Account Takeover / Unauthorized,not done by me,Suspicious high-value payment disputed by customer.,In Progress,Low,Call Center
CBK0000703,TXN00008400,False,USR58377,MCH6418,2026-02-08 00:00:00,2026-02-11 00:00:00,,3.0,,False,1939.11,False,Account Takeover / Unauthorized,Account Takeover,USER REPORTS MONEY DEDUCTED BUT MERCHANT DENIES RECEIVING PAYMENT.,Open,Low,App
CBK0000998,TXN00003928,False,USR14815,MCH1685,2026-01-15 00:00:00,2026-01-17 15:37:13,2026-01-24 00:00:00,2.650844907407407,6.349155092592593,False,3481.55,False,Duplicate Debit,double debit,Suspicious high-value payment disputed by customer.,In Progress,High,Email
CBK0000524,TXN00015049,False,USR87914,MCH2893,2026-01-19 00:00:00,2026-01-15 00:00:00,2026-02-01 00:00:00,-4.0,17.0,True,1148.57,False,Other/Unclassified,Fraud Suspected,merchant service was not delivered after payment.,In Progress,Medium,Email
CBK0002088,TXN00008054,False,USR62622,MCH9449,2026-02-18 13:04:00,2026-02-24 00:00:00,2026-03-22 07:04:00,5.455555555555556,26.294444444444444,False,1065.28,False,Account Takeover / Unauthorized,ATO,Complaint received after multiple failed attempts.,Open,Medium,Chatbot
CBK0000175,TXN00009098,False,USR33215,MCH3992,2026-01-04 00:23:38,2026-01-01 00:23:00,2026-01-28 00:00:00,-3.000439814814815,26.98402777777778,True,4947.89,False,Other/Unclassified,service failed,Payment made to unknown merchant as per customer statement.,Closed,Low,IVR
CBK0001782,TXN00014790,False,USR75856,MCH6661,2026-01-26 00:00:00,2026-01-27 06:56:34,,1.2892824074074074,,False,350.19,False,Account Takeover / Unauthorized,account hacked,MERCHANT SERVICE WAS NOT DELIVERED AFTER PAYMENT.,Rejected,Medium,Call Center
CBK0002042,TXN00004367,False,USR27533,MCH4473,2026-03-09 00:00:00,2026-04-24 16:40:44,2026-05-23 16:40:00,46.6949537037037,28.99949074074074,False,2126.85,False,Other/Unclassified,Service Not Provided,User claims account was compromised before transaction.,Resolved,High,App
CBK0001248,TXN00012952,False,USR21667,MCH2739,2026-02-02 08:39:00,2026-02-18 02:39:13,,15.750150462962964,,False,596.6,False,Item/Service Not Delivered,merchant service issue,Customer says transaction was not authorized.,Pending Bank,Low,Chatbot
CBK0000113,TXN00008131,False,USR37470,MCH4899,2026-03-27 23:37:00,2026-03-31 00:00:00,,3.015972222222222,,False,2367.83,False,Item/Service Not Delivered,not delivered,Suspicious high-value payment disputed by customer.,Resolved,Low,App
CBK0002399,TXN00015080,False,USR43847,MCH7901,2026-02-15 00:00:00,2026-02-16 00:00:00,2026-03-17 00:00:00,1.0,29.0,False,17242.91,False,Duplicate Debit,charged twice,Customer says transaction was not authorized.,Closed,Medium,Branch
CBK0002209,TXN00007219,False,USR48423,MCH2383,2026-02-21 00:00:00,2026-02-24 01:52:32,2026-03-01 00:00:00,3.078148148148148,4.9218518518518515,False,5143.78,False,Item/Service Not Delivered,no service,User reports money deducted but merchant denies receiving payment. call dropped,Resolved,Low,Chatbot
CBK0002339,TXN00002981,False,USR58082,MCH2266,2026-02-11 21:42:41,2026-02-13 19:42:41,,1.9166666666666667,,False,7275.81,False,General Complaint / Dispute,customer issue,Suspicious high-value payment disputed by cust.,Rejected,High,Call Center
CBK0002105,TXN00012640,False,USR96038,MCH7326,2026-02-19 00:00:00,2026-03-07 00:00:00,2026-03-17 04:15:00,16.0,10.177083333333334,False,3800.84,False,Duplicate Debit,charged twice,user reports money deducted but merchant denies receiving payment.,In Progress,Medium,Chatbot
CBK0001342,TXN00000213,False,USR40195,MCH3586,2026-02-17 07:41:15,2026-02-24 23:41:15,2026-03-09 00:00:00,7.666666666666667,12.013020833333334,False,658.27,False,General Complaint / Dispute,dispute raised,payment made to unknown merchant as per customer statement.,Closed,Medium,Branch
CBK0001528,TXN00007889,False,USR97360,MCH4970,2026-03-20 00:00:00,,2026-04-05 00:00:00,,,False,3625.88,False,Other/Unclassified,suspicious transaction,Customer says transaction was not authorized.,Pending Bank,Medium,IVR
CBK0000402,TXN00002200,False,USR69672,MCH6960,2026-02-09 08:40:20,2026-02-12 00:00:00,,2.6386574074074076,,False,3741.98,False,General Complaint / Dispute,customer issue,payment made to unknown merchant as per customer statement.,In Progress,Low,Call Center
CBK0000450,TXN00001983,False,USR22405,MCH9291,2026-03-01 22:52:22,2026-03-12 00:00:00,2026-03-23 00:00:00,10.046967592592592,11.0,False,1315.22,False,Account Takeover / Unauthorized,unauthorized_transaction,User claims account was compromised before transaction.,Closed,High,Branch
CBK0001041,TXN00010337,False,USR26761,MCH7733,2026-01-05 00:00:00,2026-01-13 08:17:17,2026-02-05 00:00:00,8.345335648148149,22.654664351851853,False,2203.0,False,Other/Unclassified,scam,Merchant service was not delivered after payment.,Pending Bank,Low,Chatbot
CBK0002340,TXN00012698,False,USR17047,MCH3815,2026-03-12 00:00:00,2026-03-14 00:00:00,2026-03-25 05:16:35,2.0,11.219849537037037,False,2283.53,False,Account Takeover / Unauthorized,login compromised,user reports money deducted but merchant denies receiving payment.,Pending Bank,High,Email
CBK0000771,TXN00009466,False,USR62254,MCH5885,2026-03-29 00:00:00,2026-04-01 00:20:18,2026-04-18 00:00:00,3.0140972222222224,16.985902777777778,False,11523.08,False,Item/Service Not Delivered,no service,Payment made to unknown merchant as per customer statement.,Pending Bank,Critical,Chatbot
CBK0001895,TXN00015855,False,USR98971,MCH6850,2026-01-20 00:00:00,2026-02-19 00:00:00,2026-03-15 22:42:00,30.0,24.945833333333333,False,3458.58,False,General Complaint / Dispute,dispute raised,User claims account was compromised before transaction.,Resolved,Medium,Branch
CBK0000241,TXN00009866,False,USR33877,MCH1509,2026-02-21 16:02:00,2026-02-23 00:00:00,2026-03-11 23:02:56,1.3319444444444444,16.96037037037037,False,6769.33,False,Amount Mismatch,Wrong Amount,Payment made to unknown merchant as per customer statement.,Resolved,Medium,IVR
CBK0001582,TXN00016057,False,USR78482,MCH9821,2026-01-18 01:06:00,2026-01-19 00:00:00,,0.9541666666666667,,False,3429.16,False,General Complaint / Dispute,complaint,Customer says amount was debited twice.,Closed,Medium,Chatbot
CBK0001799,TXN00012539,False,USR17980,MCH3700,2026-02-04 00:00:00,2026-02-05 00:00:00,2026-03-06 00:00:00,1.0,29.0,False,7039.0,False,General Complaint / Dispute,customer issue,merchant service was not delivered after payment.,Open,Low,IVR
CBK0002229,TXN00017286,False,USR53259,MCH9564,2026-01-27 00:00:00,2026-01-30 00:00:00,,3.0,,False,497.0,False,Other/Unclassified,Fraud Suspected,User says UPI PIN was not entered by them. urgent,Rejected,Medium,Email
CBK0002289,TXN00009795,False,USR13941,MCH2131,2026-03-20 09:34:19,2026-03-21 00:00:00,2026-04-11 00:00:00,0.6011689814814815,21.0,False,4846.0,False,Item/Service Not Delivered,delivery issue,User claims account was compromised before transaction.,Pending Bank,Medium,IVR
CBK0000465,TXN00003105,False,USR50434,MCH1786,2026-03-13 00:00:00,,2026-04-18 00:00:00,,,False,775.96,False,Amount Mismatch,Wrong Amount,User reports money deducted but merchant denies receiving payment.,In Progress,Medium,Call Center
CBK0001844,TXN00005723,False,USR27285,MCH8154,2026-02-06 09:43:00,2026-02-08 00:00:00,2026-02-15 00:00:00,1.5951388888888889,7.0,False,4655.0,False,Other/Unclassified,incorrect amount,Merchant service was not delivered after payment.,Resolved,Low,Email
CBK0002329,TXN00005401,False,USR58914,MCH9277,2026-02-01 11:50:12,2026-02-05 08:50:12,2026-03-07 08:50:12,3.875,30.0,False,14197.19,False,Account Takeover / Unauthorized,not done by me,SUSPICIOUS HIGH-VALUE PAYMENT DISPUTED BY CUSTOMER.,Pending Bank,Low,Chatbot
CBK0000044,TXN00004903,False,USR49770,MCH4578,2026-02-26 00:00:00,2026-02-23 08:37:00,,-2.640972222222222,,True,639.26,False,Item/Service Not Delivered,delivery issue,Merchant service was not delivered after payment.,Pending Bank,Medium,Chatbot
CBK0000975,TXN00019717,False,USR22234,MCH4473,2026-02-18 00:00:00,2026-02-20 19:33:19,2026-03-06 00:00:00,2.8148032407407406,13.18519675925926,False,1122.85,False,General Complaint / Dispute,complaint,Payment made to unknown merchant as per customer statement.,Resolved,Low,IVR
CBK0002789,TXN00000255,False,USR59679,MCH6985,2026-01-06 00:00:00,2026-01-16 00:00:00,2026-01-27 15:04:00,10.0,11.627777777777778,False,2178.8,False,Duplicate Debit,Duplicate Debit,User says UPI PIN was not entered by them.,In Progress,Medium,Chatbot
CBK0000321,TXN00011096,False,USR32450,MCH5659,2026-02-21 13:51:00,2026-02-25 03:51:21,2026-03-20 00:00:00,3.583576388888889,22.83934027777778,False,825.0,False,General Complaint / Dispute,Customer Dispute,merchant service was not delivered after payment.,Rejected,Medium,IVR
CBK0000828,TXN00007187,False,USR27947,MCH4473,2026-03-07 00:00:00,,,,,False,361.6,False,Other/Unclassified,incorrect amount,Merchant service was not delivered after payment.,Resolved,Medium,Email
CBK0001671,TXN00001758,False,USR86472,MCH7728,2026-02-19 00:00:00,2026-02-22 04:14:22,,3.1766435185185187,,False,1416.0,False,Other/Unclassified,Service Not Provided,User claims account was compromised before transaction.,Open,Low,Chatbot
CBK0002146,TXN00004284,False,USR94012,MCH8613,2026-01-17 00:00:00,2026-01-23 13:44:23,2026-02-14 00:00:00,6.5724884259259255,21.427511574074074,False,3737.05,False,Duplicate Debit,Duplicate Debit,User claims account was compromised before transaction.,Rejected,Medium,Branch
CBK0002347,TXN00010961,False,USR55439,MCH7581,2026-02-13 00:00:00,2026-03-15 00:00:00,,30.0,,False,1126.18,False,Amount Mismatch,Wrong Amount,Customer says transaction was not authorized.,Rejected,Low,Branch
CBK0001197,TXN00006253,False,USR19220,MCH7286,2026-01-08 00:00:00,2026-01-10 00:00:00,2026-01-20 14:43:26,2.0,10.613495370370371,False,4952.0,False,General Complaint / Dispute,dispute raised,Complaint received after multiple failed attempts.,Rejected,Medium,Chatbot
CBK0001099,TXN00011289,False,USR94570,MCH4545,2026-01-30 04:49:00,2026-02-04 00:00:00,2026-02-28 00:00:00,4.799305555555556,24.0,False,305.0,False,Account Takeover / Unauthorized,Account Takeover,Payment made to unknown merchant as per customer statement.,Closed,Critical,IVR
CBK0002026,TXN00019737,False,USR27262,MCH4852,2026-01-13 00:00:00,2026-01-23 00:00:00,2026-02-11 19:25:13,10.0,19.809178240740742,False,174.11,False,Duplicate Debit,charged twice,Merchant service was not delivered after payment.,Resolved,Medium,IVR
CBK0000946,TXN00013141,False,USR22644,MCH9193,2026-01-26 00:00:00,2026-01-31 14:01:41,,5.584502314814815,,False,7638.7,False,Other/Unclassified,Fraud Suspected,MERCHANT SERVICE WAS NOT DELIVERED AFTER PAYMENT.,In Progress,Critical,Email
CBK0002213,TXN00009870,False,USR79046,MCH8457,2026-01-02 00:00:00,2026-02-17 00:00:00,,46.0,,False,12334.0,False,Item/Service Not Delivered,Merchant Not Delivered,Merchant service was not delivered after payment.,In Progress,Medium,IVR
CBK0001137,TXN00015627,False,USR35882,MCH8913,2026-01-21 01:07:00,2026-01-21 00:00:00,2026-02-06 08:07:54,-0.04652777777777778,16.338819444444443,True,4853.7,False,General Complaint / Dispute,dispute raised,Customer says amount was debited twice.,Resolved,Medium,Chatbot
CBK0001147,TXN00002456,False,USR89588,MCH2614,2026-02-10 03:16:00,2026-02-12 00:00:00,2026-03-12 14:16:00,1.863888888888889,28.594444444444445,False,1805.23,False,Duplicate Debit,double debit,customer says amount was debited twice.,In Progress,Low,Chatbot
CBK0001095,TXN00015316,False,USR86750,MCH5980,2026-01-12 00:00:00,2026-01-13 00:00:00,2026-01-14 00:00:00,1.0,1.0,False,930.83,False,General Complaint / Dispute,dispute raised,Customer complaint text unclear due to poor call center notes.,Open,Medium,Branch
CBK0001838,TXN00014426,False,USR30157,MCH4526,2026-03-26 10:17:08,2026-04-06 04:17:08,2026-04-18 00:00:00,10.75,11.821435185185186,False,4193.52,False,Other/Unclassified,Service Not Provided,Merchant service was not delivered after payment. details missing,Open,Medium,Chatbot
CBK0000782,TXN00015086,False,USR58789,MCH6008,2026-02-05 00:00:00,2026-02-10 00:00:00,2026-03-03 00:00:00,5.0,21.0,False,1949.6,False,Amount Mismatch,extra amount deducted,User says UPI PIN was not entered by them.,In Progress,Medium,Chatbot
CBK0002663,TXN00009741,False,USR40631,MCH9584,2026-02-05 00:00:00,2026-02-06 00:00:00,2026-02-23 00:00:00,1.0,17.0,False,548.0,False,Other/Unclassified,service failed,Complaint received after multiple failed attempts. urgent,Closed,Low,Branch
CBK0001870,TXN00015944,False,USR24660,MCH1686,2026-01-09 00:00:00,2026-01-14 21:01:41,2026-01-26 00:00:00,5.876168981481482,11.12383101851852,False,1459.42,False,Item/Service Not Delivered,merchant service issue,Merchant service was not delivered after payment.,In Progress,Low,App
CBK0002465,TXN00017802,False,USR76148,MCH4534,2026-03-30 00:00:00,2026-04-01 00:00:00,2026-04-07 00:00:00,2.0,6.0,False,1303.05,False,Item/Service Not Delivered,no service,Suspicious high-value payment disputed by customer. pls check asap,Rejected,High,IVR
CBK0002082,TXN00004325,False,USR97580,MCH1127,2026-01-28 00:00:00,2026-02-01 00:00:00,2026-02-10 03:19:10,4.0,9.138310185185185,False,,True,Item/Service Not Delivered,Merchant Not Delivered,Customer says amount was debited twice.,Closed,Critical,IVR
CBK0002541,TXN00002822,False,USR11987,MCH3992,2026-03-18 10:04:06,2026-03-23 00:00:00,2026-03-30 00:00:00,4.580486111111111,7.0,False,,True,Other/Unclassified,UNAUTHORISED,User claims account was compromised before transaction.,Open,Medium,IVR
CBK0002366,TXN00012165,False,USR98915,MCH6399,2026-02-20 00:00:00,2026-02-20 00:00:00,2026-02-23 21:48:00,0.0,3.908333333333333,False,,True,Other/Unclassified,fraud,Customer says transaction was not authorized.,In Progress,Low,Call Center
CBK0000331,TXN00016055,False,USR61715,MCH2991,,2026-01-17 00:00:00,2026-02-06 14:40:17,,20.61130787037037,False,509.0,False,Other/Unclassified,Fraud Suspected,Payment made to unknown merchant as per customer statement.,Closed,High,Call Center
CBK0002794,TXN00018116,False,USR71316,MCH6194,,2026-02-05 00:00:00,2026-02-07 22:14:43,,2.926886574074074,False,1239.17,False,Duplicate Debit,double debit,Suspicious high-value payment disputed by customer.,Pending Bank,Low,IVR
CBK0000918,,True,USR24555,MCH7951,2026-01-04 12:35:38,2026-01-15 08:35:00,,10.83289351851852,,False,1207.12,False,Duplicate Debit,charged twice,complaint received after multiple failed attempts.,In Progress,High,IVR
CBK0001252,TXN00004709,False,USR59225,MCH8154,2026-01-21 02:55:00,2026-01-22 20:55:00,2026-01-30 00:00:00,1.75,7.128472222222222,False,,True,Amount Mismatch,Wrong Amount,user claims account was compromised before transaction.,Pending Bank,Low,App
CBK0000944,TXN00005837,False,USR50434,MCH6459,,2026-02-24 00:00:00,,,,False,438.11,False,Duplicate Debit,charged twice,Complaint received after multiple failed attempts.,Rejected,Low,Call Center
CBK0001228,TXN00005490,False,USR81497,MCH2383,2026-03-22 00:00:00,2026-03-25 00:00:00,2026-04-13 00:00:00,3.0,19.0,False,,True,Other/Unclassified,fraud,Customer says amount was debited twice.,Open,Medium,Branch
CBK0002189,TXN00001962,False,USR79577,MCH4590,2026-03-19 00:00:00,2026-03-24 13:53:58,2026-03-26 00:00:00,5.579143518518518,1.4208564814814815,False,,True,Item/Service Not Delivered,delivery issue,User reports money deducted but merchant denies receiving payment.,Resolved,Medium,Call Center
CBK0002374,TXN00005973,False,USR96482,MCH8041,,2026-02-07 00:00:00,2026-02-22 00:00:00,,15.0,False,10229.48,False,Account Takeover / Unauthorized,unauthorized_transaction,User claims account was compromised before transaction.,Pending Bank,Medium,App
CBK0001030,TXN00015761,False,USR84665,MCH9176,,2026-02-09 00:00:00,2026-02-15 00:00:00,,6.0,False,1091.95,False,Amount Mismatch,Wrong Amount,Customer complaint text unclear due to poor call center notes.,In Progress,Low,Branch
CBK0002690,TXN00005810,False,USR29306,MCH4473,2026-03-08 00:35:54,2026-03-15 00:00:00,2026-04-05 00:00:00,6.975069444444444,21.0,False,,True,Item/Service Not Delivered,not delivered,Customer says transaction was not authorized.,Closed,Medium,IVR
CBK0001903,TXN00010389,False,USR31084,MCH8801,2026-01-29 00:00:00,2026-01-31 00:00:00,2026-02-06 20:36:40,2.0,6.858796296296297,False,,True,Amount Mismatch,Wrong Amount,Merchant service was not delivered after payment.,Rejected,Low,Branch
CBK0000432,TXN94213,False,USR96958,MCH7286,2026-01-29 00:00:00,2026-02-01 00:00:00,2026-02-02 00:00:00,3.0,1.0,False,,True,Other/Unclassified,unauth txn,User reports money deducted but merchant denies receiving payment.,Resolved,High,Email
CBK0001596,TXN00002674,False,USR97070,MCH2065,,2026-01-17 00:00:00,2026-01-25 00:00:00,,8.0,False,1722.0,False,Other/Unclassified,FRAUD,Merchant service was not delivered after payment.,Closed,Medium,Call Center
CBK0002655,TXN00002868,False,USR13587,MCH8080,2026-02-20 23:55:00,2026-03-03 00:00:00,2026-03-13 00:55:24,10.003472222222221,10.038472222222222,False,,True,Other/Unclassified,service failed,User claims account was compromised before txn.,Pending Bank,High,IVR
CBK0001811,TXN00007437,False,USR22170,MCH2381,2026-02-14 00:00:00,2026-02-20 07:41:16,2026-03-02 00:00:00,6.320324074074074,9.679675925925926,False,,True,Account Takeover / Unauthorized,Account Takeover,Payment made to unknown merchant as per customer statement.,Pending Bank,Medium,Chatbot
CBK0001175,TXN61071,False,USR22543,MCH3116,2026-02-04 15:43:17,2026-02-10 00:00:00,2026-02-22 11:43:00,5.344942129629629,12.488194444444444,False,,True,General Complaint / Dispute,customer issue,customer says amount was debited twice.,In Progress,High,Chatbot
CBK0000294,TXN00019876,False,USR55690,MCH6739,,,2026-03-20 23:37:00,,,False,2134.32,False,Duplicate Debit,Duplicate Debit,CUSTOMER COMPLAINT TEXT UNCLEAR DUE TO POOR CALL CENTER NOTES.,Pending Bank,Low,IVR
CBK0002041,TXN00015934,False,USR69637,MCH2240,,2026-03-24 00:00:00,2026-04-17 00:00:00,,24.0,False,1508.23,False,General Complaint / Dispute,complaint,Customer complaint text unclear due to poor call center notes.,Closed,Medium,Chatbot
CBK0002585,TXN00018187,False,USR23937,MCH4560,2026-03-24 00:00:00,2026-03-27 00:00:00,2026-04-14 14:38:55,3.0,18.610358796296296,False,,True,Account Takeover / Unauthorized,ATO,Customer complaint text unclear due to poor call center notes.,Resolved,Medium,Chatbot
CBK0001525,TXN00004103,False,USR18453,MCH7793,,2026-01-28 00:00:00,2026-02-01 00:00:00,,4.0,False,4864.83,False,Account Takeover / Unauthorized,ATO,User claims account was compromised before transaction.,Closed,Medium,Email
CBK0002336,TXN00014456,False,USR56287,MCH4473,,2026-01-10 09:07:37,2026-02-05 00:00:00,,25.61971064814815,False,4534.17,False,Item/Service Not Delivered,merchant service issue,Merchant service was not delivered after payment.,Pending Bank,Low,Email
CBK0001820,TXN00007866,False,USR51854,MCH1450,2026-02-21 00:00:00,2026-02-22 00:00:00,2026-03-23 19:57:00,1.0,29.83125,False,,True,Other/Unclassified,incorrect amount,complaint received after multiple failed attempts.,Rejected,Low,Email
CBK0001487,TXN00015922,False,USR41135,MCH5982,2026-02-23 00:00:00,2026-02-25 00:00:00,2026-03-16 00:00:00,2.0,19.0,False,,True,General Complaint / Dispute,dispute raised,Complaint received after multiple failed attempts.,In Progress,Medium,IVR
CBK0002517,TXN00011567,False,USR30157,MCH1130,2026-01-26 00:00:00,2026-01-26 22:31:00,2026-01-30 22:31:46,0.9381944444444444,4.000532407407407,False,,True,General Complaint / Dispute,complaint,Customer says transaction was not authorized. urgent,Closed,Medium,Call Center
CBK0001126,TXN00007982,False,USR35882,MCH4473,2026-03-28 21:42:00,,,,,False,,True,Account Takeover / Unauthorized,unauthorized_transaction,Merchant service was not delivered after payment.,Closed,Medium,Email
CBK0002315,TXN00012331,False,USR91192,MCH2718,,2026-02-14 00:00:00,,,,False,1246.25,False,Other/Unclassified,FRAUD,Customer complaint text unclear due to poor call center notes.,Pending Bank,Medium,Branch
CBK0000220,TXN00009971,False,USR81170,MCH6607,,2026-03-03 00:00:00,,,,False,4849.0,False,Other/Unclassified,suspicious transaction,Customer says amount was debited twice. urgent,In Progress,Low,Email
CBK0001812,TXN00006460,False,USR29769,MCH9537,,2026-02-09 00:00:00,2026-03-01 15:46:53,,20.657557870370372,False,3745.94,False,Duplicate Debit,DUP_DEBIT,suspicious high-value payment disputed by customer.,Pending Bank,Medium,IVR
CBK0001553,TXN00004048,False,USR26051,MCH3235,2026-03-14 00:00:00,,2026-03-29 00:00:00,,,False,,True,Item/Service Not Delivered,no service,Customer says amount was debited twice.,In Progress,Low,App
CBK0001416,TXN00018367,False,USR98309,MCH7233,,2026-01-03 05:05:00,2026-01-29 05:05:00,,26.0,False,1495.59,False,General Complaint / Dispute,customer issue,Suspicious high-value payment disputed by customer.,Rejected,Medium,Chatbot
CBK0002507,TXN00016749,False,USR55737,MCH5655,2026-03-31 00:00:00,2026-04-03 00:00:00,2026-04-14 00:00:00,3.0,11.0,False,,True,Account Takeover / Unauthorized,Unauthorized Transaction,User claims account was compromised before txn.,Closed,Medium,Call Center
CBK0002597,TXN00008925,False,USR93425,MCH3339,2026-01-02 07:36:00,2026-01-03 04:36:00,,0.875,,False,,True,Other/Unclassified,Service Not Provided,User reports money deducted but merchant denies receiving payment. pls check asap,Rejected,Low,IVR
CBK0002023,TXN00016636,False,USR62254,MCH2450,,,2026-02-19 00:00:00,,,False,6720.23,False,Item/Service Not Delivered,delivery issue,User says UPI PIN was not entered by them. call dropped,Rejected,Medium,Email
CBK0000643,,True,USR85352,MCH4035,2026-03-21 00:00:00,2026-03-20 14:03:45,2026-04-15 00:00:00,-0.4140625,25.4140625,True,1167.69,False,General Complaint / Dispute,complaint,User reports money deducted but merchant denies receiving payment.,Rejected,Medium,IVR
CBK0001145,TXN81933,False,USR63160,MCH9899,,2026-02-22 19:21:00,,,,False,5283.13,False,Item/Service Not Delivered,merchant service issue,Customer says amount was debited twice. urgent,Closed,High,IVR
CBK0001219,TXN00002058,False,USR11226,MCH3986,2026-01-24 00:00:00,2026-01-27 00:00:00,2026-02-13 00:00:00,3.0,17.0,False,,True,General Complaint / Dispute,customer issue,Customer says amount was debited twice.,Rejected,Low,Branch
CBK0000248,TXN00002141,False,USR12530,MCH6850,2026-03-18 17:03:00,2026-03-19 23:03:08,2026-04-08 00:00:00,1.2500925925925925,19.039490740740742,False,,True,Other/Unclassified,Fraud Suspected,Merchant service was not delivered after payment.,Pending Bank,Medium,App
CBK0000422,TXN00008098,False,USR71316,MCH9344,2026-01-29 00:00:00,2026-01-26 00:00:00,2026-02-16 10:30:02,-3.0,21.43752314814815,True,,True,Amount Mismatch,extra amount deducted,User reports money deducted but merchant denies receiving payment.,Resolved,Low,Call Center
CBK0000408,TXN00002581,False,USR97892,MCH9291,,2026-03-31 00:46:50,2026-04-11 00:00:00,,10.967476851851853,False,2926.63,False,Duplicate Debit,charged twice,Customer says amount was debited twice.,In Progress,High,Branch
CBK0001711,TXN00011255,False,USR65114,MCH6292,2026-01-03 00:00:00,2026-01-04 00:00:00,2026-01-07 01:32:03,1.0,3.063923611111111,False,,True,Account Takeover / Unauthorized,login compromised,Customer complaint text unclear due to poor call center notes.,Resolved,High,Branch
CBK0001361,,True,USR87714,MCH7560,2026-02-08 00:00:00,2026-02-19 15:31:00,2026-02-19 00:00:00,11.646527777777777,-0.6465277777777778,False,3014.44,False,Amount Mismatch,Wrong Amount,Complaint received after multiple failed attempts.,In Progress,Medium,IVR
CBK0000300,TXN00002857,False,USR92485,MCH7388,,2026-03-21 00:00:00,2026-04-20 00:00:00,,30.0,False,920.19,False,Item/Service Not Delivered,not delivered,User reports money deducted but merchant denies receiving payment.,In Progress,High,Chatbot
CBK0001985,TXN00005222,False,USR98253,MCH3611,,2026-02-21 00:00:00,2026-03-02 00:00:00,,9.0,False,526.0,False,Other/Unclassified,fraud,USER CLAIMS ACCOUNT WAS COMPROMISED BEFORE TRANSACTION.,Resolved,Medium,Email
CBK0001467,TXN00008130,False,USR27544,MCH4226,,2026-01-07 00:00:00,2026-01-13 00:00:00,,6.0,False,482.6,False,Item/Service Not Delivered,not delivered,MERCHANT SERVICE WAS NOT DELIVERED AFTER PAYMENT.,Rejected,Medium,Email
CBK0000287,TXN00015777,False,USR40538,MCH2822,2026-03-27 00:00:00,2026-04-11 18:19:42,2026-05-11 18:19:42,15.763680555555556,30.0,False,,True,Other/Unclassified,suspicious transaction,payment made to unknown merchant as per customer statement.,In Progress,Low,App
CBK0002302,TXN00004618,False,USR69543,MCH8140,,2026-01-23 00:00:00,,,,False,1142.86,False,Duplicate Debit,DUP_DEBIT,User claims account was compromised before transaction.,Rejected,Low,IVR
CBK0001748,TXN36584,False,USR93861,MCH2037,2026-01-01 00:00:00,2026-01-04 00:00:00,2026-01-28 00:00:00,3.0,24.0,False,,True,Account Takeover / Unauthorized,account hacked,User says UPI PIN was not entered by them.,Pending Bank,High,IVR
CBK0000590,TXN00018358,False,USR73010,MCH2722,2026-03-12 00:00:00,2026-03-20 03:25:00,2026-04-16 00:00:00,8.14236111111111,26.85763888888889,False,,True,Amount Mismatch,Wrong Amount,Complaint received after multiple failed attempts.,Resolved,High,Chatbot
CBK0002391,TXN00013005,False,USR27779,MCH6850,,2026-04-01 00:00:00,2026-04-15 18:10:52,,14.757546296296296,False,3734.7,False,Item/Service Not Delivered,delivery issue,Merchant service was not delivered after payment.,Pending Bank,Low,App
CBK0001600,TXN00014926,False,USR22359,MCH4542,,2026-01-22 15:21:40,2026-02-09 00:00:00,,17.359953703703702,False,2332.94,False,Other/Unclassified,Fraud Suspected,Suspicious high-value payment disputed by customer.,Closed,Low,Chatbot
CBK0000837,TXN00014492,False,USR59264,MCH1548,2026-01-04 03:46:36,2026-02-03 00:00:00,2026-02-11 00:00:00,29.84263888888889,8.0,False,,True,Other/Unclassified,suspicious transaction,SUSPICIOUS HIGH-VALUE PAYMENT DISPUTED BY CUSTOMER.,In Progress,Medium,Chatbot
CBK0001140,TXN00004922,False,USR79175,MCH6652,2026-03-28 00:00:00,2026-03-30 00:00:00,2026-04-10 04:32:07,2.0,11.188969907407408,False,,True,Account Takeover / Unauthorized,not done by me,user reports money deducted but merchant denies receiving payment.,Closed,Medium,IVR
CBK0000562,TXN00003828,False,USR39793,MCH3203,,2026-03-31 19:03:00,,,,False,1594.84,False,Other/Unclassified,UNAUTHORISED,User reports money deducted but merchant denies receiving payment.,Pending Bank,Low,Chatbot
CBK0001071,TXN00005413,False,USR85761,MCH3171,2026-01-29 00:00:00,2026-02-01 00:00:00,2026-02-14 00:00:00,3.0,13.0,False,,True,Amount Mismatch,extra amount deducted,Suspicious high-value payment disputed by customer. details missing,Pending Bank,Medium,Chatbot
CBK0002196,TXN00010149,False,USR88130,MCH8556,2026-02-28 00:00:00,2026-03-30 00:00:00,,30.0,,False,,True,Other/Unclassified,unauth txn,customer says amount was debited twice.,In Progress,Critical,Email
CBK0001010,TXN00006755,False,USR73752,MCH7461,2026-03-14 00:00:00,2026-03-17 00:00:00,2026-04-14 00:00:00,3.0,28.0,False,,True,Account Takeover / Unauthorized,Account Takeover,User claims account was compromised before transaction. call dropped,Pending Bank,Low,Chatbot
CBK0000677,TXN00003443,False,USR88570,MCH2055,2026-02-05 00:00:00,2026-02-12 00:00:00,2026-02-21 00:00:00,7.0,9.0,False,,True,Other/Unclassified,Fraud Suspected,Suspicious high-value payment disputed by customer.,Open,Low,Email
CBK0000909,TXN00006059,False,USR60322,MCH5605,2026-02-22 00:00:00,2026-02-23 00:00:00,2026-03-08 00:00:00,1.0,13.0,False,,True,Duplicate Debit,charged twice,Customer complaint text unclear due to poor call center notes.,In Progress,Medium,Call Center
CBK0000010,TXN00006640,False,USR52772,MCH3725,2026-02-25 23:06:00,2026-02-27 03:06:00,,1.1666666666666667,,False,,True,Account Takeover / Unauthorized,login compromised,USER CLAIMS ACCOUNT WAS COMPROMISED BEFORE TRANSACTION.,Closed,Low,App
CBK0000583,TXN00013098,False,USR11077,MCH5456,2026-02-01 00:00:00,2026-02-03 00:32:11,2026-02-03 00:32:11,2.0223495370370372,0.0,False,,True,Other/Unclassified,incorrect amount,SUSPICIOUS HIGH-VALUE PAYMENT DISPUTED BY CUSTOMER.,Pending Bank,Medium,Branch
CBK0000273,TXN00002139,False,USR80361,MCH6712,2026-03-05 11:26:00,2026-03-16 04:26:00,,10.708333333333334,,False,,True,General Complaint / Dispute,customer issue,customer complaint text unclear due to poor call center notes.,Open,Low,Branch
CBK0002159,TXN00008446,False,USR75943,MCH5482,2026-03-08 00:00:00,2026-03-08 12:51:00,2026-03-27 00:00:00,0.5354166666666667,18.464583333333334,False,,True,Other/Unclassified,scam,CUSTOMER SAYS TRANSACTION WAS NOT AUTHORIZED.,Rejected,Critical,Email
CBK0001605,TXN00013039,False,USR38436,MCH5655,,2026-01-09 00:00:00,2026-01-13 00:00:00,,4.0,False,7884.27,False,Account Takeover / Unauthorized,Account Takeover,Suspicious high-value payment disputed by cust.,Rejected,Medium,Call Center
CBK0001543,TXN00009804,False,USR90720,MCH4495,,2026-01-24 00:00:00,2026-01-27 03:54:00,,3.1625,False,767.56,False,Item/Service Not Delivered,merchant service issue,Customer complaint text unclear due to poor call center notes.,Rejected,Medium,IVR
CBK0002711,TXN42233,False,USR31712,MCH3819,2026-03-10 00:00:00,2026-04-24 16:53:03,2026-05-09 16:53:03,45.70350694444444,15.0,False,,True,Duplicate Debit,Duplicate Debit,complaint received after multiple failed attempts.,Closed,Medium,IVR
CBK0001651,TXN00010749,False,USR62848,MCH3729,2026-02-15 00:00:00,2026-02-22 23:37:50,2026-02-26 00:00:00,7.984606481481482,3.0153935185185183,False,,True,Other/Unclassified,Fraud Suspected,Customer says amount was debited twice. call dropped,In Progress,Low,Branch
CBK0001488,TXN00015761,False,USR47459,MCH8883,,2026-02-08 18:43:00,2026-03-06 00:00:00,,25.22013888888889,False,6388.0,False,Other/Unclassified,service failed,User claims account was compromised before transaction.,Open,Low,IVR
CBK0000985,TXN00016633,False,USR50898,MCH3836,,2026-03-07 00:00:00,,,,False,3329.74,False,Other/Unclassified,UNAUTHORISED,COMPLAINT RECEIVED AFTER MULTIPLE FAILED ATTEMPTS.,In Progress,Medium,Chatbot
CBK0000849,TXN00010509,False,USR32787,MCH1253,,2026-02-18 00:00:00,2026-03-13 09:31:00,,23.396527777777777,False,1585.54,False,Other/Unclassified,service failed,User claims account was compromised before transaction.,In Progress,High,IVR
CBK0000058,TXN00007401,False,USR21162,MCH8369,2026-02-03 00:00:00,,,,,False,,True,Item/Service Not Delivered,not delivered,Suspicious high-value payment disputed by customer.,Resolved,High,App
CBK0001837,TXN00011621,False,USR98433,MCH5655,2026-02-22 00:00:00,2026-02-24 20:31:03,2026-03-04 00:00:00,2.8548958333333334,7.145104166666667,False,,True,Item/Service Not Delivered,not delivered,User claims account was compromised before txn.,Rejected,Medium,Branch
CBK0000031,TXN00005788,False,USR80678,MCH4473,,2026-03-29 00:09:09,2026-03-29 00:09:09,,0.0,False,372.51,False,Duplicate Debit,DUP_DEBIT,User claims account was compromised before transaction.,Resolved,Low,IVR
CBK0000124,TXN00006207,False,USR61576,MCH7286,2026-02-12 00:00:00,2026-02-28 00:00:00,2026-03-15 00:00:00,16.0,15.0,False,,True,Item/Service Not Delivered,item not received,Payment made to unknown merchant as per customer statement.,Pending Bank,Low,Branch
CBK0001275,TXN00014522,False,USR11090,MCH8336,,,,,,False,1098.78,False,Other/Unclassified,FRAUD,User reports money deducted but merchant denies receiving payment.,Open,Low,IVR
CBK0001991,TXN00002169,False,USR33650,MCH7326,2026-01-21 18:37:36,2026-01-25 00:00:00,2026-02-07 17:37:00,3.223888888888889,13.734027777777778,False,,True,Item/Service Not Delivered,item not received,Complaint received after multiple failed attempts.,In Progress,Low,Email
CBK0002668,,True,USR19568,MCH9291,2026-01-25 05:32:00,,2026-02-16 06:32:00,,,False,4776.3,False,Account Takeover / Unauthorized,account hacked,Customer says amount was debited twice.,Rejected,Low,Chatbot
CBK0000541,TXN00009994,False,USR78285,MCH7286,,2026-01-22 00:00:00,2026-01-31 21:57:00,,9.914583333333333,False,477.68,False,Other/Unclassified,incorrect amount,User claims account was compromised before transaction.,Open,Medium,App
CBK0001634,TXN00016754,False,USR77208,MCH6810,,2026-02-19 12:19:39,2026-03-17 00:00:00,,25.48635416666667,False,2563.38,False,Other/Unclassified,UNAUTHORISED,CUSTOMER SAYS TRANSACTION WAS NOT AUTHORIZED.,Closed,Low,Chatbot
CBK0001367,TXN00014165,False,USR19110,MCH1811,2026-03-06 00:00:00,2026-03-08 00:00:00,2026-03-28 00:00:00,2.0,20.0,False,,True,Other/Unclassified,Fraud Suspected,User claims account was compromised before transaction.,Open,Medium,Chatbot
CBK0002735,TXN00012810,False,USR90720,MCH4590,2026-02-22 05:46:00,2026-02-24 00:00:00,2026-03-17 00:00:00,1.7597222222222222,21.0,False,,True,Account Takeover / Unauthorized,login compromised,Customer says transaction was not authorized.,Closed,Medium,Chatbot
CBK0001939,TXN00006912,False,USR22979,MCH8217,,,2026-03-05 00:00:00,,,False,1089.06,False,Item/Service Not Delivered,no service,Payment made to unknown merchant as per customer statement.,Resolved,Low,Chatbot
CBK0000410,TXN00007326,False,USR30157,MCH1136,,,2026-03-17 15:14:18,,,False,185.0,False,General Complaint / Dispute,customer issue,User claims account was compromised before txn.,Open,Medium,Chatbot
CBK0002377,TXN00019402,False,USR94040,MCH1653,2026-01-11 00:00:00,2026-01-19 13:52:07,2026-01-23 00:00:00,8.577858796296296,3.4221412037037036,False,,True,General Complaint / Dispute,customer issue,Payment made to unknown merchant as per customer statement. pls check asap,Pending Bank,Medium,Branch
CBK0000242,,True,USR53192,MCH9729,2026-02-13 09:46:00,2026-02-16 08:46:14,2026-03-04 00:00:00,2.9584953703703705,15.634560185185185,False,1995.28,False,Duplicate Debit,Duplicate Debit,Merchant service was not delivered after payment.,Resolved,Medium,App
CBK0002679,,True,USR57460,MCH6850,2026-02-27 00:00:00,2026-03-05 00:00:00,,6.0,,False,1271.0,False,Other/Unclassified,incorrect amount,user says upi pin was not entered by them.,Rejected,Medium,Chatbot
CBK0002231,TXN00010167,False,USR37981,MCH7715,2026-03-08 00:00:00,2026-03-10 09:30:28,2026-04-08 00:00:00,2.3961574074074075,28.603842592592592,False,,True,General Complaint / Dispute,Customer Dispute,Customer says amount was debited twice.,In Progress,Medium,Chatbot
CBK0000843,TXN00014470,False,USR23820,MCH3842,2026-03-14 00:00:00,2026-03-25 00:04:00,,11.002777777777778,,False,,True,Item/Service Not Delivered,merchant service issue,Complaint received after multiple failed attempts.,Rejected,Low,Call Center
CBK0002206,TXN00009768,False,USR52915,MCH7051,,2026-03-16 00:00:00,2026-03-17 00:10:00,,1.0069444444444444,False,5082.98,False,Account Takeover / Unauthorized,Unauthorized Transaction,Payment made to unknown merchant as per customer statement.,Closed,Critical,Email
CBK0001662,TXN00008240,False,USR43842,MCH7885,2026-01-06 00:00:00,2026-01-08 00:00:00,2026-01-18 19:29:00,2.0,10.811805555555555,False,,True,Item/Service Not Delivered,no service,Merchant service was not delivered after payment.,Resolved,Medium,Branch
CBK0000952,TXN00013323,False,USR46902,MCH2064,,2026-04-24 00:00:00,2026-05-19 00:00:00,,25.0,False,1986.27,False,Item/Service Not Delivered,not delivered,Complaint received after multiple failed attempts.,Open,Medium,Call Center
CBK0002003,TXN00015085,False,USR71636,MCH4256,2026-01-16 00:00:00,2026-01-18 06:11:00,2026-02-09 00:00:00,2.2576388888888888,21.742361111111112,False,,True,Item/Service Not Delivered,Merchant Not Delivered,suspicious high-value payment disputed by customer.,In Progress,Medium,App
CBK0002073,TXN00007227,False,USR23350,MCH8136,,2026-03-02 00:00:00,,,,False,1894.93,False,Amount Mismatch,extra amount deducted,Customer complaint text unclear due to poor call center notes.,Open,Medium,Branch
CBK0002670,TXN00018420,False,USR34122,MCH3807,,2026-03-12 19:55:00,2026-03-28 00:00:00,,15.17013888888889,False,2274.67,False,Item/Service Not Delivered,merchant service issue,Payment made to unknown merchant as per customer statement.,Pending Bank,High,Branch
CBK0002379,TXN00008645,False,USR61509,MCH1914,2026-03-27 00:00:00,2026-03-29 00:00:00,,2.0,,False,,True,Account Takeover / Unauthorized,account hacked,Complaint received after multiple failed attempts.,Rejected,Medium,IVR
CBK0001856,TXN50572,False,USR56512,MCH3100,2026-01-23 00:00:00,2026-02-03 00:00:00,2026-03-02 12:12:00,11.0,27.508333333333333,False,,True,Duplicate Debit,Duplicate Debit,Complaint received after multiple failed attempts.,In Progress,High,App
CBK0001683,TXN00009432,False,USR85334,MCH3739,2026-02-19 00:00:00,2026-03-07 12:06:00,2026-04-05 12:06:35,16.504166666666666,29.000405092592594,False,,True,General Complaint / Dispute,dispute raised,customer says transaction was not authorized.,In Progress,High,Email
CBK0000926,TXN00019409,False,USR27947,MCH3416,2026-02-18 00:00:00,2026-02-19 00:00:00,,1.0,,False,,True,Duplicate Debit,DUP_DEBIT,Customer says transaction was not authorized.,In Progress,Medium,Branch
CBK0000829,TXN00017462,False,USR94805,MCH5980,2026-03-18 00:00:00,2026-05-03 00:00:00,2026-05-29 09:24:00,46.0,26.391666666666666,False,,True,Other/Unclassified,service failed,Merchant service was not delivered after payment.,Resolved,Low,Chatbot
CBK0001800,,True,USR60863,MCH2534,2026-02-26 00:00:00,2026-02-28 00:00:00,,2.0,,False,3882.6,False,Account Takeover / Unauthorized,Account Takeover,Complaint received after multiple failed attempts.,Open,Medium,IVR
CBK0000137,TXN00005904,False,USR86701,MCH6915,2026-03-31 22:33:00,2026-03-31 00:00:00,,-0.9395833333333333,,True,,True,Amount Mismatch,amount mismatch,User claims account was compromised before txn.,Open,High,Chatbot
CBK0000964,TXN00002933,False,USR15536,MCH3177,,2026-01-27 00:00:00,2026-02-15 00:00:00,,19.0,False,1870.77,False,Account Takeover / Unauthorized,login compromised,User says UPI PIN was not entered by them.,Resolved,Medium,Branch
CBK0000751,TXN00008166,False,USR71704,MCH6694,,,2026-02-22 08:23:27,,,False,813.72,False,Account Takeover / Unauthorized,unauthorized_transaction,USER CLAIMS ACCOUNT WAS COMPROMISED BEFORE TRANSACTION.,Rejected,Medium,IVR
CBK0002741,TXN00016493,False,USR97428,MCH9290,,,2026-03-21 00:00:00,,,False,1664.55,False,Account Takeover / Unauthorized,account hacked,Complaint received after multiple failed attempts.,Closed,Low,IVR
CBK0001089,TXN00006872,False,USR78604,MCH7810,2026-01-05 00:00:00,2026-01-21 00:00:00,2026-01-21 00:00:00,16.0,0.0,False,,True,Item/Service Not Delivered,Merchant Not Delivered,Payment made to unknown merchant as per customer statement.,In Progress,Low,IVR
CBK0000168,TXN00010651,False,USR97772,MCH4642,2026-01-19 00:00:00,2026-02-03 00:00:00,2026-03-03 13:11:35,15.0,28.54971064814815,False,,True,Account Takeover / Unauthorized,not done by me,Suspicious high-value payment disputed by customer.,Pending Bank,High,Chatbot
CBK0002682,TXN00000762,False,USR34180,MCH9565,,2026-02-21 00:00:00,,,,False,1083.4,False,Duplicate Debit,DUP_DEBIT,payment made to unknown merchant as per customer statement.,Resolved,High,IVR
CBK0002080,TXN00006502,False,USR17290,MCH6230,2026-01-13 00:00:00,2026-01-16 00:00:00,,3.0,,False,,True,Other/Unclassified,incorrect amount,Suspicious high-value payment disputed by cust.,Open,Critical,Chatbot
CBK0002132,TXN00011912,False,USR73010,MCH4590,,2026-03-29 00:00:00,2026-04-28 00:00:00,,30.0,False,2559.27,False,Other/Unclassified,UNAUTHORISED,USER CLAIMS ACCOUNT WAS COMPROMISED BEFORE TRANSACTION.,Closed,Low,Call Center
CBK0000187,TXN00008581,False,USR85112,MCH9415,2026-02-25 00:00:00,2026-02-28 07:16:11,,3.3029050925925927,,False,,True,General Complaint / Dispute,dispute raised,Payment made to unknown merchant as per customer statement.,In Progress,Medium,IVR
CBK0000650,TXN00004880,False,USR34311,MCH2209,2026-02-21 00:00:00,2026-02-23 00:00:00,,2.0,,False,,True,Account Takeover / Unauthorized,unauthorized_transaction,Customer complaint text unclear due to poor call center notes.,Rejected,Critical,Branch
CBK0002404,TXN00001110,False,USR78155,MCH9798,2026-03-12 00:00:00,2026-03-14 07:44:57,,2.3228819444444446,,False,,True,Item/Service Not Delivered,item not received,Suspicious high-value payment disputed by customer.,Open,Medium,App
CBK0000173,TXN00013826,False,USR31453,MCH4581,2026-01-24 14:20:26,2026-01-28 04:20:00,,3.5830324074074076,,False,,True,General Complaint / Dispute,dispute raised,User says UPI PIN was not entered by them.,Closed,Low,Branch
CBK0000348,TXN00003338,False,USR78803,MCH4683,2026-01-26 00:00:00,2026-01-29 01:18:00,2026-02-22 01:18:55,3.0541666666666667,24.000636574074075,False,,True,Item/Service Not Delivered,no service,Customer complaint text unclear due to poor call center notes. urgent,Closed,Medium,Chatbot
CBK0000932,TXN00003371,False,USR26201,MCH2614,,2026-03-26 00:00:00,,,,False,737.83,False,Other/Unclassified,fraud,Complaint received after multiple failed attempts.,Pending Bank,Low,Call Center
CBK0000791,TXN00007791,False,USR24536,MCH6890,,2026-03-10 00:00:00,2026-04-01 00:00:00,,22.0,False,1735.16,False,Other/Unclassified,FRAUD,Suspicious high-value payment disputed by customer.,In Progress,Low,IVR
CBK0001033,TXN00004562,False,USR35882,MCH9511,2026-02-03 00:00:00,2026-02-10 00:00:00,2026-03-07 00:00:00,7.0,25.0,False,,True,Amount Mismatch,amount mismatch,Merchant service was not delivered after payment.,Pending Bank,High,Chatbot
CBK0001286,TXN00004472,False,USR83523,MCH5954,2026-03-10 08:35:18,2026-03-07 08:35:18,2026-04-05 08:35:00,-3.0,28.999791666666667,True,,True,Item/Service Not Delivered,Merchant Not Delivered,Customer says transaction was not authorized. NA,Pending Bank,Medium,Branch
CBK0000941,TXN00016470,False,USR14844,MCH2266,2026-01-04 00:00:00,2026-01-10 09:49:36,2026-01-10 00:00:00,6.4094444444444445,-0.40944444444444444,False,,True,Other/Unclassified,service failed,Customer says amount was debited twice.,Open,High,Email
CBK0002547,TXN00009614,False,USR83314,MCH4007,,2026-02-12 00:00:00,2026-03-01 00:00:00,,17.0,False,927.07,False,Other/Unclassified,FRAUD,Customer complaint text unclear due to poor call center notes.,Pending Bank,High,IVR
CBK0002700,TXN00018891,False,USR69797,MCH5713,,2026-01-06 00:00:00,2026-02-04 20:17:00,,29.84513888888889,False,2154.46,False,Other/Unclassified,unauth txn,Customer complaint text unclear due to poor call center notes.,Resolved,High,Email
CBK0000167,TXN00012360,False,USR86156,MCH2438,2026-02-01 00:00:00,2026-02-05 00:00:00,2026-02-14 00:00:00,4.0,9.0,False,,True,General Complaint / Dispute,dispute raised,User reports money deducted but merchant denies receiving payment.,Closed,Low,Branch
CBK0001080,TXN00014582,False,USR75735,MCH7856,2026-03-29 00:00:00,2026-04-02 00:00:00,2026-04-11 00:00:00,4.0,9.0,False,,True,Account Takeover / Unauthorized,unauthorized_transaction,User claims account was compromised before transaction.,In Progress,Medium,App
CBK0000608,,True,USR89430,MCH6891,2026-03-03 00:00:00,2026-03-05 00:00:00,,2.0,,False,947.39,False,Item/Service Not Delivered,merchant service issue,Customer complaint text unclear due to poor call center notes.,Rejected,Low,App
CBK0001054,TXN00003450,False,USR95613,MCH4039,2026-03-17 00:00:00,2026-03-19 19:19:00,,2.8048611111111112,,False,,True,Item/Service Not Delivered,no service,Payment made to unknown merchant as per customer statement. details missing,Pending Bank,High,IVR
CBK0000516,TXN00018193,False,USR63557,MCH3988,2026-01-24 00:00:00,2026-01-27 00:00:00,2026-02-25 00:00:00,3.0,29.0,False,,True,Item/Service Not Delivered,Merchant Not Delivered,customer says transaction was not authorized.,Rejected,Low,App
CBK0000831,TXN00013412,False,USR57382,MCH1320,,2026-01-21 00:00:00,2026-02-08 00:00:00,,18.0,False,90.88,False,Item/Service Not Delivered,not delivered,User says UPI PIN was not entered by them.,Rejected,Low,Chatbot
CBK0000753,TXN00011998,False,USR26558,MCH3100,2026-01-24 05:54:36,2026-02-09 00:00:00,2026-02-17 03:54:36,15.75375,8.162916666666666,False,,True,General Complaint / Dispute,complaint,Merchant service was not delivered after payment.,Rejected,Low,IVR
CBK0000230,TXN00008604,False,USR33056,MCH2822,2026-02-21 03:47:49,2026-02-24 00:00:00,2026-03-16 00:00:00,2.8417939814814814,20.0,False,,True,Account Takeover / Unauthorized,Account Takeover,customer complaint text unclear due to poor call center notes.,Pending Bank,High,Chatbot
CBK0001749,TXN00000318,False,USR51808,MCH7982,2026-01-29 15:34:00,2026-03-16 00:00:00,2026-03-25 00:00:00,45.35138888888889,9.0,False,,True,General Complaint / Dispute,Customer Dispute,Payment made to unknown merchant as per customer statement.,Open,Low,App
CBK0001935,TXN00012027,False,USR97416,MCH5463,2026-01-13 00:00:00,2026-01-15 00:00:00,2026-02-13 00:00:00,2.0,29.0,False,,True,Account Takeover / Unauthorized,Unauthorized Transaction,Payment made to unknown merchant as per customer statement.,Resolved,Low,Branch
CBK0002706,TXN00012918,False,USR27107,MCH6044,,,2026-02-04 00:00:00,,,False,2316.9,False,Account Takeover / Unauthorized,unauthorized_transaction,merchant service was not delivered after payment.,Closed,Medium,Chatbot
CBK0002275,TXN00002106,False,USR75120,MCH3728,2026-01-24 13:15:51,2026-01-24 00:00:00,2026-02-20 00:00:00,-0.5526736111111111,27.0,True,,True,Other/Unclassified,UNAUTHORISED,Complaint received after multiple failed attempts.,Pending Bank,Medium,App
CBK0001328,TXN00010089,False,USR22644,MCH2208,2026-03-10 00:00:00,2026-03-13 10:52:00,,3.452777777777778,,False,,True,Amount Mismatch,extra amount deducted,Customer says amount was debited twice.,In Progress,Low,Chatbot
CBK0001846,TXN00008496,False,USR13261,MCH8062,2026-03-13 23:44:00,2026-03-14 00:00:00,2026-03-24 00:00:00,0.011111111111111112,10.0,False,,True,Item/Service Not Delivered,delivery issue,Customer says amount was debited twice.,Closed,Low,Chatbot
CBK0001635,TXN00008467,False,USR70836,MCH6914,2026-03-11 00:00:00,2026-03-14 10:21:00,2026-03-21 00:00:00,3.43125,6.56875,False,,True,Other/Unclassified,scam,Customer says amount was debited twice.,Closed,Medium,Call Center
CBK0001766,,True,USR12686,MCH7267,2026-02-18 00:00:00,2026-02-18 00:00:00,2026-03-20 10:31:04,0.0,30.438240740740742,False,1546.27,False,Account Takeover / Unauthorized,account hacked,User claims account was compromised before transaction.,Resolved,Medium,Chatbot
CBK0000460,TXN00001710,False,USR13062,MCH2803,2026-03-22 00:00:00,2026-04-21 00:00:00,,30.0,,False,,True,Account Takeover / Unauthorized,ATO,customer complaint text unclear due to poor call center notes.,Resolved,Medium,IVR
CBK0002066,TXN00014413,False,USR86472,MCH3992,2026-03-29 00:00:00,2026-04-01 21:21:33,,3.889965277777778,,False,,True,Amount Mismatch,amount mismatch,User reports money deducted but merchant denies receiving payment.,In Progress,Low,IVR
CBK0000855,TXN00013194,False,USR66001,MCH2030,2026-01-06 00:00:00,2026-02-21 00:00:00,,46.0,,False,,True,Account Takeover / Unauthorized,account hacked,User says UPI PIN was not entered by them.,Pending Bank,Medium,Branch
CBK0000647,TXN00019004,False,USR46725,MCH2065,2026-02-07 00:00:00,2026-02-13 17:00:51,2026-02-26 17:00:51,6.7089236111111115,13.0,False,,True,Other/Unclassified,suspicious transaction,Suspicious high-value payment disputed by customer.,In Progress,Medium,Chatbot
CBK0000916,TXN00017437,False,USR25761,MCH9926,2026-01-11 00:00:00,,2026-02-03 20:32:00,,,False,,True,Account Takeover / Unauthorized,login compromised,CUSTOMER SAYS TRANSACTION WAS NOT AUTHORIZED.,In Progress,Medium,App
CBK0002050,TXN00003990,False,USR78005,MCH8100,2026-01-22 20:54:00,2026-01-27 22:54:00,,5.083333333333333,,False,,True,Amount Mismatch,extra amount deducted,Customer says amount was debited twice.,Closed,Medium,Chatbot
CBK0001922,TXN00008651,False,USR68820,MCH5076,2026-01-13 17:01:00,2026-01-18 20:01:00,2026-01-22 00:00:00,5.125,3.1659722222222224,False,,True,Amount Mismatch,extra amount deducted,User claims account was compromised before transaction. call dropped,In Progress,Medium,App
CBK0001047,TXN00016988,False,USR13912,MCH5655,2026-02-25 00:00:00,2026-03-07 00:00:00,2026-03-15 14:47:00,10.0,8.615972222222222,False,,True,Amount Mismatch,extra amount deducted,User claims account was compromised before transaction.,Rejected,Medium,Call Center
CBK0001816,TXN00015001,False,USR18056,MCH5439,2026-01-28 22:09:00,2026-01-31 00:00:00,2026-02-24 00:00:00,2.0770833333333334,24.0,False,,True,Item/Service Not Delivered,merchant service issue,USER REPORTS MONEY DEDUCTED BUT MERCHANT DENIES RECEIVING PAYMENT.,In Progress,High,Branch
CBK0002180,TXN00006743,False,USR42798,MCH5884,2026-01-19 09:16:00,2026-01-21 00:00:00,2026-02-12 00:00:00,1.613888888888889,22.0,False,,True,Other/Unclassified,service failed,Customer complaint text unclear due to poor call center notes.,Open,Medium,Chatbot
CBK0000502,TXN00008686,False,USR99756,MCH7813,2026-01-31 00:00:00,2026-02-08 00:00:00,2026-02-12 11:23:00,8.0,4.4743055555555555,False,,True,Account Takeover / Unauthorized,Unauthorized Transaction,Complaint received after multiple failed attempts. details missing,In Progress,Low,Chatbot
CBK0001303,TXN00010018,False,USR33354,MCH2266,2026-01-05 21:41:53,2026-01-11 00:00:00,2026-01-22 00:00:00,5.095914351851852,11.0,False,,True,Account Takeover / Unauthorized,Account Takeover,USER SAYS UPI PIN WAS NOT ENTERED BY THEM.,Pending Bank,Low,Email
CBK0002413,TXN00012907,False,USR20360,MCH3281,2026-03-28 23:07:22,2026-04-08 00:00:00,,10.036550925925926,,False,,True,Other/Unclassified,Fraud Suspected,user claims account was compromised before transaction.,Rejected,Low,IVR
CBK0000209,TXN59223,False,USR24507,MCH4782,,2026-02-17 00:00:00,,,,False,902.0,False,Duplicate Debit,double debit,Payment made to unknown merchant as per cust statement.,Open,High,App
CBK0002053,TXN00001807,False,USR20076,MCH6717,2026-03-03 11:20:09,,2026-04-04 22:20:00,,,False,,True,Account Takeover / Unauthorized,not done by me,Complaint received after multiple failed attempts.,In Progress,Low,Chatbot
CBK0002665,TXN00001173,False,USR21421,MCH3004,2026-02-24 16:17:15,2026-03-04 00:00:00,2026-03-08 00:00:00,7.321354166666667,4.0,False,,True,Account Takeover / Unauthorized,Unauthorized Transaction,Customer says amount was debited twice.,Closed,Medium,App
CBK0001739,TXN00013116,False,USR38088,MCH8068,,2026-02-22 00:00:00,2026-02-22 20:32:19,,0.8557754629629629,False,1464.53,False,Other/Unclassified,Service Not Provided,Customer complaint text unclear due to poor call center notes.,Closed,Medium,App
CBK0002703,TXN00019588,False,USR14075,MCH4041,2026-01-14 23:39:02,2026-01-25 00:00:00,2026-02-10 14:39:02,10.014560185185186,16.610439814814814,False,,True,General Complaint / Dispute,complaint,PAYMENT MADE TO UNKNOWN MERCHANT AS PER CUSTOMER STATEMENT.,Closed,Medium,Chatbot
CBK0002758,,True,USR60667,MCH2383,2026-03-23 06:19:08,2026-03-25 00:00:00,2026-04-13 00:00:00,1.736712962962963,19.0,False,1225.29,False,Other/Unclassified,fraud,payment made to unknown merchant as per customer statement.,In Progress,Medium,Branch
CBK0000865,TXN00005760,False,USR36182,MCH2554,2026-03-28 00:00:00,2026-03-29 00:00:00,,1.0,,False,,True,Other/Unclassified,incorrect amount,merchant service was not delivered after payment.,Rejected,Medium,Email
CBK0002155,TXN00016461,False,USR71348,MCH4824,2026-02-22 18:14:02,2026-02-25 00:00:00,2026-03-05 00:00:00,2.2402546296296295,8.0,False,,True,Item/Service Not Delivered,Merchant Not Delivered,Complaint received after multiple failed attempts.,Pending Bank,High,IVR
CBK0001388,TXN00008970,False,USR73474,MCH8142,,2026-04-01 12:45:30,,,,False,4522.0,False,Duplicate Debit,Duplicate Debit,CUSTOMER SAYS TRANSACTION WAS NOT AUTHORIZED.,Open,Low,IVR
CBK0002623,,True,USR80824,MCH3492,2026-01-18 14:41:00,2026-02-03 00:00:00,2026-02-21 00:00:00,15.388194444444444,18.0,False,1057.6,False,Other/Unclassified,FRAUD,Suspicious high-value payment disputed by customer.,Rejected,High,App
CBK0000336,TXN00004644,False,USR14768,MCH8391,2026-03-05 00:00:00,2026-03-08 00:00:00,,3.0,,False,,True,Item/Service Not Delivered,item not received,User claims account was compromised before transaction.,Resolved,Low,IVR
CBK0001148,TXN00009676,False,USR60032,MCH8953,2026-01-18 00:00:00,2026-02-03 00:00:00,2026-03-02 08:39:23,16.0,27.360682870370372,False,,True,Account Takeover / Unauthorized,Unauthorized Transaction,User reports money deducted but merchant denies receiving payment.,Resolved,Low,Chatbot
CBK0002699,TXN00004968,False,USR63160,MCH2867,2026-02-09 02:29:10,2026-02-19 10:29:00,2026-02-27 00:00:00,10.333217592592593,7.563194444444444,False,,True,Account Takeover / Unauthorized,ATO,Customer says transaction was not authorized.,In Progress,High,IVR
CBK0002214,,True,USR72691,MCH3098,2026-02-03 00:00:00,2026-02-14 00:01:00,,11.000694444444445,,False,3364.0,False,Item/Service Not Delivered,delivery issue,Payment made to unknown merchant as per customer statement.,Closed,Medium,IVR
CBK0000579,TXN00006902,False,USR30658,MCH8779,,2026-04-09 00:00:00,2026-04-25 00:00:00,,16.0,False,2179.89,False,Amount Mismatch,Wrong Amount,Customer says amount was debited twice.,Closed,Critical,Call Center
CBK0000572,,True,USR58062,MCH2065,2026-02-18 22:15:46,2026-02-24 10:15:46,2026-03-15 00:00:00,5.5,18.57238425925926,False,1849.53,False,Other/Unclassified,UNAUTHORISED,Customer says amount was debited twice.,Closed,Medium,Chatbot
CBK0000517,TXN00001323,False,USR53151,MCH9341,,2026-02-19 00:00:00,2026-02-27 21:24:00,,8.891666666666667,False,7329.0,False,Item/Service Not Delivered,no service,suspicious high-value payment disputed by customer.,Rejected,Low,Branch
CBK0000759,TXN00018597,False,USR54822,MCH1382,,2026-02-14 10:59:54,2026-02-16 10:59:54,,2.0,False,2898.66,False,Account Takeover / Unauthorized,login compromised,Merchant service was not delivered after payment.,Open,Medium,IVR
CBK0001373,TXN00007769,False,USR24681,MCH6081,,2026-02-14 19:34:08,2026-03-12 00:00:00,,25.18462962962963,False,813.25,False,Item/Service Not Delivered,item not received,Suspicious high-value payment disputed by customer.,Resolved,High,Chatbot
CBK0002501,TXN74548,False,USR43280,MCH3768,2026-02-20 00:00:00,2026-02-22 23:25:00,2026-02-27 23:25:00,2.9756944444444446,5.0,False,,True,Item/Service Not Delivered,no service,MERCHANT SERVICE WAS NOT DELIVERED AFTER PAYMENT.,In Progress,Medium,Call Center
CBK0001892,TXN00019135,False,USR46902,MCH3656,2026-02-25 00:00:00,2026-02-28 00:00:00,2026-03-03 00:00:00,3.0,3.0,False,,True,Account Takeover / Unauthorized,unauthorized_transaction,Complaint received after multiple failed attempts.,Open,Medium,Chatbot
CBK0001590,TXN00014261,False,USR66321,MCH8391,2026-01-02 02:08:36,2026-01-07 00:00:00,2026-01-15 00:00:00,4.910694444444444,8.0,False,,True,Item/Service Not Delivered,merchant service issue,Complaint received after multiple failed attempts.,Pending Bank,Medium,IVR
CBK0002713,TXN00016837,False,USR36321,MCH2065,2026-03-09 00:00:00,2026-03-13 00:00:00,2026-03-25 00:00:00,4.0,12.0,False,,True,General Complaint / Dispute,dispute raised,Customer complaint text unclear due to poor call center notes.,Rejected,High,Chatbot
CBK0000607,TXN00007941,False,USR62254,MCH1419,2026-03-01 00:00:00,2026-03-05 05:33:21,,4.231493055555555,,False,,True,Other/Unclassified,suspicious transaction,User reports money deducted but merchant denies receiving payment.,Rejected,Low,Chatbot
CBK0000135,TXN00013531,False,USR33763,MCH2483,,2026-01-22 00:00:00,2026-02-06 00:00:00,,15.0,False,2390.0,False,Item/Service Not Delivered,item not received,User reports money deducted but merchant denies receiving payment.,In Progress,Low,App
CBK0001940,TXN00006894,False,USR19400,MCH3815,,2026-02-26 00:00:00,2026-03-04 00:00:00,,6.0,False,2016.51,False,Item/Service Not Delivered,delivery issue,Customer complaint text unclear due to poor call center notes.,Rejected,High,IVR
CBK0000955,,True,USR66359,MCH2992,2026-03-04 00:00:00,2026-04-18 12:26:19,,45.51827546296296,,False,1214.33,False,Item/Service Not Delivered,delivery issue,Payment made to unknown merchant as per customer statement.,Open,Low,IVR
CBK0002204,TXN00009040,False,USR97137,MCH3202,2026-01-05 13:37:21,2026-01-16 00:00:00,2026-02-15 00:00:00,10.432395833333333,30.0,False,,True,Other/Unclassified,Service Not Provided,Customer says transaction was not authorized.,In Progress,High,Call Center
CBK0000066,TXN00017748,False,USR86707,MCH8350,,2026-02-12 00:00:00,2026-03-06 00:00:00,,22.0,False,1855.0,False,Other/Unclassified,Service Not Provided,Customer complaint text unclear due to poor call center notes. call dropped,Rejected,Low,App
CBK0002071,TXN00006958,False,USR61891,MCH7286,2026-02-13 00:00:00,2026-02-13 00:00:00,,0.0,,False,,True,Other/Unclassified,service failed,Payment made to unknown merchant as per customer statement.,Open,High,IVR
CBK0000099,,True,USR93290,MCH3558,2026-01-11 00:00:00,2026-01-17 00:00:00,,6.0,,False,1317.94,False,Other/Unclassified,Fraud Suspected,User claims account was compromised before transaction.,Resolved,Medium,Email
CBK0001880,TXN00013813,False,USR85610,MCH6626,2026-01-21 00:00:00,2026-03-07 00:00:00,2026-03-19 00:00:00,45.0,12.0,False,,True,Other/Unclassified,scam,Customer says transaction was not authorized.,Rejected,Medium,Chatbot
CBK0002000,TXN00006334,False,USR56042,MCH4130,2026-01-29 15:04:00,2026-02-09 00:00:00,2026-02-09 00:00:00,10.372222222222222,0.0,False,,True,Duplicate Debit,double debit,Customer says amount was debited twice. pls check asap,In Progress,Medium,App
CBK0001218,TXN74714,False,USR28268,MCH1154,,2026-03-30 00:00:00,2026-04-03 00:00:00,,4.0,False,2166.47,False,Item/Service Not Delivered,not delivered,Merchant service was not delivered after payment.,Pending Bank,High,Email
CBK0001382,,True,USR57424,MCH4684,2026-01-02 00:00:00,2026-01-03 00:00:00,2026-02-01 00:00:00,1.0,29.0,False,678.56,False,Other/Unclassified,unauth txn,Customer complaint text unclear due to poor call center notes.,Pending Bank,Low,IVR
CBK0002485,TXN00010063,False,USR21384,MCH6470,2026-03-03 00:00:00,2026-03-05 00:00:00,,2.0,,False,,True,Other/Unclassified,Service Not Provided,complaint received after multiple failed attempts.,In Progress,Medium,Branch
CBK0000390,TXN00006356,False,USR12919,MCH6810,2026-03-23 00:00:00,2026-05-07 00:00:00,2026-06-03 00:00:00,45.0,27.0,False,,True,General Complaint / Dispute,customer issue,User says UPI PIN was not entered by them.,Resolved,Low,Call Center
CBK0001000,,True,USR21798,MCH5980,2026-03-09 00:00:00,2026-03-24 00:00:00,2026-03-28 17:53:00,15.0,4.745138888888889,False,725.0,False,General Complaint / Dispute,dispute raised,USER REPORTS MONEY DEDUCTED BUT MERCHANT DENIES RECEIVING PAYMENT.,In Progress,Critical,Chatbot
CBK0001169,TXN00012596,False,USR40747,MCH2822,,2026-03-14 00:00:00,2026-03-23 00:00:00,,9.0,False,1692.85,False,Other/Unclassified,fraud,Customer says amount was debited twice.,Pending Bank,Low,Email
CBK0000418,TXN00003628,False,USR35882,MCH4473,,2026-04-04 06:41:27,2026-04-06 06:41:00,,1.9996875,False,2430.89,False,Account Takeover / Unauthorized,not done by me,User says UPI PIN was not entered by them.,Pending Bank,Medium,Chatbot
CBK0000526,TXN00006600,False,USR65622,MCH3129,2026-01-28 00:00:00,2026-01-31 21:13:00,2026-02-05 00:00:00,3.884027777777778,4.115972222222222,False,,True,Item/Service Not Delivered,item not received,Customer complaint text unclear due to poor call center notes.,Open,Medium,App
CBK0002543,TXN00001628,False,USR11727,MCH7286,2026-02-09 00:00:00,,2026-02-20 00:00:00,,,False,,True,Amount Mismatch,amount mismatch,Payment made to unknown merchant as per customer statement.,Pending Bank,Medium,IVR
CBK0000921,TXN00009757,False,USR21384,MCH6474,2026-02-12 02:48:37,2026-02-17 09:48:37,2026-03-06 00:00:00,5.291666666666667,16.591238425925926,False,,True,Other/Unclassified,incorrect amount,Merchant service was not delivered after payment.,Rejected,Low,Branch
CBK0000415,TXN00009182,False,USR26627,MCH9291,2026-03-28 00:00:00,2026-03-29 12:42:00,2026-04-16 12:42:25,1.5291666666666666,18.00028935185185,False,,True,Other/Unclassified,incorrect amount,user claims account was compromised before transaction.,Rejected,Medium,IVR
CBK0000303,TXN00015469,False,USR54853,MCH2556,2026-01-11 14:40:00,2026-02-26 00:00:00,,45.388888888888886,,False,,True,Duplicate Debit,DUP_DEBIT,Customer complaint text unclear due to poor call center notes.,In Progress,Medium,Chatbot
CBK0002790,TXN00005364,False,USR44424,MCH3678,2026-02-03 00:00:00,2026-02-05 00:00:00,2026-03-04 00:00:00,2.0,27.0,False,,True,Item/Service Not Delivered,not delivered,PAYMENT MADE TO UNKNOWN MERCHANT AS PER CUSTOMER STATEMENT.,Closed,High,Email
CBK0000951,TXN00000025,False,USR43827,MCH5400,,2026-03-28 00:00:00,2026-04-10 00:00:00,,13.0,False,1302.18,False,Item/Service Not Delivered,delivery issue,Suspicious high-value payment disputed by customer. details missing,Closed,Low,App
CBK0002139,TXN00012172,False,USR85655,MCH2375,2026-01-01 00:00:00,2026-01-02 15:32:47,2026-01-24 00:00:00,1.6477662037037037,21.352233796296296,False,,True,Other/Unclassified,Fraud Suspected,CUSTOMER SAYS TRANSACTION WAS NOT AUTHORIZED.,Rejected,Low,App
CBK0000893,TXN00017214,False,USR89151,MCH7710,2026-03-06 00:00:00,2026-03-08 00:00:00,2026-03-21 00:00:00,2.0,13.0,False,,True,Other/Unclassified,FRAUD,User reports money deducted but merchant denies receiving payment.,Pending Bank,Medium,Email
CBK0001198,TXN00016001,False,USR34436,MCH2936,,2026-02-05 06:11:00,2026-02-22 00:00:00,,16.742361111111112,False,812.93,False,Other/Unclassified,suspicious transaction,Payment made to unknown merchant as per customer statement.,Open,High,Chatbot
CBK0000499,TXN00011216,False,USR26571,MCH5954,2026-01-25 00:00:00,2026-01-25 00:00:00,2026-02-13 00:00:00,0.0,19.0,False,,True,Other/Unclassified,fraud,User reports money deducted but merchant denies receiving payment.,Rejected,High,Email
CBK0002642,TXN00007026,False,USR88352,MCH8311,2026-02-13 00:00:00,2026-02-24 05:34:00,,11.231944444444444,,False,,True,Other/Unclassified,UNAUTHORISED,Suspicious high-value payment disputed by customer.,Closed,Medium,Chatbot
CBK0000978,TXN00006792,False,USR48647,MCH5655,,2026-02-27 00:00:00,2026-03-02 00:00:00,,3.0,False,1704.54,False,Amount Mismatch,extra amount deducted,Customer complaint text unclear due to poor call center notes.,Rejected,Low,Call Center
CBK0001092,TXN00015253,False,USR50458,MCH4725,,2026-03-17 00:00:00,,,,False,1700.27,False,Item/Service Not Delivered,no service,CUSTOMER COMPLAINT TEXT UNCLEAR DUE TO POOR CALL CENTER NOTES.,Pending Bank,Low,Chatbot
CBK0000887,TXN00005845,False,USR53491,MCH4767,2026-01-18 10:49:09,2026-01-21 00:00:00,2026-01-27 00:00:00,2.5492013888888887,6.0,False,,True,General Complaint / Dispute,Customer Dispute,Customer says amount was debited twice.,Pending Bank,Critical,Chatbot
CBK0002036,TXN00014884,False,USR50473,MCH6069,2026-02-20 00:00:00,2026-02-24 00:00:00,2026-03-19 00:00:00,4.0,23.0,False,,True,Duplicate Debit,Duplicate Debit,Customer says amount was debited twice.,In Progress,Medium,IVR
CBK0002472,TXN00013665,False,USR72656,MCH2756,2026-03-04 14:52:38,2026-03-07 00:00:00,2026-04-06 10:52:38,2.3801157407407407,30.453217592592594,False,,True,Amount Mismatch,Wrong Amount,Suspicious high-value payment disputed by customer. pls check asap,Resolved,High,Chatbot
CBK0000606,TXN00009406,False,USR72675,MCH2266,,2026-01-13 16:20:00,2026-01-24 16:20:00,,11.0,False,2488.0,False,Item/Service Not Delivered,no service,Merchant service was not delivered after payment.,Rejected,Medium,IVR
CBK0001229,TXN00014638,False,USR33934,MCH4422,,2026-02-05 03:24:10,,,,False,1064.0,False,Item/Service Not Delivered,item not received,suspicious high-value payment disputed by customer.,Closed,Low,IVR
CBK0001076,TXN00014751,False,USR40036,MCH9461,2026-01-15 00:00:00,2026-01-16 00:00:00,,1.0,,False,,True,Duplicate Debit,double debit,Customer says amount was debited twice.,Pending Bank,Medium,Chatbot
CBK0000847,TXN00010448,False,USR75789,MCH4429,2026-03-26 00:00:00,2026-03-28 00:00:00,2026-03-28 00:00:00,2.0,0.0,False,,True,Account Takeover / Unauthorized,not done by me,User reports money deducted but merchant denies receiving payment.,Rejected,High,Call Center
CBK0000081,TXN00016937,False,USR98012,MCH5770,2026-01-25 00:00:00,2026-01-27 00:00:00,2026-02-05 00:00:00,2.0,9.0,False,,True,Amount Mismatch,amount mismatch,merchant service was not delivered after payment.,Resolved,Medium,Email
CBK0002635,TXN00012235,False,USR39811,MCH4990,2026-02-22 12:05:00,2026-02-24 16:05:00,,2.1666666666666665,,False,,True,Duplicate Debit,double debit,Customer complaint text unclear due to poor call center notes.,Open,Medium,Call Center
CBK0002577,TXN00004121,False,USR90720,MCH8154,2026-01-03 20:31:00,,2026-02-01 00:00:00,,,False,,True,Duplicate Debit,charged twice,Complaint received after multiple failed attempts.,In Progress,High,Chatbot
CBK0000037,TXN00005659,False,USR96672,MCH9397,2026-03-07 00:00:00,2026-03-13 00:00:00,2026-03-18 14:18:00,6.0,5.595833333333333,False,,True,General Complaint / Dispute,customer issue,User reports money deducted but merchant denies receiving payment.,In Progress,Medium,IVR
CBK0001257,,True,USR74209,MCH6057,2026-03-19 00:00:00,2026-03-25 01:08:00,2026-04-14 00:00:00,6.0472222222222225,19.95277777777778,False,2346.56,False,General Complaint / Dispute,customer issue,Complaint received after multiple failed attempts.,Open,Low,Chatbot
CBK0001573,TXN00015673,False,USR29406,MCH4270,2026-02-21 00:00:00,2026-03-01 04:47:00,,8.199305555555556,,False,,True,Other/Unclassified,Fraud Suspected,User says UPI PIN was not entered by them.,Closed,Medium,IVR
CBK0001524,TXN00010627,False,USR65183,MCH5171,2026-02-17 00:00:00,2026-02-18 00:00:00,2026-03-09 00:00:00,1.0,19.0,False,,True,Other/Unclassified,unauth txn,Customer says transaction was not authorized.,Resolved,Low,Branch
CBK0000320,TXN00014355,False,USR27329,MCH4446,2026-03-11 07:51:22,2026-03-07 07:51:22,2026-04-02 07:51:22,-4.0,26.0,True,,True,Duplicate Debit,DUP_DEBIT,Merchant service was not delivered after payment.,Pending Bank,Medium,Chatbot
CBK0000009,TXN00007204,False,USR51727,MCH4175,2026-03-15 00:00:00,2026-03-17 00:00:00,,2.0,,False,,True,Account Takeover / Unauthorized,Account Takeover,Suspicious high-value payment disputed by customer.,Rejected,High,Branch
CBK0001334,TXN00013020,False,USR94669,MCH6850,,2026-03-11 00:00:00,2026-03-27 00:00:00,,16.0,False,2027.64,False,Amount Mismatch,amount mismatch,User reports money deducted but merchant denies receiving payment.,In Progress,Medium,IVR
CBK0002490,,True,USR43455,MCH9521,2026-01-09 00:00:00,2026-01-17 00:00:00,2026-01-29 00:00:00,8.0,12.0,False,1266.0,False,Item/Service Not Delivered,merchant service issue,USER CLAIMS ACCOUNT WAS COMPROMISED BEFORE TRANSACTION.,Resolved,High,Chatbot
CBK0002128,TXN00007497,False,USR22535,MCH7048,2026-02-09 16:05:34,2026-02-10 15:05:00,2026-02-13 00:00:00,0.9579398148148148,2.3715277777777777,False,,True,Other/Unclassified,scam,User claims account was compromised before transaction. urgent,In Progress,High,App
CBK0002238,TXN00002006,False,USR76792,MCH3459,,2026-01-29 00:00:00,2026-02-20 00:00:00,,22.0,False,637.05,False,Item/Service Not Delivered,no service,Payment made to unknown merchant as per customer statement. details missing,Open,Medium,Email
CBK0001778,TXN00019856,False,USR11814,MCH9334,2026-02-02 10:18:46,2026-02-03 21:18:46,2026-02-12 00:00:00,1.4583333333333333,8.111967592592592,False,,True,Account Takeover / Unauthorized,Account Takeover,Complaint received after multiple failed attempts. call dropped,Pending Bank,High,Chatbot
CBK0002768,TXN68399,False,USR40977,MCH2404,,2026-01-31 00:00:00,2026-02-03 07:38:22,,3.3183101851851853,False,562.25,False,Other/Unclassified,UNAUTHORISED,User claims account was compromised before transaction.,Open,High,Chatbot
CBK0000675,TXN00002371,False,USR78353,MCH5277,2026-02-26 00:00:00,2026-03-09 00:00:00,2026-03-10 00:00:00,11.0,1.0,False,,True,Other/Unclassified,Service Not Provided,customer says amount was debited twice.,Rejected,Medium,Email
CBK0002163,TXN00012741,False,USR47358,MCH2822,,2026-03-09 00:00:00,2026-03-31 00:00:00,,22.0,False,863.52,False,Other/Unclassified,unauth txn,Customer complaint text unclear due to poor call center notes.,In Progress,Medium,Chatbot
CBK0002725,TXN00008319,False,USR50664,MCH9581,2026-03-01 00:00:00,2026-03-11 00:00:00,2026-03-30 00:00:00,10.0,19.0,False,,True,Account Takeover / Unauthorized,Unauthorized Transaction,User reports money deducted but merchant denies receiving payment.,Closed,Low,Chatbot
CBK0002084,TXN83297,False,USR66974,MCH7833,2026-03-30 13:13:00,2026-04-05 00:00:00,,5.449305555555555,,False,,True,Account Takeover / Unauthorized,not done by me,Payment made to unknown merchant as per cust statement.,In Progress,High,IVR
CBK0000928,TXN00008356,False,USR74115,MCH9582,2026-02-16 00:00:00,2026-02-21 00:00:00,2026-03-17 17:43:22,5.0,24.738449074074072,False,,True,Other/Unclassified,Service Not Provided,User claims account was compromised before transaction. NA,Closed,Medium,Chatbot
CBK0000496,TXN00005986,False,USR21449,MCH1486,,2026-01-23 00:00:00,2026-02-13 00:00:00,,21.0,False,6879.04,False,General Complaint / Dispute,Customer Dispute,User claims account was compromised before transaction. call dropped,Open,High,Call Center
CBK0001887,TXN00011174,False,USR84917,MCH4909,,2026-03-01 00:00:00,,,,False,2412.7,False,General Complaint / Dispute,Customer Dispute,User reports money deducted but merchant denies receiving payment.,Pending Bank,Medium,IVR
CBK0002070,TXN00002337,False,USR40538,MCH4812,2026-02-24 00:00:00,2026-03-07 00:00:00,2026-03-11 06:38:28,11.0,4.2767129629629625,False,,True,Other/Unclassified,scam,Merchant service was not delivered after payment.,Closed,Critical,Branch
CBK0001027,TXN00002451,False,USR57852,MCH2510,2026-03-01 00:00:00,2026-03-07 00:00:00,,6.0,,False,,True,Account Takeover / Unauthorized,not done by me,Customer complaint text unclear due to poor call center notes.,Resolved,Medium,Call Center
CBK0001670,TXN00018666,False,USR83277,MCH7513,,2026-03-06 00:00:00,2026-03-25 00:00:00,,19.0,False,1677.0,False,Other/Unclassified,unauth txn,Suspicious high-value payment disputed by customer.,Open,Medium,Branch
CBK0002027,TXN00002894,False,USR72952,MCH7286,2026-01-10 00:00:00,2026-01-10 21:26:42,2026-02-08 00:00:00,0.8935416666666667,28.106458333333332,False,,True,General Complaint / Dispute,customer issue,Customer says amount was debited twice. pls check asap,In Progress,Medium,Chatbot
CBK0002354,TXN00009248,False,USR72500,MCH5264,2026-01-14 00:00:00,2026-01-17 03:47:00,2026-02-07 00:00:00,3.157638888888889,20.84236111111111,False,,True,Other/Unclassified,incorrect amount,user claims account was compromised before transaction.,Resolved,Critical,Email
CBK0001875,TXN00017156,False,USR39926,MCH4882,2026-02-11 00:00:00,2026-02-15 05:57:47,2026-03-12 05:57:00,4.248460648148148,24.99945601851852,False,,True,Account Takeover / Unauthorized,login compromised,user reports money deducted but merchant denies receiving payment.,Rejected,Medium,App
CBK0002037,TXN00000736,False,USR80842,MCH3769,2026-03-15 00:00:00,2026-03-11 00:00:00,2026-03-22 00:00:00,-4.0,11.0,True,,True,Account Takeover / Unauthorized,account hacked,User reports money deducted but merchant denies receiving payment.,In Progress,Low,Chatbot
CBK0002144,TXN00008909,False,USR70631,MCH6347,,2026-01-14 00:00:00,,,,False,660.0,False,Account Takeover / Unauthorized,Unauthorized Transaction,Customer complaint text unclear due to poor call center notes.,Resolved,Low,Call Center
CBK0000755,TXN00002595,False,USR34052,MCH5808,2026-03-28 00:00:00,2026-03-29 00:00:00,2026-04-27 22:33:32,1.0,29.939953703703704,False,,True,Account Takeover / Unauthorized,not done by me,Suspicious high-value payment disputed by customer.,Pending Bank,High,Chatbot
CBK0001201,TXN00014054,False,USR85014,MCH7286,2026-03-15 00:00:00,2026-03-15 00:00:00,2026-03-27 08:14:00,0.0,12.343055555555555,False,,True,Item/Service Not Delivered,Merchant Not Delivered,Complaint received after multiple failed attempts.,Closed,Low,Chatbot
CBK0002299,TXN00012406,False,USR13926,MCH9166,2026-01-11 00:00:00,2026-01-12 05:57:06,,1.247986111111111,,False,,True,Item/Service Not Delivered,Merchant Not Delivered,Customer says transaction was not authorized. urgent,In Progress,Low,IVR
CBK0000807,TXN00017317,False,USR77247,MCH5805,,2026-01-13 05:52:57,,,,False,8056.19,False,Other/Unclassified,incorrect amount,User claims account was compromised before transaction. pls check asap,In Progress,Medium,Chatbot
CBK0001534,TXN00017134,False,USR12661,MCH2383,2026-03-17 01:16:59,2026-03-18 15:16:59,2026-03-24 15:16:00,1.5833333333333333,5.999317129629629,False,,True,Account Takeover / Unauthorized,Unauthorized Transaction,Customer says transaction was not authorized.,Resolved,Low,Branch
CBK0001758,TXN00014222,False,USR16922,MCH6546,,2026-03-16 00:00:00,2026-03-17 00:00:00,,1.0,False,2187.0,False,Amount Mismatch,extra amount deducted,Customer says amount was debited twice.,Rejected,Low,Chatbot
CBK0000750,TXN00010355,False,USR45600,MCH5980,2026-02-24 00:33:16,2026-03-03 00:00:00,,6.976898148148148,,False,,True,Item/Service Not Delivered,item not received,Complaint received after multiple failed attempts.,Closed,Medium,Email
CBK0002782,TXN00004814,False,USR53828,MCH2822,2026-03-09 04:06:54,2026-03-19 07:06:00,,10.124375,,False,,True,Other/Unclassified,fraud,Payment made to unknown merchant as per cust statement.,Rejected,Low,Branch
CBK0001885,,True,USR59329,MCH5331,2026-01-26 00:00:00,2026-01-31 00:00:00,2026-02-02 00:00:00,5.0,2.0,False,1908.88,False,Other/Unclassified,fraud,user says upi pin was not entered by them.,Rejected,High,IVR
CBK0002654,TXN00013866,False,USR55262,MCH4226,2026-03-25 00:00:00,2026-04-09 21:53:19,2026-04-13 21:53:19,15.912025462962964,4.0,False,,True,Account Takeover / Unauthorized,Account Takeover,Payment made to unknown merchant as per customer statement.,Rejected,Low,Chatbot
CBK0001869,TXN00000074,False,USR49567,MCH3266,2026-02-18 00:00:00,2026-02-23 23:56:04,2026-03-18 00:00:00,5.997268518518519,22.002731481481483,False,,True,Amount Mismatch,Wrong Amount,Customer says transaction was not authorized. urgent,Resolved,Medium,IVR
CBK0001386,TXN00012491,False,USR83236,MCH4552,2026-01-21 00:00:00,2026-01-22 17:32:00,2026-02-06 17:32:51,1.7305555555555556,15.000590277777778,False,,True,Other/Unclassified,Service Not Provided,User reports money deducted but merchant denies receiving payment.,Closed,Medium,Branch
CBK0002560,TXN00010384,False,USR77352,MCH2786,,2026-01-10 00:00:00,2026-01-26 00:00:00,,16.0,False,2047.46,False,General Complaint / Dispute,complaint,Merchant service was not delivered after payment.,In Progress,Medium,Branch
CBK0000498,TXN00013816,False,USR55662,MCH9760,2026-03-16 00:00:00,2026-03-20 05:14:03,2026-04-13 00:00:00,4.218090277777778,23.781909722222224,False,,True,Other/Unclassified,UNAUTHORISED,Customer complaint text unclear due to poor call center notes.,Resolved,Low,IVR
CBK0001378,TXN00013740,False,USR53440,MCH5264,2026-02-03 00:00:00,2026-02-06 00:00:00,2026-02-12 00:00:00,3.0,6.0,False,,True,Amount Mismatch,amount mismatch,Suspicious high-value payment disputed by customer.,In Progress,Low,Email
CBK0002318,TXN00011955,False,USR35555,MCH3810,2026-03-22 10:52:40,2026-03-26 00:00:00,,3.546759259259259,,False,,True,General Complaint / Dispute,dispute raised,Suspicious high-value payment disputed by customer. call dropped,Pending Bank,Low,App
CBK0000506,TXN00018031,False,USR67892,MCH2770,2026-01-19 00:00:00,2026-01-22 05:45:24,2026-02-18 00:00:00,3.2398611111111113,26.76013888888889,False,,True,Amount Mismatch,extra amount deducted,User reports money deducted but merchant denies receiving payment.,Rejected,Medium,Call Center
CBK0002324,TXN00016940,False,USR80407,MCH7916,2026-02-12 00:00:00,2026-02-14 00:00:00,2026-03-13 13:19:00,2.0,27.554861111111112,False,,True,Item/Service Not Delivered,item not received,Customer complaint text unclear due to poor call center notes.,Closed,Low,App
CBK0000363,TXN00014836,False,USR62092,MCH3992,2026-03-22 00:00:00,2026-04-06 00:00:00,2026-04-28 12:09:00,15.0,22.50625,False,,True,General Complaint / Dispute,dispute raised,user reports money deducted but merchant denies receiving payment.,Resolved,Low,Chatbot
CBK0000315,TXN00011615,False,USR67684,MCH9052,2026-01-30 19:19:00,2026-01-31 14:19:59,,0.792349537037037,,False,,True,Other/Unclassified,fraud,merchant service was not delivered after payment.,Resolved,Medium,Chatbot
CBK0001678,TXN00013912,False,USR44975,MCH7114,2026-01-18 00:00:00,2026-01-19 00:00:00,2026-02-10 00:00:00,1.0,22.0,False,,True,Item/Service Not Delivered,Merchant Not Delivered,Customer says amount was debited twice.,Open,Medium,IVR
CBK0000469,TXN00002630,False,USR94595,MCH7286,2026-03-05 13:56:13,2026-03-07 00:00:00,,1.4192939814814816,,False,,True,Account Takeover / Unauthorized,unauthorized_transaction,Complaint received after multiple failed attempts. call dropped,Pending Bank,Low,Chatbot
CBK0002536,TXN00009622,False,USR33596,MCH3032,2026-03-03 00:00:00,,2026-03-17 00:16:23,,,False,,True,Account Takeover / Unauthorized,ATO,User reports money deducted but merchant denies receiving payment.,Open,High,App
CBK0001814,TXN00002883,False,USR42970,MCH2296,2026-03-03 18:11:00,,2026-03-26 00:00:00,,,False,,True,Duplicate Debit,charged twice,USER SAYS UPI PIN WAS NOT ENTERED BY THEM.,Open,High,Call Center
CBK0001501,TXN00010823,False,USR14938,MCH1880,2026-01-10 21:26:00,2026-01-11 07:26:55,,0.41730324074074077,,False,,True,Duplicate Debit,DUP_DEBIT,Complaint received after multiple failed attempts.,Open,Medium,App
CBK0000021,TXN00013452,False,USR44435,MCH8391,2026-02-18 00:00:00,2026-03-06 00:25:19,,16.01758101851852,,False,,True,Other/Unclassified,Fraud Suspected,User reports money deducted but merchant denies receiving payment.,In Progress,Medium,IVR
CBK0001037,TXN98409,False,USR20076,MCH8779,,2026-01-09 22:50:47,2026-01-11 00:00:00,,1.0480671296296296,False,645.47,False,Amount Mismatch,extra amount deducted,Suspicious high-value payment disputed by customer.,Open,High,Branch
CBK0000280,TXN00006257,False,USR14813,MCH5918,,2026-01-05 00:00:00,2026-01-30 01:29:00,,25.061805555555555,False,350.52,False,Item/Service Not Delivered,no service,User says UPI PIN was not entered by them.,Closed,Medium,Email
CBK0001345,TXN00016061,False,USR71319,MCH7074,2026-01-02 00:00:00,2026-01-05 00:00:00,2026-01-24 00:00:00,3.0,19.0,False,,True,Other/Unclassified,service failed,USER SAYS UPI PIN WAS NOT ENTERED BY THEM.,Rejected,Medium,IVR
CBK0001476,TXN00009355,False,USR74753,MCH9250,,2026-01-17 07:44:00,2026-01-18 00:00:00,,0.6777777777777778,False,2786.42,False,Amount Mismatch,Wrong Amount,User reports money deducted but merchant denies receiving payment.,Resolved,Medium,IVR
CBK0001211,,True,USR53527,MCH4848,2026-03-27 00:00:00,2026-03-29 12:22:56,2026-04-11 00:00:00,2.515925925925926,12.484074074074075,False,988.08,False,Other/Unclassified,scam,Complaint received after multiple failed attempts.,Open,High,App
CBK0001026,TXN00009371,False,USR52820,MCH8391,2026-01-02 00:00:00,2026-01-03 00:00:00,2026-01-25 00:00:00,1.0,22.0,False,,True,Other/Unclassified,fraud,Suspicious high-value payment disputed by customer.,In Progress,Critical,IVR
CBK0000587,TXN00007285,False,USR87500,MCH1569,,2026-02-01 08:40:00,2026-02-21 00:00:00,,19.63888888888889,False,4196.87,False,Duplicate Debit,double debit,User says UPI PIN was not entered by them.,Resolved,High,Chatbot
CBK0002323,,True,USR71935,MCH3538,2026-02-07 00:00:00,2026-03-09 06:02:09,2026-03-16 00:00:00,30.251493055555557,6.748506944444444,False,2538.09,False,Account Takeover / Unauthorized,unauthorized_transaction,Suspicious high-value payment disputed by customer. call dropped,In Progress,Low,Email
CBK0002022,TXN00011522,False,USR85266,MCH4641,,,2026-05-01 00:00:00,,,False,1768.79,False,Item/Service Not Delivered,item not received,User claims account was compromised before transaction.,Pending Bank,Medium,App
CBK0001784,TXN00013078,False,USR21865,MCH5686,,2026-03-11 16:33:33,2026-03-25 00:00:00,,13.310034722222222,False,26923.0,False,General Complaint / Dispute,Customer Dispute,Complaint received after multiple failed attempts.,In Progress,Medium,Call Center
CBK0000416,TXN00011455,False,USR31649,MCH3367,2026-03-15 00:00:00,2026-03-17 00:00:00,2026-03-19 00:00:00,2.0,2.0,False,,True,Other/Unclassified,fraud,User claims account was compromised before transaction.,Resolved,Medium,Branch
CBK0002272,TXN00008542,False,USR97580,MCH5904,2026-01-12 05:13:00,2026-01-14 00:00:00,2026-01-21 00:00:00,1.7826388888888889,7.0,False,,True,Other/Unclassified,service failed,Customer says amount was debited twice.,Pending Bank,Medium,Chatbot
CBK0000713,TXN00015731,False,USR42970,MCH8779,2026-02-08 00:00:00,2026-02-11 00:00:00,2026-03-03 18:11:53,3.0,20.758252314814815,False,,True,General Complaint / Dispute,customer issue,user says upi pin was not entered by them.,Open,High,Email
CBK0000601,TXN00017368,False,USR21789,MCH8779,2026-02-07 00:00:00,2026-02-12 00:00:00,2026-02-26 00:00:00,5.0,14.0,False,,True,Item/Service Not Delivered,merchant service issue,Customer complaint text unclear due to poor call center notes.,In Progress,Medium,Branch
CBK0001823,,True,USR32406,MCH8595,2026-02-13 04:08:53,2026-02-16 21:08:53,2026-03-10 00:00:00,3.7083333333333335,21.11883101851852,False,3940.26,False,Amount Mismatch,extra amount deducted,Customer complaint text unclear due to poor call center notes.,Pending Bank,Low,Email
CBK0001537,TXN00001929,False,USR74377,MCH4082,,2026-01-26 14:10:44,2026-02-19 00:00:00,,23.409212962962965,False,1412.21,False,General Complaint / Dispute,dispute raised,Merchant service was not delivered after payment.,In Progress,Low,App
CBK0000206,TXN00019710,False,USR39190,MCH6651,,2026-01-25 16:01:33,2026-02-01 16:01:33,,7.0,False,739.61,False,Item/Service Not Delivered,no service,Payment made to unknown merchant as per customer statement.,Closed,High,App
CBK0002305,TXN00008366,False,USR55382,MCH4721,,2026-03-04 00:00:00,,,,False,1671.34,False,Other/Unclassified,scam,Suspicious high-value payment disputed by customer.,Closed,High,App
CBK0001299,TXN00006246,False,USR98736,MCH5076,,2026-02-09 00:00:00,,,,False,1584.81,False,Duplicate Debit,charged twice,Complaint received after multiple failed attempts.,In Progress,Medium,Branch
CBK0000237,TXN00009246,False,USR24926,MCH2943,,2026-04-12 00:00:00,2026-05-02 00:00:00,,20.0,False,1644.04,False,Item/Service Not Delivered,delivery issue,Suspicious high-value payment disputed by customer.,Pending Bank,Low,Chatbot
CBK0001044,TXN00017041,False,USR46644,MCH2822,2026-03-16 00:00:00,2026-03-17 00:00:00,,1.0,,False,,True,Account Takeover / Unauthorized,ATO,PAYMENT MADE TO UNKNOWN MERCHANT AS PER CUSTOMER STATEMENT.,In Progress,Medium,Chatbot
CBK0000710,TXN00012306,False,USR86472,MCH2032,2026-02-08 00:00:00,2026-02-09 14:17:35,,1.5955439814814816,,False,,True,Item/Service Not Delivered,item not received,Customer says amount was debited twice.,Pending Bank,Low,IVR
CBK0000962,,True,USR21384,MCH8160,2026-03-09 00:00:00,2026-03-12 00:00:00,2026-03-25 00:00:00,3.0,13.0,False,6282.15,False,Account Takeover / Unauthorized,not done by me,Customer says amount was debited twice. pls check asap,Closed,Medium,Chatbot
CBK0001550,TXN00019667,False,USR69706,MCH1489,2026-03-16 00:00:00,2026-03-17 23:14:00,2026-03-30 00:00:00,1.9680555555555554,12.031944444444445,False,,True,General Complaint / Dispute,complaint,Complaint received after multiple failed attempts.,In Progress,Medium,Chatbot
CBK0000271,TXN00002677,False,USR94094,MCH6810,2026-01-07 08:03:00,,2026-01-30 00:00:00,,,False,,True,General Complaint / Dispute,dispute raised,Payment made to unknown merchant as per customer statement.,Pending Bank,Medium,Email
CBK0001882,TXN00001309,False,USR58639,MCH2755,2026-01-27 00:00:00,2026-01-29 03:01:00,,2.1256944444444446,,False,,True,Account Takeover / Unauthorized,account hacked,suspicious high-value payment disputed by customer.,Pending Bank,High,Email
CBK0000535,TXN00013922,False,USR57069,MCH3346,2026-02-27 00:00:00,2026-03-04 00:00:00,2026-03-12 22:10:12,5.0,8.92375,False,,True,Account Takeover / Unauthorized,login compromised,Customer complaint text unclear due to poor call center notes.,In Progress,Medium,App
CBK0001704,TXN00005100,False,USR11419,MCH1320,2026-03-11 00:00:00,2026-03-19 18:04:00,2026-03-22 18:04:40,8.752777777777778,3.000462962962963,False,,True,Account Takeover / Unauthorized,account hacked,User reports money deducted but merchant denies receiving payment.,In Progress,Low,Chatbot
CBK0000152,TXN56695,False,USR13925,MCH6810,2026-03-24 11:00:00,2026-03-19 11:00:00,2026-04-13 11:00:46,-5.0,25.00053240740741,True,,True,Other/Unclassified,UNAUTHORISED,Suspicious high-value payment disputed by customer.,Open,High,Email
CBK0000389,TXN00015997,False,USR38082,MCH5891,,2026-02-27 01:44:30,2026-03-04 01:44:00,,4.9996527777777775,False,1370.91,False,Account Takeover / Unauthorized,not done by me,Customer says amount was debited twice.,Pending Bank,Low,IVR
CBK0001571,TXN00006558,False,USR78593,MCH4215,2026-03-26 00:00:00,2026-04-26 00:00:00,2026-05-07 03:33:21,31.0,11.148159722222223,False,,True,General Complaint / Dispute,complaint,Suspicious high-value payment disputed by customer.,Resolved,Medium,Chatbot
CBK0000663,TXN00002699,False,USR94333,MCH8975,,2026-03-11 00:00:00,,,,False,422.45,False,Account Takeover / Unauthorized,ATO,Complaint received after multiple failed attempts.,Closed,Medium,Email
CBK0002393,TXN00003575,False,USR73909,MCH7833,2026-02-01 00:00:00,,,,,False,,True,Account Takeover / Unauthorized,ATO,Customer says txn was not authorized.,Pending Bank,Low,App
CBK0001205,TXN00000084,False,USR11916,MCH6850,,2026-02-08 00:00:00,,,,False,958.61,False,Account Takeover / Unauthorized,Unauthorized Transaction,Complaint received after multiple failed attempts.,Rejected,Low,Chatbot
CBK0000580,TXN00008617,False,USR62748,MCH9878,,2026-04-03 00:00:00,,,,False,4101.67,False,Duplicate Debit,DUP_DEBIT,Merchant service was not delivered after payment.,Closed,Critical,IVR
CBK0001771,TXN00011619,False,USR17315,MCH2722,2026-01-25 21:15:13,2026-01-26 00:00:00,,0.11443287037037037,,False,,True,Other/Unclassified,service failed,Merchant service was not delivered after payment. call dropped,In Progress,Low,Email
CBK0000783,,True,USR96677,MCH2556,2026-02-23 00:00:00,2026-02-23 00:00:00,,0.0,,False,4726.95,False,Account Takeover / Unauthorized,Account Takeover,User says UPI PIN was not entered by them.,Closed,Medium,Chatbot
CBK0001864,,True,USR51310,MCH8220,2026-03-17 12:10:45,2026-03-23 00:00:00,2026-04-07 00:00:00,5.4925347222222225,15.0,False,464.81,False,Other/Unclassified,scam,Merchant service was not delivered after payment.,Closed,Low,Chatbot
CBK0002388,TXN00018528,False,USR77072,MCH5954,,2026-03-14 00:00:00,2026-03-21 00:00:00,,7.0,False,3336.11,False,Account Takeover / Unauthorized,account hacked,Complaint received after multiple failed attempts.,Resolved,Medium,IVR
CBK0002065,TXN00010646,False,USR10669,MCH3100,2026-01-27 00:00:00,2026-01-29 00:00:00,2026-02-10 00:00:00,2.0,12.0,False,,True,Amount Mismatch,Wrong Amount,Customer says transaction was not authorized. NA,In Progress,Critical,IVR
CBK0001808,TXN00004140,False,USR30844,MCH8779,,2026-02-14 00:00:00,2026-03-04 00:00:00,,18.0,False,378.0,False,General Complaint / Dispute,complaint,User says UPI PIN was not entered by them.,In Progress,Critical,Branch
CBK0001406,TXN00010864,False,USR66856,MCH7459,,2026-03-23 04:34:25,2026-04-20 04:34:25,,28.0,False,2891.42,False,Account Takeover / Unauthorized,Unauthorized Transaction,Customer complaint text unclear due to poor call center notes. pls check asap,Open,High,Chatbot
CBK0000486,TXN00002729,False,USR58335,MCH6810,,2026-01-14 19:40:25,2026-01-30 19:40:00,,15.999710648148149,False,1526.62,False,Amount Mismatch,Wrong Amount,Payment made to unknown merchant as per customer statement.,In Progress,Low,Call Center
CBK0002799,TXN00003221,False,USR38263,MCH3031,,2026-01-30 00:00:00,2026-02-17 00:00:00,,18.0,False,574.0,False,Item/Service Not Delivered,item not received,Merchant service was not delivered after payment.,Resolved,Medium,Email
CBK0000913,TXN00004115,False,USR85406,MCH2832,,2026-03-12 00:00:00,,,,False,1495.6,False,Account Takeover / Unauthorized,not done by me,Merchant service was not delivered after payment.,Rejected,Medium,IVR
CBK0000569,TXN00016196,False,USR24538,MCH2336,2026-01-09 00:00:00,2026-01-10 00:00:00,2026-01-17 00:00:00,1.0,7.0,False,,True,General Complaint / Dispute,customer issue,Suspicious high-value payment disputed by customer.,In Progress,Medium,Email
CBK0001127,TXN00017229,False,USR16037,MCH3572,,2026-02-28 00:00:00,2026-03-06 00:00:00,,6.0,False,796.1,False,Item/Service Not Delivered,delivery issue,Customer says amount was debited twice.,In Progress,Medium,Email
CBK0001112,TXN00013744,False,USR34212,MCH5076,,2026-04-02 00:00:00,,,,False,1223.91,False,Other/Unclassified,UNAUTHORISED,Customer says transaction was not authorized.,Closed,High,Call Center
CBK0000396,TXN00016780,False,USR34997,MCH1351,,2026-01-14 00:00:00,2026-02-12 12:04:00,,29.502777777777776,False,1017.31,False,Account Takeover / Unauthorized,account hacked,User claims account was compromised before transaction. details missing,Open,Low,Call Center
CBK0002426,,True,USR83808,MCH8011,2026-03-30 00:00:00,2026-03-31 00:00:00,,1.0,,False,540.94,False,Item/Service Not Delivered,no service,Customer says transaction was not authorized.,Pending Bank,Medium,IVR
CBK0002739,TXN00017191,False,USR70236,MCH4655,,,,,,False,2345.0,False,Account Takeover / Unauthorized,login compromised,customer says amount was debited twice.,In Progress,Low,Chatbot
CBK0000257,TXN00015440,False,USR53356,MCH6943,2026-01-11 00:00:00,2026-01-13 00:00:00,2026-01-29 00:00:00,2.0,16.0,False,,True,Amount Mismatch,Wrong Amount,Merchant service was not delivered after payment. pls check asap,Open,Medium,IVR
CBK0001523,TXN00010463,False,USR76129,MCH3006,2026-01-15 00:00:00,2026-01-23 03:12:56,,8.13398148148148,,False,,True,Account Takeover / Unauthorized,not done by me,Customer says amount was debited twice.,In Progress,Medium,Call Center
CBK0000892,TXN00019345,False,USR99727,MCH8400,2026-03-06 01:42:03,2026-03-06 00:00:00,,-0.07086805555555556,,True,,True,Account Takeover / Unauthorized,Account Takeover,Merchant service was not delivered after payment.,Pending Bank,Medium,Branch
CBK0002489,,True,USR88037,MCH4590,2026-03-13 00:00:00,2026-03-09 00:00:00,2026-03-17 00:00:00,-4.0,8.0,True,1315.92,False,Duplicate Debit,DUP_DEBIT,Suspicious high-value payment disputed by customer.,Resolved,Medium,Chatbot
CBK0000885,TXN00005367,False,USR25239,MCH2903,,2026-01-29 00:00:00,,,,False,734.0,False,General Complaint / Dispute,complaint,Complaint received after multiple failed attempts.,Resolved,Low,IVR
CBK0001768,,True,USR27328,MCH9291,2026-01-03 00:00:00,2026-01-09 00:00:00,,6.0,,False,7478.21,False,Amount Mismatch,amount mismatch,Suspicious high-value payment disputed by customer.,Resolved,Medium,IVR
CBK0001608,TXN00019683,False,USR20968,MCH4899,2026-02-14 00:00:00,2026-03-02 15:14:00,2026-03-11 00:00:00,16.634722222222223,8.365277777777777,False,,True,General Complaint / Dispute,complaint,USER REPORTS MONEY DEDUCTED BUT MERCHANT DENIES RECEIVING PAYMENT.,In Progress,Medium,Email
CBK0002647,TXN99966,False,USR24761,MCH4392,2026-01-24 00:00:00,2026-01-27 09:02:00,2026-02-20 09:02:00,3.376388888888889,24.0,False,,True,Amount Mismatch,amount mismatch,User reports money deducted but merchant denies receiving payment.,Open,Medium,Branch
CBK0001717,TXN00005246,False,USR87318,MCH2104,2026-03-04 12:35:00,2026-03-08 00:35:05,,3.5000578703703704,,False,,True,Duplicate Debit,charged twice,User says UPI PIN was not entered by them.,Rejected,Low,IVR
CBK0001029,TXN00007595,False,USR85146,MCH5954,,2026-04-03 06:18:10,,,,False,1638.0,False,Duplicate Debit,double debit,User claims account was compromised before txn.,Open,Medium,Chatbot
CBK0001124,TXN00018122,False,USR11419,MCH9594,,2026-05-03 00:00:00,2026-05-27 02:01:00,,24.084027777777777,False,5694.69,False,Duplicate Debit,DUP_DEBIT,Complaint received after multiple failed attempts.,Pending Bank,Medium,App
CBK0001246,TXN00007847,False,USR79175,MCH4181,2026-03-29 17:35:00,2026-04-14 00:00:00,2026-05-14 11:35:52,15.26736111111111,30.48324074074074,False,,True,Amount Mismatch,extra amount deducted,customer says amount was debited twice.,Open,Medium,Chatbot
CBK0002153,TXN34179,False,USR47114,MCH8849,,2026-04-07 00:00:00,2026-04-15 05:48:00,,8.241666666666667,False,3258.82,False,Amount Mismatch,extra amount deducted,SUSPICIOUS HIGH-VALUE PAYMENT DISPUTED BY CUSTOMER.,Pending Bank,Critical,Call Center
CBK0000444,TXN00014743,False,USR56564,MCH2369,2026-02-22 00:00:00,2026-02-26 00:00:00,,4.0,,False,,True,Account Takeover / Unauthorized,account hacked,Customer says transaction was not authorized.,Pending Bank,Medium,Chatbot
CBK0000244,TXN00005487,False,USR31599,MCH6810,2026-02-26 00:00:00,2026-03-01 00:00:00,2026-03-08 00:00:00,3.0,7.0,False,,True,Duplicate Debit,DUP_DEBIT,User claims account was compromised before transaction.,Closed,Medium,Branch
CBK0001695,TXN00007159,False,USR91996,MCH6645,,2026-03-03 14:25:14,,,,False,1034.0,False,Other/Unclassified,Fraud Suspected,Customer says transaction was not authorized. call dropped,Pending Bank,Low,App
CBK0002693,,True,USR66470,MCH7690,2026-02-02 05:38:00,2026-02-17 00:00:00,2026-02-28 15:38:40,14.765277777777778,11.651851851851852,False,1231.18,False,Account Takeover / Unauthorized,login compromised,customer complaint text unclear due to poor call center notes.,Open,Medium,Chatbot
CBK0001453,TXN00012893,False,USR52532,MCH2931,2026-03-06 07:48:50,,2026-03-30 00:00:00,,,False,,True,Amount Mismatch,amount mismatch,Complaint received after multiple failed attempts. details missing,Rejected,Low,IVR
CBK0000708,TXN00014452,False,USR24775,MCH2757,2026-02-17 00:00:00,2026-02-20 21:31:31,2026-03-15 00:00:00,3.896886574074074,22.103113425925926,False,,True,Item/Service Not Delivered,delivery issue,Suspicious high-value payment disputed by customer.,Rejected,Low,IVR
CBK0001527,TXN44508,False,USR35882,MCH5076,2026-03-24 00:00:00,2026-04-01 00:00:00,,8.0,,False,,True,Account Takeover / Unauthorized,login compromised,Customer says transaction was not authorized. details missing,Resolved,Medium,App
CBK0000317,TXN00005496,False,USR91453,MCH1988,2026-02-22 00:00:00,2026-03-25 00:00:00,2026-04-15 00:00:00,31.0,21.0,False,,True,Item/Service Not Delivered,delivery issue,Complaint received after multiple failed attempts.,Resolved,Medium,IVR
CBK0001119,TXN00013564,False,USR13165,MCH8547,2026-01-04 00:00:00,2026-01-04 19:22:27,2026-01-24 00:00:00,0.8072569444444444,19.192743055555557,False,,True,Item/Service Not Delivered,delivery issue,Complaint received after multiple failed attempts. NA,In Progress,Medium,Call Center
CBK0000949,,True,USR50783,MCH9233,2026-01-14 00:00:00,2026-01-25 01:55:00,,11.07986111111111,,False,7400.39,False,Item/Service Not Delivered,delivery issue,Suspicious high-value payment disputed by customer.,In Progress,Medium,IVR
CBK0002386,TXN00014331,False,USR72448,MCH7602,2026-01-20 00:00:00,2026-02-04 00:00:00,2026-02-06 00:00:00,15.0,2.0,False,,True,Account Takeover / Unauthorized,ATO,Suspicious high-value payment disputed by customer.,Open,Medium,Call Center
CBK0002732,TXN00007712,False,USR86991,MCH7765,2026-02-01 00:00:00,2026-02-04 17:09:00,2026-02-12 17:09:22,3.714583333333333,8.00025462962963,False,,True,Other/Unclassified,service failed,Customer says transaction was not authorized.,In Progress,Medium,App
CBK0001049,TXN00019810,False,USR21832,MCH3020,,,2026-04-17 00:00:00,,,False,2801.1,False,Account Takeover / Unauthorized,not done by me,Payment made to unknown merchant as per customer statement.,Resolved,High,Email
CBK0002666,TXN00005307,False,USR63160,MCH3992,2026-02-23 00:09:00,2026-02-24 00:00:00,2026-03-26 17:09:06,0.99375,30.71465277777778,False,,True,General Complaint / Dispute,Customer Dispute,Complaint received after multiple failed attempts.,Closed,Low,App
CBK0001540,TXN00018190,False,USR83597,MCH5264,,2026-02-24 00:00:00,,,,False,3985.84,False,Other/Unclassified,UNAUTHORISED,Customer complaint text unclear due to poor call center notes.,Rejected,Medium,IVR
CBK0001188,,True,USR99905,MCH7881,2026-02-10 09:30:00,2026-02-20 00:00:00,2026-03-05 21:30:45,9.604166666666666,13.896354166666667,False,6211.43,False,Account Takeover / Unauthorized,Unauthorized Transaction,User reports money deducted but merchant denies receiving payment.,Closed,High,IVR
CBK0001154,TXN00007949,False,USR61761,MCH5076,,2026-01-25 17:35:49,2026-02-10 00:00:00,,15.26679398148148,False,2276.53,False,Account Takeover / Unauthorized,account hacked,complaint received after multiple failed attempts.,Resolved,Low,IVR
CBK0001545,TXN00005459,False,USR26201,MCH9867,,2026-02-15 00:00:00,2026-02-21 00:00:00,,6.0,False,2038.0,False,Account Takeover / Unauthorized,Account Takeover,user claims account was compromised before transaction.,Rejected,Low,App
CBK0000411,TXN00003133,False,USR48609,MCH3992,,2026-03-20 00:00:00,2026-04-16 00:00:00,,27.0,False,3287.47,False,Account Takeover / Unauthorized,unauthorized_transaction,complaint received after multiple failed attempts.,Pending Bank,Medium,Email
CBK0000897,,True,USR78326,MCH2266,2026-01-24 00:00:00,2026-01-27 00:00:00,,3.0,,False,1390.61,False,Duplicate Debit,charged twice,User claims account was compromised before transaction.,Closed,Low,Branch
CBK0001938,TXN00010250,False,USR52258,MCH7697,2026-01-29 00:00:00,2026-01-30 00:00:00,2026-02-09 00:00:00,1.0,10.0,False,,True,Account Takeover / Unauthorized,Unauthorized Transaction,Complaint received after multiple failed attempts.,Open,Low,App
CBK0001723,TXN00000941,False,USR58335,MCH7616,,2026-01-07 07:32:40,2026-01-20 00:00:00,,12.685648148148148,False,6049.12,False,Account Takeover / Unauthorized,not done by me,Complaint received after multiple failed attempts.,Closed,Low,Branch
CBK0002244,,True,USR64363,MCH2948,2026-01-03 00:00:00,2026-01-04 00:00:00,,1.0,,False,4378.8,False,Duplicate Debit,Duplicate Debit,USER REPORTS MONEY DEDUCTED BUT MERCHANT DENIES RECEIVING PAYMENT.,Rejected,Medium,Call Center
CBK0002644,TXN00006588,False,USR72024,MCH7102,2026-03-27 00:00:00,,2026-04-20 00:00:00,,,False,,True,General Complaint / Dispute,complaint,Complaint received after multiple failed attempts.,Rejected,Critical,Chatbot
CBK0002519,TXN00002544,False,USR91069,MCH4788,2026-02-23 04:34:00,2026-02-23 00:00:00,,-0.19027777777777777,,True,,True,Other/Unclassified,service failed,User reports money deducted but merchant denies receiving payment.,Resolved,Low,IVR
CBK0001890,,True,USR70787,MCH9165,2026-01-19 00:00:00,2026-01-25 00:00:00,2026-02-24 00:00:00,6.0,30.0,False,594.52,False,Account Takeover / Unauthorized,login compromised,Complaint received after multiple failed attempts.,Closed,Medium,IVR
CBK0000030,TXN00002461,False,USR44431,MCH2413,2026-01-18 06:52:30,2026-01-20 00:00:00,2026-02-05 16:52:30,1.7135416666666667,16.703125,False,,True,Account Takeover / Unauthorized,not done by me,Customer says transaction was not authorized.,Resolved,Low,Branch
CBK0001319,,True,USR87558,MCH8935,2026-03-28 00:00:00,2026-04-13 00:00:00,2026-05-12 00:00:00,16.0,29.0,False,1537.87,False,General Complaint / Dispute,Customer Dispute,User says UPI PIN was not entered by them.,Closed,Medium,Call Center
CBK0000057,TXN00005197,False,USR33934,MCH6452,,,2026-02-08 00:00:00,,,False,5740.0,False,Account Takeover / Unauthorized,account hacked,Customer says transaction was not authorized.,Pending Bank,Medium,Email
CBK0002677,TXN00009096,False,USR31537,MCH8779,2026-02-27 00:00:00,2026-02-28 00:00:00,2026-03-10 08:17:01,1.0,10.345150462962962,False,,True,Other/Unclassified,incorrect amount,Suspicious high-value payment disputed by cust.,Pending Bank,Medium,Branch
CBK0001357,TXN00015990,False,USR49195,MCH1203,2026-01-08 00:00:00,2026-01-23 03:20:00,2026-02-01 00:00:00,15.13888888888889,8.86111111111111,False,,True,Account Takeover / Unauthorized,Account Takeover,Payment made to unknown merchant as per customer statement.,Open,High,App
CBK0000329,TXN00014927,False,USR30489,MCH4948,2026-01-29 17:56:00,2026-03-16 00:00:00,2026-04-08 00:00:00,45.25277777777778,23.0,False,,True,Other/Unclassified,Fraud Suspected,Suspicious high-value payment disputed by customer.,Open,Medium,App
CBK0002246,TXN00009997,False,USR96095,MCH6849,2026-03-28 00:00:00,2026-04-03 00:00:00,2026-04-14 12:51:03,6.0,11.53545138888889,False,,True,Item/Service Not Delivered,Merchant Not Delivered,Merchant service was not delivered after payment.,Rejected,Medium,Chatbot
CBK0002521,TXN00013602,False,USR98636,MCH1574,,2026-03-15 00:00:00,,,,False,2090.68,False,Other/Unclassified,fraud,Merchant service was not delivered after payment.,In Progress,Critical,Chatbot
CBK0002555,TXN00003972,False,USR76553,MCH1320,,2026-01-18 07:02:56,,,,False,4309.44,False,Item/Service Not Delivered,no service,User reports money deducted but merchant denies receiving payment.,Open,Low,Email
CBK0001902,TXN00008905,False,USR53056,MCH5119,,,,,,False,1362.36,False,Amount Mismatch,extra amount deducted,User claims account was compromised before transaction.,Pending Bank,Critical,IVR
CBK0002692,TXN00011494,False,USR52887,MCH1757,2026-01-25 00:00:00,2026-02-05 07:06:20,2026-03-01 00:00:00,11.296064814814814,23.703935185185184,False,,True,Account Takeover / Unauthorized,Account Takeover,PAYMENT MADE TO UNKNOWN MERCHANT AS PER CUSTOMER STATEMENT.,Rejected,Low,IVR
CBK0000821,TXN00001860,False,USR54089,MCH8467,2026-03-21 00:00:00,2026-03-22 00:00:00,,1.0,,False,,True,Account Takeover / Unauthorized,ATO,User reports money deducted but merchant denies receiving payment.,Open,Low,IVR
CBK0000816,TXN00014266,False,USR92332,MCH2146,2026-03-21 11:09:00,2026-03-21 00:00:00,2026-03-25 00:00:00,-0.46458333333333335,4.0,True,,True,General Complaint / Dispute,Customer Dispute,Customer complaint text unclear due to poor call center notes. details missing,Pending Bank,Medium,Branch
CBK0000254,TXN00005010,False,USR40538,MCH5940,,2026-03-08 00:00:00,2026-03-28 00:00:00,,20.0,False,1290.35,False,Account Takeover / Unauthorized,ATO,User claims account was compromised before transaction.,Open,Medium,App
CBK0002531,TXN00018059,False,USR46902,MCH1737,2026-03-06 00:00:00,2026-03-12 00:00:00,,6.0,,False,,True,Other/Unclassified,UNAUTHORISED,Payment made to unknown merchant as per customer statement.,Rejected,Medium,Chatbot
CBK0000956,TXN00001028,False,USR76271,MCH9801,2026-03-30 00:00:00,2026-04-15 11:18:00,2026-04-26 00:00:00,16.470833333333335,10.529166666666667,False,,True,Item/Service Not Delivered,delivery issue,User claims account was compromised before transaction.,Open,Medium,Branch
CBK0000803,,True,USR28353,MCH9017,2026-01-28 20:41:02,2026-02-13 00:00:00,2026-02-23 00:00:00,15.138171296296296,10.0,False,6400.05,False,Item/Service Not Delivered,Merchant Not Delivered,Complaint received after multiple failed attempts. pls check asap,Resolved,High,IVR
CBK0002169,TXN00011212,False,USR87637,MCH5655,2026-01-25 00:00:00,2026-01-28 23:45:00,,3.9895833333333335,,False,,True,Amount Mismatch,Wrong Amount,User says UPI PIN was not entered by them.,Rejected,Medium,Branch
CBK0002265,TXN00008431,False,USR11987,MCH5922,,2026-02-07 23:51:35,2026-03-09 23:51:00,,29.999594907407406,False,1831.96,False,Amount Mismatch,amount mismatch,Customer says transaction was not authorized.,Rejected,Medium,Chatbot
CBK0001515,TXN00000062,False,USR11366,MCH2992,,2026-03-07 14:01:00,2026-04-05 00:00:00,,28.415972222222223,False,330.73,False,Item/Service Not Delivered,merchant service issue,User says UPI PIN was not entered by them.,Closed,Low,Branch
CBK0000328,TXN00011489,False,USR62345,MCH8996,,2026-01-26 04:02:00,2026-01-27 04:02:03,,1.0000347222222221,False,1419.0,False,Account Takeover / Unauthorized,account hacked,Customer says transaction was not authorized.,Closed,Low,Chatbot
CBK0001399,TXN00015053,False,USR20076,MCH5050,2026-02-05 05:08:00,,2026-03-13 05:08:00,,,False,,True,Duplicate Debit,double debit,merchant service was not delivered after payment.,Resolved,Medium,Email
CBK0002580,TXN00004925,False,USR73573,MCH6810,,,2026-03-25 00:00:00,,,False,9977.75,False,Item/Service Not Delivered,no service,User reports money deducted but merchant denies receiving payment.,Rejected,Medium,App
CBK0001499,TXN00016211,False,USR84128,MCH7738,2026-03-02 00:00:00,2026-03-03 00:00:00,2026-03-07 00:00:00,1.0,4.0,False,,True,Duplicate Debit,Duplicate Debit,Payment made to unknown merchant as per customer statement.,Rejected,High,Chatbot
CBK0001819,TXN00014412,False,USR27393,MCH9291,2026-01-16 22:17:46,2026-01-24 00:00:00,,7.070995370370371,,False,,True,Amount Mismatch,extra amount deducted,suspicious high-value payment disputed by customer.,Rejected,Medium,IVR
CBK0000324,TXN00014492,False,USR34540,MCH4590,2026-02-01 00:00:00,2026-02-02 13:49:55,2026-02-25 00:00:00,1.5763310185185184,22.42366898148148,False,,True,Other/Unclassified,Fraud Suspected,user says upi pin was not entered by them.,Resolved,High,Chatbot
CBK0002595,TXN00006136,False,USR28582,MCH5118,,2026-02-14 00:00:00,2026-03-14 00:00:00,,28.0,False,3785.87,False,Item/Service Not Delivered,not delivered,Merchant service was not delivered after payment.,In Progress,Low,IVR
CBK0001565,TXN00019006,False,USR76917,MCH2053,2026-03-20 00:00:00,2026-03-17 00:00:00,,-3.0,,True,,True,Item/Service Not Delivered,merchant service issue,customer says transaction was not authorized.,Rejected,Medium,IVR
CBK0000114,TXN00002182,False,USR85475,MCH8779,2026-02-08 13:27:52,2026-02-09 13:27:52,2026-02-28 00:00:00,1.0,18.43898148148148,False,,True,Amount Mismatch,amount mismatch,user says upi pin was not entered by them.,Resolved,Low,Email
CBK0000153,TXN00000546,False,USR92746,MCH7824,2026-03-01 00:00:00,2026-03-03 19:44:09,2026-03-03 19:44:00,2.822326388888889,-0.00010416666666666667,False,,True,Item/Service Not Delivered,not delivered,Suspicious high-value payment disputed by customer.,Closed,Medium,IVR
CBK0000302,TXN00016585,False,USR38429,MCH2943,2026-03-17 00:00:00,,2026-03-18 00:00:00,,,False,,True,Duplicate Debit,double debit,complaint received after multiple failed attempts.,Pending Bank,Medium,Call Center
CBK0000455,TXN00012649,False,USR42432,MCH9748,,2026-02-25 00:00:00,2026-03-11 21:41:19,,14.90369212962963,False,2202.7,False,Account Takeover / Unauthorized,Account Takeover,Merchant service was not delivered after payment.,In Progress,High,Chatbot
CBK0000372,TXN00010170,False,USR38969,MCH7294,2026-01-03 19:40:32,2026-01-18 00:00:00,,14.180185185185184,,False,,True,General Complaint / Dispute,Customer Dispute,Payment made to unknown merchant as per customer statement.,Resolved,Medium,App
CBK0000763,TXN00005691,False,USR98061,MCH6850,2026-02-11 00:00:00,2026-02-14 22:00:46,2026-03-10 00:00:00,3.917199074074074,23.082800925925927,False,,True,Amount Mismatch,extra amount deducted,Suspicious high-value payment disputed by customer.,Pending Bank,High,Email
CBK0001178,TXN00014094,False,USR27804,MCH3932,2026-02-27 01:30:01,,2026-03-20 12:30:01,,,False,,True,Other/Unclassified,incorrect amount,merchant service was not delivered after payment.,Open,Medium,Chatbot
CBK0002529,TXN00012156,False,USR45756,MCH6446,2026-02-04 00:00:00,2026-02-09 14:09:00,,5.589583333333334,,False,,True,General Complaint / Dispute,customer issue,Complaint received after multiple failed attempts.,Rejected,Medium,Chatbot
CBK0002702,TXN00010278,False,USR59665,MCH8977,2026-03-10 00:00:00,2026-03-16 05:57:07,2026-04-01 05:57:00,6.247997685185185,15.999918981481482,False,,True,Account Takeover / Unauthorized,Unauthorized Transaction,COMPLAINT RECEIVED AFTER MULTIPLE FAILED ATTEMPTS.,Closed,High,IVR
CBK0000093,TXN00009196,False,USR28608,MCH7127,2026-01-20 18:00:00,2026-01-22 00:00:00,2026-02-07 12:00:43,1.25,16.500497685185184,False,,True,Other/Unclassified,Service Not Provided,Suspicious high-value payment disputed by customer.,Pending Bank,Medium,Email
CBK0002309,TXN00012387,False,USR18453,MCH5452,2026-03-02 00:00:00,2026-03-07 00:00:00,,5.0,,False,,True,Duplicate Debit,DUP_DEBIT,Customer complaint text unclear due to poor call center notes. NA,Rejected,Medium,Chatbot
CBK0001097,,True,USR34204,MCH5980,2026-03-11 00:00:00,2026-03-13 00:00:00,2026-03-23 00:00:00,2.0,10.0,False,2968.29,False,Amount Mismatch,amount mismatch,Merchant service was not delivered after payment.,Rejected,Medium,IVR
CBK0000520,TXN00002770,False,USR60151,MCH8249,2026-02-22 00:00:00,2026-02-24 00:00:00,2026-03-23 00:00:00,2.0,27.0,False,,True,Other/Unclassified,incorrect amount,Customer says amount was debited twice.,In Progress,Low,Chatbot
CBK0002415,TXN00007375,False,USR25624,MCH3252,,2026-03-23 00:00:00,2026-04-17 22:41:55,,25.945775462962963,False,4608.0,False,General Complaint / Dispute,complaint,Payment made to unknown merchant as per customer statement.,Resolved,High,Call Center
CBK0000243,TXN00006922,False,USR46902,MCH2461,2026-02-13 00:00:00,2026-02-15 00:00:00,2026-02-17 00:00:00,2.0,2.0,False,,True,Other/Unclassified,suspicious transaction,User claims account was compromised before transaction.,Closed,Low,App
CBK0001921,TXN00018097,False,USR29054,MCH8796,,2026-02-27 00:00:00,2026-03-03 02:06:00,,4.0875,False,2522.66,False,Item/Service Not Delivered,delivery issue,Complaint received after multiple failed attempts.,Closed,High,IVR
CBK0000429,TXN00019661,False,USR97772,MCH3992,2026-02-19 22:56:00,2026-02-21 09:56:09,2026-03-06 00:00:00,1.4584375,12.586006944444444,False,,True,Amount Mismatch,amount mismatch,User reports money deducted but merchant denies receiving payment.,Rejected,Medium,App
CBK0001906,TXN00005849,False,USR68355,MCH6716,2026-03-31 00:00:00,2026-04-02 04:29:55,2026-04-12 00:00:00,2.1874421296296296,9.81255787037037,False,,True,Duplicate Debit,Duplicate Debit,customer says amount was debited twice.,Resolved,Medium,Call Center
CBK0000560,,True,USR33142,MCH4991,2026-03-07 20:06:00,2026-03-08 00:00:00,2026-03-11 00:00:00,0.1625,3.0,False,3235.8,False,Account Takeover / Unauthorized,account hacked,Payment made to unknown merchant as per customer statement.,Resolved,High,Chatbot
CBK0000844,TXN00012434,False,USR60718,MCH5451,,2026-02-26 16:33:00,2026-03-09 00:00:00,,10.310416666666667,False,2898.89,False,Item/Service Not Delivered,merchant service issue,Customer says transaction was not authorized.,Rejected,Medium,Chatbot
CBK0000043,TXN00015200,False,USR15181,MCH4051,2026-02-12 05:01:35,2026-02-15 00:00:00,2026-03-08 00:00:00,2.7905671296296295,21.0,False,,True,Other/Unclassified,incorrect amount,complaint received after multiple failed attempts.,Resolved,Low,IVR
CBK0000870,TXN00013994,False,USR44954,MCH7833,,2026-02-11 00:00:00,2026-02-25 02:46:35,,14.115682870370371,False,522.4,False,Duplicate Debit,DUP_DEBIT,User says UPI PIN was not entered by them.,Rejected,Medium,IVR
CBK0000717,TXN00011204,False,USR82688,MCH4181,2026-03-04 00:00:00,,2026-03-19 06:54:31,,,False,,True,Item/Service Not Delivered,item not received,Customer says transaction was not authorized.,Rejected,High,App
CBK0001861,TXN00008377,False,USR29849,MCH5427,,,2026-03-31 00:00:00,,,False,1274.95,False,Account Takeover / Unauthorized,Unauthorized Transaction,Payment made to unknown merchant as per customer statement.,In Progress,Medium,IVR
CBK0000134,TXN00007757,False,USR87362,MCH3332,2026-03-19 00:00:00,2026-03-24 00:00:00,2026-04-15 22:34:56,5.0,22.940925925925924,False,,True,Item/Service Not Delivered,Merchant Not Delivered,Suspicious high-value payment disputed by customer.,Open,High,Branch
CBK0002476,TXN56546,False,USR63172,MCH4667,2026-03-11 00:00:00,2026-03-14 00:00:00,2026-03-22 00:00:00,3.0,8.0,False,,True,Amount Mismatch,extra amount deducted,User says UPI PIN was not entered by them.,In Progress,Medium,IVR
CBK0002039,TXN00005346,False,USR68277,MCH2065,2026-01-25 00:00:00,2026-01-27 02:10:02,,2.0903009259259258,,False,,True,Account Takeover / Unauthorized,not done by me,Complaint received after multiple failed attempts.,In Progress,Medium,Chatbot
CBK0002049,TXN47225,False,USR73797,MCH2065,2026-02-04 00:00:00,2026-02-05 20:41:10,,1.8619212962962963,,False,,True,Other/Unclassified,incorrect amount,User says UPI PIN was not entered by them.,In Progress,Low,Chatbot
CBK0002441,TXN00007492,False,USR71182,MCH9948,,2026-03-12 00:00:00,,,,False,1969.45,False,Duplicate Debit,Duplicate Debit,Customer says transaction was not authorized.,Open,Low,Chatbot
CBK0002565,TXN00003516,False,USR18591,MCH5076,,2026-01-18 00:00:00,2026-02-12 12:15:00,,25.510416666666668,False,585.31,False,Amount Mismatch,amount mismatch,User claims account was compromised before txn.,Pending Bank,Medium,App
CBK0000456,TXN00009180,False,USR83586,MCH8928,2026-01-19 01:14:49,,2026-02-05 00:00:00,,,False,,True,Other/Unclassified,scam,USER REPORTS MONEY DEDUCTED BUT MERCHANT DENIES RECEIVING PAYMENT.,In Progress,High,Call Center
CBK0002116,TXN00018024,False,USR18423,MCH9655,2026-02-26 02:31:01,2026-02-28 00:00:00,2026-03-21 21:31:01,1.895127314814815,21.896539351851853,False,,True,Item/Service Not Delivered,Merchant Not Delivered,user says upi pin was not entered by them.,Closed,Medium,Chatbot
CBK0002241,TXN00009947,False,USR75572,MCH3262,2026-01-01 00:00:00,2026-01-03 00:00:00,2026-01-07 00:00:00,2.0,4.0,False,,True,Account Takeover / Unauthorized,Account Takeover,Merchant service was not delivered after payment. pls check asap,Open,High,Branch
CBK0001284,TXN00000281,False,USR46321,MCH9422,2026-01-10 00:00:00,,2026-02-11 00:00:00,,,False,,True,Item/Service Not Delivered,item not received,User claims account was compromised before transaction.,Rejected,High,Call Center
CBK0001936,TXN00016714,False,USR63167,MCH9457,2026-01-09 00:00:00,2026-01-12 00:00:00,2026-02-07 00:00:00,3.0,26.0,False,,True,General Complaint / Dispute,complaint,suspicious high-value payment disputed by customer.,Pending Bank,Medium,IVR
CBK0002072,TXN00004967,False,USR42423,MCH8097,2026-02-21 04:46:00,2026-02-24 07:46:00,,3.125,,False,,True,Duplicate Debit,charged twice,Suspicious high-value payment disputed by customer.,Resolved,Low,Call Center
CBK0002133,TXN00010760,False,USR68349,MCH2383,,2026-01-17 03:43:00,2026-02-04 00:00:00,,17.84513888888889,False,1471.98,False,General Complaint / Dispute,complaint,Customer complaint text unclear due to poor call center notes.,In Progress,Medium,Branch
CBK0000672,TXN94670,False,USR23466,MCH2383,,2026-03-19 00:00:00,,,,False,33780.71,False,Duplicate Debit,charged twice,MERCHANT SERVICE WAS NOT DELIVERED AFTER PAYMENT.,In Progress,Low,Email
CBK0002707,TXN00010218,False,USR11076,MCH7833,,2026-01-30 06:18:41,2026-03-01 06:18:00,,29.999525462962964,False,694.0,False,Item/Service Not Delivered,delivery issue,user reports money deducted but merchant denies receiving payment.,Closed,Medium,Branch
CBK0000881,TXN00009647,False,USR95891,MCH5076,2026-03-28 00:00:00,2026-04-01 00:00:00,2026-04-03 01:09:00,4.0,2.0479166666666666,False,,True,Item/Service Not Delivered,merchant service issue,User reports money deducted but merchant denies receiving payment.,In Progress,Medium,IVR
CBK0000515,TXN00005131,False,USR30157,MCH8694,,2026-02-09 07:20:00,,,,False,9968.68,False,General Complaint / Dispute,customer issue,Payment made to unknown merchant as per customer statement.,Open,Medium,Chatbot
CBK0001088,TXN00012038,False,USR14244,MCH5655,2026-01-19 00:00:00,2026-01-23 00:00:00,,4.0,,False,,True,Duplicate Debit,double debit,Customer complaint text unclear due to poor call center notes.,Closed,Low,Email
CBK0001560,TXN00001620,False,USR85566,MCH6810,,2026-03-23 00:00:00,,,,False,1347.82,False,Other/Unclassified,suspicious transaction,Suspicious high-value payment disputed by customer.,Resolved,Low,Chatbot
CBK0001754,TXN00006873,False,USR95486,MCH1520,2026-02-12 00:00:00,2026-02-14 11:52:00,2026-03-12 00:00:00,2.4944444444444445,25.505555555555556,False,,True,Item/Service Not Delivered,item not received,Customer says amount was debited twice. call dropped,Rejected,Critical,Branch
CBK0000283,TXN00017871,False,USR39576,MCH3354,2026-01-17 10:50:06,2026-02-01 00:00:00,,14.548541666666667,,False,,True,Other/Unclassified,fraud,Payment made to unknown merchant as per cust statement.,Rejected,High,IVR
CBK0002796,TXN00001679,False,USR97772,MCH2029,2026-02-27 08:22:56,2026-03-04 14:22:56,2026-03-17 00:00:00,5.25,12.40074074074074,False,,True,Account Takeover / Unauthorized,ATO,Complaint received after multiple failed attempts.,In Progress,Medium,IVR
CBK0000165,TXN00013500,False,USR82240,MCH3046,2026-01-23 09:33:00,2026-03-09 00:00:00,2026-03-16 19:33:00,44.60208333333333,7.814583333333333,False,,True,Duplicate Debit,charged twice,User reports money deducted but merchant denies receiving payment.,Open,Low,IVR
CBK0001712,TXN00007450,False,USR20950,MCH4523,2026-03-24 11:00:00,2026-04-23 00:00:00,2026-04-24 00:00:00,29.541666666666668,1.0,False,,True,Item/Service Not Delivered,delivery issue,Merchant service was not delivered after payment.,Pending Bank,High,Chatbot
CBK0001867,TXN00017191,False,USR13167,MCH3106,2026-03-28 20:09:00,2026-04-01 06:09:00,2026-04-22 00:00:00,3.4166666666666665,20.74375,False,,True,Item/Service Not Delivered,merchant service issue,CUSTOMER COMPLAINT TEXT UNCLEAR DUE TO POOR CALL CENTER NOTES.,Resolved,Medium,Email
CBK0001125,TXN00011934,False,USR25357,MCH8928,2026-02-18 00:00:00,,2026-03-06 11:31:18,,,False,,True,Other/Unclassified,service failed,User claims account was compromised before transaction.,Closed,Medium,Call Center
CBK0000205,TXN00009947,False,USR49302,MCH7335,2026-01-24 11:39:04,2026-02-04 04:39:04,2026-03-05 00:00:00,10.708333333333334,28.806203703703705,False,,True,Other/Unclassified,UNAUTHORISED,Complaint received after multiple failed attempts.,In Progress,Critical,App
CBK0002437,TXN00007105,False,USR45914,MCH3247,2026-03-27 00:00:00,2026-03-27 21:16:00,2026-04-10 00:00:00,0.8861111111111111,13.113888888888889,False,,True,Amount Mismatch,Wrong Amount,Payment made to unknown merchant as per customer statement. details missing,Pending Bank,Medium,Call Center
CBK0001718,TXN33788,False,USR58639,MCH2757,2026-01-06 14:14:30,2026-01-07 00:00:00,2026-01-26 16:14:30,0.4065972222222222,19.67673611111111,False,,True,Amount Mismatch,Wrong Amount,User reports money deducted but merchant denies receiving payment.,Open,Low,Branch
CBK0000637,TXN00005214,False,USR91453,MCH6014,2026-02-06 00:00:00,2026-02-07 00:00:00,2026-03-06 00:00:00,1.0,27.0,False,,True,Item/Service Not Delivered,delivery issue,Suspicious high-value payment disputed by customer.,In Progress,Medium,Chatbot
CBK0001804,TXN00008462,False,USR37261,MCH2030,2026-03-04 19:34:51,2026-03-06 00:00:00,2026-03-11 01:34:51,1.1841319444444445,5.065868055555556,False,,True,Account Takeover / Unauthorized,Unauthorized Transaction,Customer says amount was debited twice.,Rejected,Low,Email
CBK0002550,TXN00001381,False,USR44152,MCH1993,,2026-03-09 00:00:00,,,,False,1001.43,False,Other/Unclassified,incorrect amount,User claims account was compromised before transaction.,In Progress,Low,IVR
CBK0000060,TXN00004672,False,USR95647,MCH3815,,2026-01-09 00:00:00,2026-02-04 00:00:00,,26.0,False,985.98,False,Item/Service Not Delivered,merchant service issue,Suspicious high-value payment disputed by customer.,Resolved,High,IVR
CBK0002395,TXN00010795,False,USR24347,MCH3677,2026-03-30 00:00:00,2026-04-14 00:00:00,2026-05-10 12:23:00,15.0,26.51597222222222,False,,True,Duplicate Debit,Duplicate Debit,User reports money deducted but merchant denies receiving payment.,In Progress,Low,Chatbot
CBK0002622,TXN00018833,False,USR92174,MCH4861,2026-02-05 00:00:00,2026-02-13 13:09:19,2026-02-19 00:00:00,8.548136574074075,5.451863425925926,False,,True,Account Takeover / Unauthorized,unauthorized_transaction,Customer says transaction was not authorized.,Resolved,Critical,Chatbot
CBK0002188,TXN00011115,False,USR83988,MCH3113,,2026-01-03 00:00:00,2026-01-14 02:37:33,,11.109409722222223,False,3037.16,False,General Complaint / Dispute,Customer Dispute,User reports money deducted but merchant denies receiving payment.,Pending Bank,Low,Chatbot
CBK0000504,TXN00008435,False,USR93535,MCH7466,,2026-02-06 00:00:00,2026-03-03 09:34:59,,25.39929398148148,False,755.82,False,Item/Service Not Delivered,not delivered,Customer says amount was debited twice.,Rejected,Medium,Email
CBK0000723,TXN00001222,False,USR96458,MCH9291,2026-01-14 00:00:00,2026-01-16 04:31:14,,2.1883564814814815,,False,,True,Item/Service Not Delivered,merchant service issue,PAYMENT MADE TO UNKNOWN MERCHANT AS PER CUSTOMER STATEMENT.,Resolved,Low,Email
CBK0002396,TXN00000711,False,USR70575,MCH1910,2026-02-25 00:00:00,,,,,False,,True,General Complaint / Dispute,customer issue,User says UPI PIN was not entered by them. NA,Resolved,High,IVR
CBK0000440,TXN00019212,False,USR83469,MCH7067,,2026-01-20 03:57:35,2026-01-28 03:57:35,,8.0,False,2786.25,False,Account Takeover / Unauthorized,login compromised,customer says transaction was not authorized.,Open,Low,Call Center
CBK0000609,TXN00001796,False,USR77277,MCH2970,2026-01-06 00:00:00,2026-01-11 00:00:00,,5.0,,False,,True,Item/Service Not Delivered,delivery issue,User reports money deducted but merchant denies receiving payment.,Closed,Low,Branch
CBK0001899,TXN00000835,False,USR11194,MCH1631,2026-03-27 15:04:48,2026-03-29 00:00:00,,1.3716666666666666,,False,,True,General Complaint / Dispute,dispute raised,Suspicious high-value payment disputed by customer.,Rejected,Low,IVR
CBK0001757,TXN00018643,False,USR46650,MCH2383,2026-02-16 00:00:00,2026-02-19 16:58:00,2026-03-16 00:00:00,3.7069444444444444,24.293055555555554,False,,True,Item/Service Not Delivered,not delivered,User reports money deducted but merchant denies receiving payment.,Open,Low,Chatbot
CBK0002100,TXN00012645,False,USR65267,MCH1601,2026-03-30 00:00:00,2026-04-03 00:00:00,,4.0,,False,,True,Other/Unclassified,suspicious transaction,Customer says transaction was not authorized.,Closed,Low,IVR
CBK0001772,TXN00010231,False,USR49951,MCH4775,2026-01-29 11:52:47,2026-01-30 00:00:00,2026-02-08 00:00:00,0.505011574074074,9.0,False,,True,Account Takeover / Unauthorized,unauthorized_transaction,payment made to unknown merchant as per customer statement.,Rejected,Medium,App
CBK0000340,TXN00006753,False,USR93690,MCH7199,2026-01-18 00:00:00,2026-01-15 19:42:11,2026-01-16 00:00:00,-2.179039351851852,0.17903935185185185,True,,True,Item/Service Not Delivered,merchant service issue,Suspicious high-value payment disputed by customer.,In Progress,Low,App
CBK0000727,TXN00008469,False,USR71348,MCH9319,2026-01-03 19:11:00,2026-01-11 00:00:00,2026-02-04 00:00:00,7.200694444444444,24.0,False,,True,Duplicate Debit,DUP_DEBIT,User says UPI PIN was not entered by them.,Rejected,Medium,App
CBK0002123,TXN00015926,False,USR65059,MCH5703,,2026-03-12 14:21:21,2026-04-07 00:00:00,,25.40184027777778,False,851.0,False,Item/Service Not Delivered,Merchant Not Delivered,User claims account was compromised before transaction.,In Progress,Medium,Chatbot
CBK0002661,TXN00015325,False,USR25636,MCH1585,,2026-02-20 00:00:00,2026-02-21 00:00:00,,1.0,False,5464.95,False,Other/Unclassified,service failed,Merchant service was not delivered after payment.,Rejected,Medium,Call Center
CBK0001483,TXN00004890,False,USR15275,MCH1320,2026-01-06 00:00:00,2026-01-02 00:00:00,,-4.0,,True,,True,Duplicate Debit,charged twice,suspicious high-value payment disputed by customer.,Closed,Low,IVR
CBK0001663,TXN00008414,False,USR40891,MCH1873,2026-02-23 00:00:00,2026-03-01 13:21:00,,6.55625,,False,,True,Item/Service Not Delivered,no service,user says upi pin was not entered by them.,In Progress,High,Chatbot
CBK0000620,TXN00014536,False,USR49473,MCH9291,2026-01-08 10:01:00,2026-01-10 00:00:00,,1.582638888888889,,False,,True,Duplicate Debit,double debit,Suspicious high-value payment disputed by customer.,In Progress,Medium,IVR
CBK0000593,TXN00013111,False,USR25826,MCH9808,2026-02-26 00:00:00,2026-03-05 18:10:06,2026-03-15 00:00:00,7.757013888888889,9.242986111111112,False,,True,Account Takeover / Unauthorized,ATO,Customer says transaction was not authorized.,Open,High,IVR
CBK0000614,TXN00000040,False,USR94585,MCH8779,2026-01-20 00:00:00,2026-01-25 00:00:00,2026-02-10 00:00:00,5.0,16.0,False,,True,Account Takeover / Unauthorized,ATO,Complaint received after multiple failed attempts. call dropped,Resolved,Low,App
CBK0001481,TXN00001735,False,USR85139,MCH3100,2026-02-26 00:00:00,2026-03-28 00:00:00,2026-03-28 00:00:00,30.0,0.0,False,,True,Other/Unclassified,service failed,Merchant service was not delivered after payment.,Closed,Medium,IVR
CBK0002439,TXN00009347,False,USR87914,MCH6751,,2026-03-12 20:47:00,2026-03-24 00:00:00,,11.134027777777778,False,1704.94,False,Amount Mismatch,Wrong Amount,Suspicious high-value payment disputed by customer.,In Progress,Low,IVR
CBK0000267,,True,USR13313,MCH9823,2026-02-09 00:00:00,2026-02-12 00:00:00,2026-03-03 00:00:00,3.0,19.0,False,1878.56,False,Account Takeover / Unauthorized,login compromised,Complaint received after multiple failed attempts.,Closed,Medium,Chatbot
CBK0000869,TXN00011061,False,USR71557,MCH8342,2026-03-03 00:00:00,2026-03-14 00:00:00,2026-04-11 00:00:00,11.0,28.0,False,,True,General Complaint / Dispute,complaint,Merchant service was not delivered after payment.,Closed,Low,Call Center
CBK0002174,,True,USR75213,MCH2779,2026-02-28 00:00:00,2026-04-14 23:11:36,2026-05-10 00:00:00,45.966388888888886,25.03361111111111,False,484.07,False,Account Takeover / Unauthorized,ATO,User reports money deducted but merchant denies receiving payment.,Closed,Medium,Branch
CBK0001504,TXN58280,False,USR46847,MCH9988,,2026-01-31 00:00:00,2026-02-09 22:09:00,,9.922916666666667,False,834.87,False,Duplicate Debit,charged twice,User says UPI PIN was not entered by them.,Open,Medium,Branch
CBK0002051,TXN00008348,False,USR53527,MCH2721,,2026-01-25 00:00:00,2026-02-23 23:19:00,,29.971527777777776,False,7413.72,False,Duplicate Debit,Duplicate Debit,User claims account was compromised before transaction.,Rejected,High,Email
CBK0002551,TXN00011968,False,USR52233,MCH3341,2026-02-12 00:00:00,2026-03-14 00:00:00,2026-03-18 00:00:00,30.0,4.0,False,,True,Account Takeover / Unauthorized,unauthorized_transaction,User says UPI PIN was not entered by them.,In Progress,Medium,Chatbot
CBK0002040,TXN00019376,False,USR95000,MCH8391,,2026-01-09 18:31:00,2026-01-10 00:00:00,,0.22847222222222222,False,439.77,False,Amount Mismatch,Wrong Amount,MERCHANT SERVICE WAS NOT DELIVERED AFTER PAYMENT.,In Progress,High,Branch
CBK0001876,,True,USR39217,MCH8156,2026-03-06 00:00:00,2026-03-21 00:00:00,,15.0,,False,927.0,False,Duplicate Debit,DUP_DEBIT,User claims account was compromised before transaction.,Resolved,Low,Chatbot
CBK0002161,TXN00005572,False,USR72135,MCH4577,2026-01-26 00:00:00,,2026-02-02 04:34:00,,,False,,True,Other/Unclassified,unauth txn,Customer says amount was debited twice.,Rejected,Low,Email
CBK0001364,TXN00018217,False,USR92659,MCH6674,,,2026-01-06 00:00:00,,,False,1300.73,False,General Complaint / Dispute,Customer Dispute,User claims account was compromised before transaction.,Pending Bank,High,Chatbot
CBK0002775,TXN00018203,False,USR60939,MCH9570,,2026-02-12 08:26:59,2026-02-15 08:26:00,,2.9993171296296297,False,1403.54,False,Account Takeover / Unauthorized,Unauthorized Transaction,Complaint received after multiple failed attempts.,Closed,Low,App
CBK0000217,TXN00010428,False,USR35582,MCH8391,,2026-03-17 00:00:00,,,,False,2580.03,False,Other/Unclassified,suspicious transaction,User claims account was compromised before transaction.,Pending Bank,High,Email
CBK0001093,,True,USR43765,MCH9369,2026-02-20 06:25:08,2026-02-21 00:00:00,2026-03-19 00:00:00,0.7325462962962963,26.0,False,1407.25,False,Amount Mismatch,Wrong Amount,Customer says transaction was not authorized.,Open,Medium,IVR
CBK0001276,TXN00003403,False,USR85655,MCH1234,2026-03-14 00:00:00,2026-03-13 00:00:00,,-1.0,,True,,True,General Complaint / Dispute,Customer Dispute,Merchant service was not delivered after payment.,Open,Medium,Call Center
CBK0001234,TXN00011425,False,USR22130,MCH7915,2026-02-07 06:14:00,2026-02-07 00:00:00,2026-03-01 00:00:00,-0.25972222222222224,22.0,True,,True,Other/Unclassified,FRAUD,customer says transaction was not authorized.,Open,Medium,IVR
CBK0001110,TXN00013301,False,USR82155,MCH9291,2026-03-27 08:05:22,2026-03-30 06:05:00,,2.916412037037037,,False,,True,Other/Unclassified,UNAUTHORISED,Complaint received after multiple failed attempts.,Resolved,Medium,Chatbot
CBK0001402,TXN00004276,False,USR93581,MCH2383,2026-01-22 09:19:32,2026-01-28 05:19:32,2026-02-22 00:00:00,5.833333333333333,24.77810185185185,False,,True,Other/Unclassified,Fraud Suspected,User reports money deducted but merchant denies receiving payment.,Open,Medium,IVR
CBK0001139,TXN00009825,False,USR93426,MCH6856,2026-03-03 00:00:00,2026-03-06 14:42:00,2026-03-23 14:42:18,3.6125,17.000208333333333,False,,True,Duplicate Debit,Duplicate Debit,Customer says amount was debited twice. urgent,In Progress,High,App
CBK0001461,,True,USR21469,MCH3425,2026-02-26 00:00:00,2026-02-28 21:04:00,2026-03-24 00:00:00,2.8777777777777778,23.122222222222224,False,1041.71,False,Account Takeover / Unauthorized,Account Takeover,User reports money deducted but merchant denies receiving payment.,In Progress,Low,Branch
CBK0000105,TXN00004321,False,USR86889,MCH1166,,2026-03-27 00:00:00,2026-04-01 06:28:32,,5.269814814814815,False,2032.79,False,Item/Service Not Delivered,not delivered,Customer complaint text unclear due to poor call center notes.,Open,Low,App
CBK0001620,TXN00013592,False,USR47384,MCH9347,,2026-02-08 00:00:00,2026-02-27 09:15:00,,19.385416666666668,False,1528.43,False,Item/Service Not Delivered,no service,User says UPI PIN was not entered by them.,Closed,Low,App
CBK0002509,TXN00002022,False,USR85958,MCH7739,,2026-02-22 16:14:00,2026-03-15 00:00:00,,20.323611111111113,False,7834.45,False,Account Takeover / Unauthorized,not done by me,Merchant service was not delivered after payment.,Resolved,High,Call Center
CBK0000563,TXN00011206,False,USR97772,MCH7503,2026-02-17 00:00:00,2026-02-19 20:32:51,2026-02-28 00:00:00,2.856145833333333,8.143854166666667,False,,True,Duplicate Debit,charged twice,complaint received after multiple failed attempts.,Rejected,Low,Chatbot
CBK0002247,TXN00013006,False,USR65627,MCH4411,2026-02-19 23:35:31,2026-02-21 00:00:00,2026-03-21 00:00:00,1.0170023148148148,28.0,False,,True,Other/Unclassified,FRAUD,User says UPI PIN was not entered by them.,Resolved,Medium,App
CBK0000806,TXN00010423,False,USR91337,MCH8154,,2026-02-25 04:33:00,2026-03-03 00:00:00,,5.810416666666667,False,1285.39,False,Other/Unclassified,Service Not Provided,User reports money deducted but merchant denies receiving payment.,Rejected,Low,App
CBK0000188,TXN00001256,False,USR74352,MCH1724,2026-01-20 03:59:31,2026-01-21 00:00:00,2026-02-01 22:59:00,0.8336689814814815,11.957638888888889,False,,True,Other/Unclassified,incorrect amount,payment made to unknown merchant as per customer statement.,Resolved,Medium,Email
CBK0000810,TXN00008813,False,USR55160,MCH9104,2026-03-15 00:00:00,,,,,False,,True,General Complaint / Dispute,customer issue,User says UPI PIN was not entered by them.,In Progress,Low,Call Center
CBK0000834,TXN00006801,False,USR60701,MCH8625,2026-01-04 16:40:24,2026-01-19 00:00:00,,14.305277777777778,,False,,True,Duplicate Debit,DUP_DEBIT,CUSTOMER SAYS AMOUNT WAS DEBITED TWICE.,Closed,High,IVR
CBK0001484,TXN00014252,False,USR18345,MCH7982,2026-03-15 00:00:00,2026-03-10 00:00:00,,-5.0,,True,,True,General Complaint / Dispute,customer issue,Payment made to unknown merchant as per customer statement.,Open,Critical,App
CBK0000202,TXN00003879,False,USR22628,MCH4977,2026-01-14 00:00:00,2026-01-20 00:00:00,2026-02-05 00:00:00,6.0,16.0,False,,True,Duplicate Debit,double debit,CUSTOMER SAYS TRANSACTION WAS NOT AUTHORIZED.,Pending Bank,Low,IVR
CBK0002262,TXN88490,False,USR30627,MCH2594,,2026-03-17 00:00:00,,,,False,4274.13,False,Item/Service Not Delivered,merchant service issue,User reports money deducted but merchant denies receiving payment. NA,In Progress,High,Chatbot
CBK0000627,TXN00003619,False,USR39542,MCH7650,2026-03-22 00:00:00,2026-03-22 00:00:00,,0.0,,False,,True,Amount Mismatch,amount mismatch,suspicious high-value payment disputed by customer.,Open,Medium,Call Center
CBK0000194,TXN00009105,False,USR80813,MCH3548,2026-03-10 07:37:00,2026-03-12 03:37:00,2026-03-25 00:00:00,1.8333333333333333,12.849305555555556,False,,True,Item/Service Not Delivered,delivery issue,Customer complaint text unclear due to poor call center notes.,Rejected,Low,App
CBK0000345,TXN00007052,False,USR24877,MCH7863,2026-03-07 06:24:54,2026-03-09 00:00:00,2026-03-22 22:24:54,1.7327083333333333,13.933958333333333,False,,True,General Complaint / Dispute,dispute raised,Payment made to unknown merchant as per customer statement.,Pending Bank,Low,Chatbot
CBK0002005,,True,USR66391,MCH8391,2026-03-16 13:33:00,2026-03-24 00:00:00,2026-04-16 00:00:00,7.435416666666667,23.0,False,1171.4,False,Item/Service Not Delivered,no service,customer says amount was debited twice.,Resolved,Low,Chatbot
CBK0001395,TXN00016017,False,USR47363,MCH9787,2026-02-23 00:00:00,2026-02-27 00:00:00,2026-03-24 05:41:00,4.0,25.236805555555556,False,,True,General Complaint / Dispute,dispute raised,User claims account was compromised before transaction.,Open,Medium,Chatbot
CBK0001690,TXN00011230,False,USR60327,MCH9976,2026-02-15 00:00:00,,2026-03-13 00:00:00,,,False,,True,General Complaint / Dispute,complaint,Complaint received after multiple failed attempts.,In Progress,Low,Chatbot
CBK0001192,,True,USR17450,MCH6659,2026-03-24 09:19:34,2026-03-31 00:00:00,2026-04-30 20:19:34,6.611412037037037,30.846921296296298,False,4315.76,False,Other/Unclassified,fraud,CUSTOMER SAYS AMOUNT WAS DEBITED TWICE.,Rejected,Low,IVR
CBK0000169,TXN84777,False,USR83541,MCH9196,2026-03-02 00:00:00,,2026-03-22 00:00:00,,,False,,True,Other/Unclassified,FRAUD,Payment made to unknown merchant as per customer statement.,Open,Medium,App
CBK0002069,TXN00019571,False,USR23992,MCH5315,,2026-03-05 00:00:00,2026-04-04 21:12:20,,30.883564814814815,False,475.0,False,Account Takeover / Unauthorized,unauthorized_transaction,User claims account was compromised before transaction.,Open,Medium,Branch
CBK0001948,TXN00014225,False,USR73728,MCH8953,2026-02-17 00:00:00,2026-02-18 00:00:00,,1.0,,False,,True,Other/Unclassified,UNAUTHORISED,Payment made to unknown merchant as per customer statement.,Open,Medium,Call Center
CBK0000777,,True,USR41853,MCH3327,2026-03-01 00:00:00,,,,,False,7674.18,False,Account Takeover / Unauthorized,Unauthorized Transaction,Customer says amount was debited twice.,In Progress,Low,Chatbot
CBK0001109,TXN00008405,False,USR77137,MCH8779,2026-02-18 00:00:00,2026-02-20 00:00:00,2026-02-28 01:12:00,2.0,8.05,False,,True,Duplicate Debit,DUP_DEBIT,Suspicious high-value payment disputed by customer.,Closed,Medium,App
CBK0002773,TXN00003172,False,USR63475,MCH3441,2026-02-09 00:00:00,2026-02-11 00:00:00,2026-03-03 00:00:00,2.0,20.0,False,,True,Amount Mismatch,Wrong Amount,User reports money deducted but merchant denies receiving payment.,Open,Low,Chatbot
CBK0000301,TXN00016908,False,USR68915,MCH4590,,2026-03-26 00:00:00,2026-03-29 02:20:18,,3.0974305555555555,False,2938.45,False,Account Takeover / Unauthorized,Account Takeover,Payment made to unknown merchant as per customer statement.,In Progress,Low,App
CBK0000436,TXN00012192,False,USR93581,MCH4547,2026-02-24 00:00:00,2026-04-11 00:00:00,2026-05-07 00:00:00,46.0,26.0,False,,True,Item/Service Not Delivered,merchant service issue,Customer says transaction was not authorized. pls check asap,Pending Bank,Medium,Branch
CBK0001174,TXN00005857,False,USR50126,MCH4181,2026-02-17 00:00:00,2026-03-20 00:00:00,2026-04-12 00:00:00,31.0,23.0,False,,True,Amount Mismatch,Wrong Amount,Customer says amount was debited twice.,In Progress,Low,Chatbot
CBK0001036,TXN00015494,False,USR80517,MCH8983,,2026-01-29 00:00:00,2026-01-31 00:00:00,,2.0,False,1459.8,False,Account Takeover / Unauthorized,account hacked,customer complaint text unclear due to poor call center notes.,Rejected,Critical,IVR
CBK0000427,TXN00013526,False,USR91283,MCH5276,,2026-03-29 00:00:00,,,,False,1210.19,False,Other/Unclassified,unauth txn,Payment made to unknown merchant as per customer statement.,Resolved,High,Chatbot
CBK0002328,TXN00016836,False,USR20310,MCH6341,2026-02-12 16:33:00,2026-02-14 00:00:00,,1.3104166666666666,,False,,True,Duplicate Debit,Duplicate Debit,Customer says transaction was not authorized.,In Progress,Medium,App
CBK0001307,TXN00008095,False,USR42956,MCH9637,2026-03-11 05:18:57,2026-03-15 03:18:57,2026-03-26 00:00:00,3.9166666666666665,10.861840277777778,False,,True,General Complaint / Dispute,customer issue,User claims account was compromised before transaction.,In Progress,High,Branch
CBK0002451,TXN00008228,False,USR86411,MCH8154,2026-01-13 05:23:00,2026-01-18 00:00:00,2026-01-29 09:23:00,4.7756944444444445,11.390972222222222,False,,True,Other/Unclassified,unauth txn,customer complaint text unclear due to poor call center notes.,Resolved,Low,Email
CBK0001011,TXN00016394,False,USR71985,MCH8514,2026-02-24 05:25:21,2026-03-11 17:25:21,,15.5,,False,,True,Item/Service Not Delivered,no service,User reports money deducted but merchant denies receiving payment.,Open,High,Chatbot
CBK0001821,TXN00015418,False,USR40538,MCH3027,2026-02-09 00:00:00,2026-02-07 19:59:09,,-1.1672569444444445,,True,,True,Amount Mismatch,extra amount deducted,Payment made to unknown merchant as per customer statement.,Pending Bank,Medium,IVR
CBK0001167,TXN00007185,False,USR30821,MCH4473,2026-03-14 00:00:00,2026-03-15 00:00:00,2026-03-28 06:08:16,1.0,13.255740740740741,False,,True,Account Takeover / Unauthorized,unauthorized_transaction,Customer says amount was debited twice.,Closed,Medium,IVR
CBK0000483,,True,USR36499,MCH5954,2026-03-28 16:40:00,2026-03-31 00:00:00,2026-04-19 15:40:00,2.3055555555555554,19.65277777777778,False,2047.0,False,Item/Service Not Delivered,item not received,User reports money deducted but merchant denies receiving payment.,Pending Bank,Low,App
CBK0001256,TXN00012543,False,USR97472,MCH2266,2026-03-26 00:00:00,2026-03-29 00:00:00,2026-04-12 01:21:00,3.0,14.05625,False,,True,Duplicate Debit,Duplicate Debit,Payment made to unknown merchant as per customer statement. NA,Closed,Low,Chatbot
CBK0000142,TXN00017373,False,USR22644,MCH2266,,2026-03-17 00:00:00,2026-04-15 15:50:00,,29.65972222222222,False,4758.01,False,Other/Unclassified,Fraud Suspected,Merchant service was not delivered after payment.,In Progress,Medium,Email
CBK0002433,TXN00013653,False,USR85471,MCH6459,2026-02-02 03:05:01,2026-02-17 22:05:01,,15.791666666666666,,False,,True,Amount Mismatch,extra amount deducted,Customer says amount was debited twice.,In Progress,Medium,Chatbot
CBK0000756,TXN00017864,False,USR17657,MCH1702,2026-03-01 00:00:00,2026-03-05 00:00:00,,4.0,,False,,True,Item/Service Not Delivered,item not received,Customer says amount was debited twice.,Pending Bank,Medium,IVR
CBK0000814,TXN00017418,False,USR91623,MCH6810,,2026-01-03 02:57:39,2026-01-29 00:00:00,,25.876631944444444,False,1350.91,False,Duplicate Debit,charged twice,Merchant service was not delivered after payment.,Pending Bank,Low,Email
CBK0002532,TXN00014807,False,USR72152,MCH4189,2026-03-26 00:00:00,2026-03-30 00:00:00,2026-04-25 00:00:00,4.0,26.0,False,,True,Other/Unclassified,Fraud Suspected,Customer says amount was debited twice.,In Progress,Critical,Chatbot
CBK0001232,TXN00009374,False,USR51626,MCH6929,2026-01-03 00:00:00,2026-01-06 09:58:50,2026-01-28 00:00:00,3.4158564814814816,21.58414351851852,False,,True,Duplicate Debit,double debit,User says UPI PIN was not entered by them.,Rejected,Low,IVR
CBK0001075,TXN00013358,False,USR12571,MCH7477,,2026-02-27 00:00:00,2026-03-16 00:00:00,,17.0,False,2097.39,False,Item/Service Not Delivered,item not received,Customer says transaction was not authorized.,Rejected,Low,Chatbot
CBK0000101,TXN00010812,False,USR81116,MCH4055,,2026-04-04 00:00:00,2026-04-05 00:00:00,,1.0,False,3506.0,False,Duplicate Debit,double debit,payment made to unknown merchant as per customer statement.,In Progress,Low,Chatbot
CBK0001369,TXN00016708,False,USR40818,MCH6534,,,2026-02-27 00:00:00,,,False,2567.69,False,Other/Unclassified,Fraud Suspected,Customer says amount was debited twice.,Pending Bank,Medium,IVR
CBK0001143,TXN00010812,False,USR29995,MCH2068,2026-02-11 00:00:00,2026-02-13 00:00:00,2026-03-14 00:00:00,2.0,29.0,False,,True,Duplicate Debit,Duplicate Debit,User says UPI PIN was not entered by them.,Pending Bank,Low,Chatbot
CBK0001255,,True,USR63146,MCH9614,2026-02-21 00:00:00,2026-02-27 00:00:00,2026-02-27 00:00:00,6.0,0.0,False,1677.54,False,Item/Service Not Delivered,Merchant Not Delivered,Customer says transaction was not authorized.,In Progress,Low,Chatbot
CBK0002427,TXN00003973,False,USR79707,MCH2266,,2026-03-23 01:55:27,2026-04-14 01:55:27,,22.0,False,2121.87,False,Amount Mismatch,amount mismatch,USER REPORTS MONEY DEDUCTED BUT MERCHANT DENIES RECEIVING PAYMENT.,Pending Bank,Low,Email
CBK0000785,TXN00012403,False,USR98061,MCH9923,2026-03-24 00:00:00,2026-03-29 08:53:42,2026-03-29 00:00:00,5.370625,-0.370625,False,,True,General Complaint / Dispute,complaint,User claims account was compromised before transaction. details missing,Pending Bank,High,Branch
CBK0002726,TXN00003733,False,USR34851,MCH8714,2026-01-10 00:00:00,2026-01-12 06:21:00,2026-02-09 00:00:00,2.2645833333333334,27.735416666666666,False,,True,Other/Unclassified,fraud,Customer says amount was debited twice.,Rejected,Low,Chatbot
CBK0002675,TXN00007158,False,USR38065,MCH6195,2026-02-10 00:00:00,2026-02-25 18:38:29,2026-02-25 00:00:00,15.776724537037037,-0.776724537037037,False,,True,Item/Service Not Delivered,delivery issue,User reports money deducted but merchant denies receiving payment.,In Progress,High,IVR
CBK0001843,TXN00015367,False,USR17315,MCH1269,,2026-01-28 00:00:00,2026-02-22 00:00:00,,25.0,False,3023.77,False,Other/Unclassified,UNAUTHORISED,Suspicious high-value payment disputed by customer.,In Progress,Critical,Chatbot
CBK0000290,TXN00000426,False,USR31371,MCH4811,2026-03-10 00:00:00,2026-04-10 00:00:00,2026-04-28 12:40:00,31.0,18.52777777777778,False,,True,General Complaint / Dispute,customer issue,Customer complaint text unclear due to poor call center notes.,Rejected,Medium,IVR
CBK0001062,TXN00012810,False,USR43890,MCH7683,2026-01-26 00:00:00,2026-02-10 16:43:00,2026-03-10 00:00:00,15.696527777777778,27.303472222222222,False,,True,Amount Mismatch,extra amount deducted,User reports money deducted but merchant denies receiving payment.,Open,Low,IVR
CBK0001304,TXN00017396,False,USR40538,MCH9984,,2026-03-18 00:00:00,2026-03-18 05:40:59,,0.23679398148148148,False,642.07,False,Other/Unclassified,fraud,User reports money deducted but merchant denies receiving payment.,In Progress,High,Call Center
CBK0000995,TXN00005999,False,USR40639,MCH1381,2026-01-11 20:47:00,2026-01-13 00:00:00,,1.1340277777777779,,False,,True,Item/Service Not Delivered,not delivered,COMPLAINT RECEIVED AFTER MULTIPLE FAILED ATTEMPTS.,In Progress,Low,Chatbot
CBK0001898,TXN00012370,False,USR72048,MCH5535,2026-03-29 00:00:00,2026-04-02 00:00:00,,4.0,,False,,True,Duplicate Debit,DUP_DEBIT,User claims account was compromised before transaction.,Open,Medium,Call Center
CBK0001961,TXN00004780,False,USR62254,MCH9817,2026-02-05 00:00:00,2026-02-06 00:00:00,,1.0,,False,,True,Other/Unclassified,scam,Customer says transaction was not authorized.,Pending Bank,High,IVR
CBK0002093,TXN00017223,False,USR95193,MCH2383,2026-03-25 00:00:00,2026-03-20 21:23:30,2026-04-14 00:00:00,-4.108680555555556,24.108680555555555,True,,True,Account Takeover / Unauthorized,ATO,CUSTOMER SAYS TRANSACTION WAS NOT AUTHORIZED.,Closed,Low,Call Center
CBK0001077,TXN00009149,False,USR88897,MCH5127,2026-02-02 00:00:00,2026-02-04 00:00:00,,2.0,,False,,True,Other/Unclassified,FRAUD,Payment made to unknown merchant as per cust statement.,Rejected,Critical,Email
CBK0001094,TXN00017457,False,USR13306,MCH4473,2026-03-07 08:44:00,2026-03-10 00:00:00,,2.636111111111111,,False,,True,Duplicate Debit,Duplicate Debit,Merchant service was not delivered after payment. NA,Pending Bank,Low,Call Center
CBK0000568,TXN00005915,False,USR19528,MCH9192,,2026-02-24 00:00:00,,,,False,215.32,False,Other/Unclassified,Fraud Suspected,Customer says transaction was not authorized. urgent,Pending Bank,Medium,Chatbot
CBK0000841,TXN00007967,False,USR49028,MCH7643,2026-03-31 00:00:00,2026-04-11 00:00:00,2026-04-12 01:44:00,11.0,1.0722222222222222,False,,True,Item/Service Not Delivered,item not received,Customer says transaction was not authorized. call dropped,Rejected,High,IVR
CBK0000553,TXN00001388,False,USR38124,MCH8462,2026-03-07 00:00:00,2026-03-09 16:59:00,2026-03-18 00:00:00,2.707638888888889,8.292361111111111,False,,True,Item/Service Not Delivered,merchant service issue,merchant service was not delivered after payment.,Closed,High,Email
CBK0002766,TXN00011236,False,USR61715,MCH4062,2026-02-17 00:00:00,2026-02-19 00:00:00,2026-02-26 00:00:00,2.0,7.0,False,,True,Other/Unclassified,Fraud Suspected,Customer says amount was debited twice.,Resolved,Low,IVR
CBK0001641,TXN00012030,False,USR59679,MCH5954,2026-03-30 18:54:00,,2026-04-23 00:00:00,,,False,,True,Other/Unclassified,service failed,Customer complaint text unclear due to poor call center notes.,Rejected,Low,Call Center
CBK0000131,,True,USR16031,MCH4997,2026-02-21 20:10:28,2026-02-23 00:00:00,2026-03-21 00:00:00,1.1593981481481481,26.0,False,1424.0,False,Account Takeover / Unauthorized,Unauthorized Transaction,Customer complaint text unclear due to poor call center notes.,In Progress,High,Call Center
CBK0002125,TXN00011157,False,USR38625,MCH3327,2026-01-26 03:53:00,2026-02-10 00:00:00,2026-02-16 06:53:00,14.838194444444444,6.2868055555555555,False,,True,General Complaint / Dispute,Customer Dispute,Customer says transaction was not authorized. urgent,Pending Bank,Medium,IVR
CBK0000200,TXN00015054,False,USR51506,MCH5954,2026-03-20 00:00:00,2026-05-04 00:00:00,2026-05-09 20:49:00,45.0,5.867361111111111,False,,True,Other/Unclassified,UNAUTHORISED,User reports money deducted but merchant denies receiving payment.,In Progress,Medium,IVR
CBK0001001,TXN00011430,False,USR72135,MCH4504,2026-03-23 13:00:00,2026-03-25 00:00:00,2026-03-27 23:00:00,1.4583333333333333,2.9583333333333335,False,,True,Amount Mismatch,Wrong Amount,Customer says transaction was not authorized.,Resolved,Medium,Email
CBK0000441,TXN00002216,False,USR58639,MCH4339,,2026-03-12 00:00:00,2026-04-08 00:00:00,,27.0,False,5160.27,False,Duplicate Debit,charged twice,user claims account was compromised before transaction.,Rejected,Low,IVR
CBK0000015,TXN00003408,False,USR88037,MCH7845,,,2026-04-01 14:30:26,,,False,895.1,False,Item/Service Not Delivered,no service,Suspicious high-value payment disputed by cust.,In Progress,Medium,IVR
CBK0001412,TXN00007645,False,USR75440,MCH4862,2026-02-23 00:00:00,2026-02-23 00:00:00,2026-03-21 10:58:05,0.0,26.457002314814815,False,,True,Item/Service Not Delivered,not delivered,Customer says transaction was not authorized.,In Progress,Critical,Email
CBK0000045,TXN00018877,False,USR30701,MCH8391,,2026-03-10 00:00:00,,,,False,2653.61,False,Other/Unclassified,service failed,Payment made to unknown merchant as per customer statement.,Open,Critical,Chatbot
CBK0000056,TXN00002715,False,USR49193,MCH9467,2026-01-23 00:00:00,2026-02-03 08:44:00,,11.363888888888889,,False,,True,Other/Unclassified,service failed,Merchant service was not delivered after payment.,Rejected,High,Chatbot
CBK0000224,TXN00019488,False,USR33856,MCH7833,,2026-01-11 04:59:00,,,,False,6544.91,False,Account Takeover / Unauthorized,not done by me,User says UPI PIN was not entered by them. urgent,Closed,Medium,Chatbot
CBK0002652,TXN00008454,False,USR79705,MCH2757,,2026-02-27 00:00:00,2026-03-14 00:00:00,,15.0,False,268.0,False,Account Takeover / Unauthorized,login compromised,Suspicious high-value payment disputed by customer.,Pending Bank,Medium,Chatbot
CBK0002313,TXN00009432,False,USR22939,MCH5264,2026-03-30 00:00:00,,2026-04-21 06:14:00,,,False,,True,General Complaint / Dispute,Customer Dispute,USER SAYS UPI PIN WAS NOT ENTERED BY THEM.,Open,Medium,Call Center
CBK0000689,TXN00017204,False,USR95707,MCH3736,2026-01-16 00:00:00,2026-01-18 00:00:00,2026-01-22 10:09:56,2.0,4.423564814814815,False,,True,Account Takeover / Unauthorized,account hacked,Merchant service was not delivered after payment.,Resolved,Medium,App
CBK0000741,TXN00015495,False,USR41660,MCH6753,,2026-04-08 09:57:07,2026-04-09 09:57:07,,1.0,False,448.1,False,Amount Mismatch,amount mismatch,complaint received after multiple failed attempts.,Open,Medium,Email
CBK0001012,TXN84920,False,USR51185,MCH2543,2026-03-23 00:00:00,2026-03-26 20:35:00,2026-04-19 20:35:21,3.857638888888889,24.000243055555554,False,,True,General Complaint / Dispute,customer issue,User reports money deducted but merchant denies receiving payment.,In Progress,Medium,Email
CBK0000681,TXN00006290,False,USR89588,MCH9105,2026-01-28 00:00:00,2026-02-02 00:00:00,2026-02-28 00:00:00,5.0,26.0,False,,True,Amount Mismatch,extra amount deducted,Merchant service was not delivered after payment.,Rejected,Low,IVR
CBK0000164,TXN00010786,False,USR79443,MCH3729,2026-01-08 02:00:24,2026-01-18 00:00:00,2026-01-23 04:00:24,9.91638888888889,5.166944444444445,False,,True,Duplicate Debit,charged twice,Payment made to unknown merchant as per customer statement.,Closed,Medium,IVR
CBK0002716,TXN00003119,False,USR34955,MCH8691,,2026-02-24 21:58:58,,,,False,1198.29,False,Other/Unclassified,suspicious transaction,Payment made to unknown merchant as per customer statement.,Closed,Low,Email
CBK0001171,TXN00006955,False,USR26685,MCH3901,,2026-02-16 16:57:27,2026-02-19 00:00:00,,2.2934375,False,1336.86,False,Account Takeover / Unauthorized,ATO,payment made to unknown merchant as per customer statement.,Open,Low,Chatbot
CBK0000359,TXN00014970,False,USR35935,MCH3100,,2026-02-20 00:00:00,2026-03-12 18:19:47,,20.763738425925926,False,3336.7,False,Account Takeover / Unauthorized,Account Takeover,user reports money deducted but merchant denies receiving payment.,In Progress,Medium,Chatbot
CBK0001020,TXN84758,False,USR36590,MCH1368,2026-02-23 00:00:00,2026-02-26 00:00:00,2026-03-15 00:00:00,3.0,17.0,False,,True,Other/Unclassified,Service Not Provided,User says UPI PIN was not entered by them.,Open,High,IVR
CBK0000406,TXN00007974,False,USR33394,MCH3064,,2026-03-11 00:00:00,2026-03-20 06:27:39,,9.269201388888888,False,4101.89,False,Amount Mismatch,Wrong Amount,user claims account was compromised before transaction.,Open,Low,IVR
CBK0001968,,True,USR46599,MCH1320,2026-03-21 00:00:00,2026-03-23 00:00:00,2026-04-13 03:36:00,2.0,21.15,False,2799.09,False,General Complaint / Dispute,dispute raised,Customer says amount was debited twice.,Pending Bank,Medium,Email
CBK0001283,TXN00002013,False,USR31545,MCH5974,,2026-03-04 02:59:29,2026-03-28 00:00:00,,23.875358796296297,False,439.0,False,Other/Unclassified,unauth txn,Suspicious high-value payment disputed by customer.,Rejected,Medium,Call Center
CBK0001273,TXN00013925,False,USR73010,MCH2489,,2026-04-01 00:00:00,,,,False,3151.89,False,Duplicate Debit,DUP_DEBIT,User reports money deducted but merchant denies receiving payment.,Resolved,Medium,Chatbot
CBK0000589,TXN00017838,False,USR43980,MCH2575,2026-03-25 06:56:00,2026-03-26 21:56:00,2026-04-12 00:00:00,1.625,16.086111111111112,False,,True,Duplicate Debit,charged twice,Customer complaint text unclear due to poor call center notes.,Resolved,Medium,Branch
CBK0001946,TXN00002545,False,USR63194,MCH8735,2026-02-04 00:00:00,2026-02-07 00:00:00,2026-03-06 16:09:00,3.0,27.672916666666666,False,,True,Duplicate Debit,DUP_DEBIT,User claims account was compromised before transaction.,Open,Medium,App
CBK0002696,TXN00011475,False,USR20908,MCH7180,2026-02-20 13:52:14,2026-03-02 19:52:14,,10.25,,False,,True,General Complaint / Dispute,customer issue,User reports money deducted but merchant denies receiving payment.,Open,Medium,IVR
CBK0000393,TXN00010745,False,USR77915,MCH3095,2026-01-14 19:00:00,2026-02-13 00:00:00,2026-02-16 23:00:00,29.208333333333332,3.9583333333333335,False,,True,Account Takeover / Unauthorized,login compromised,User claims account was compromised before transaction.,Rejected,Critical,Branch
CBK0001141,TXN00005079,False,USR69201,MCH1384,,2026-02-24 11:45:21,2026-03-26 00:00:00,,29.51017361111111,False,1368.67,False,Duplicate Debit,DUP_DEBIT,User reports money deducted but merchant denies receiving payment.,Pending Bank,High,IVR
CBK0001289,TXN00014346,False,USR42041,MCH2938,2026-01-31 00:00:00,2026-02-16 00:00:00,2026-03-04 06:21:47,16.0,16.265127314814816,False,,True,Other/Unclassified,service failed,User claims account was compromised before transaction.,Pending Bank,Low,IVR
CBK0000413,TXN00014824,False,USR46130,MCH3100,,2026-01-28 16:44:01,,,,False,898.64,False,General Complaint / Dispute,customer issue,User claims account was compromised before transaction.,In Progress,Low,IVR
CBK0002389,TXN00013105,False,USR51442,MCH8389,2026-01-15 00:00:00,,2026-01-27 14:40:00,,,False,,True,Account Takeover / Unauthorized,login compromised,Complaint received after multiple failed attempts.,Rejected,Low,Email
CBK0002744,TXN00012832,False,USR47729,MCH4521,2026-03-05 03:30:57,2026-04-04 00:00:00,2026-04-29 22:30:57,29.853506944444444,25.938159722222224,False,,True,Account Takeover / Unauthorized,unauthorized_transaction,Customer says transaction was not authorized.,In Progress,Low,IVR
CBK0002658,TXN00001412,False,USR91038,MCH9217,,2026-02-27 07:04:24,2026-03-15 07:04:00,,15.999722222222223,False,2142.0,False,Amount Mismatch,amount mismatch,SUSPICIOUS HIGH-VALUE PAYMENT DISPUTED BY CUSTOMER.,In Progress,High,Branch
CBK0002335,TXN00000843,False,USR66411,MCH2439,2026-03-30 00:00:00,2026-04-05 00:00:00,2026-04-29 00:00:00,6.0,24.0,False,,True,General Complaint / Dispute,customer issue,User says UPI PIN was not entered by them.,Open,Low,Email
CBK0000636,TXN00018402,False,USR46308,MCH2781,,2026-02-27 00:00:00,2026-03-07 15:34:55,,8.649247685185186,False,1848.85,False,Account Takeover / Unauthorized,login compromised,User claims account was compromised before transaction. details missing,Closed,Low,IVR
CBK0001131,,True,USR67135,MCH5078,2026-02-27 00:00:00,2026-03-01 00:00:00,2026-03-03 12:32:06,2.0,2.522291666666667,False,,True,Account Takeover / Unauthorized,Account Takeover,Payment made to unknown merchant as per customer statement.,Resolved,Medium,IVR
CBK0000539,TXN00006526,False,USR71316,MCH7840,,2026-01-14 18:16:32,2026-02-01 00:00:00,,17.238518518518518,False,,True,Item/Service Not Delivered,item not received,payment made to unknown merchant as per customer statement.,Resolved,Medium,App
CBK0001760,TXN00017025,False,USR79110,MCH1320,,2026-03-24 23:17:18,,,,False,,True,Other/Unclassified,FRAUD,user says upi pin was not entered by them.,Resolved,Low,IVR
CBK0001825,TXN00000995,False,USR60939,MCH9788,,2026-02-22 00:00:00,2026-03-06 00:00:00,,12.0,False,,True,Other/Unclassified,scam,customer says amount was debited twice.,In Progress,Medium,App
CBK0000812,TXN00003721,False,USR76959,MCH8190,,2026-03-05 00:00:00,,,,False,,True,Other/Unclassified,scam,User says UPI PIN was not entered by them.,Closed,Medium,Branch
CBK0001548,TXN00000463,False,USR79013,MCH7615,,2026-01-05 20:53:00,2026-01-10 00:00:00,,4.129861111111111,False,,True,Other/Unclassified,Service Not Provided,User says UPI PIN was not entered by them.,Resolved,High,Branch
CBK0000292,,True,USR21921,MCH4375,2026-03-15 21:06:18,2026-03-21 00:00:00,2026-03-27 00:00:00,5.120625,6.0,False,,True,Other/Unclassified,incorrect amount,Complaint received after multiple failed attempts. details missing,In Progress,Low,Branch
CBK0002215,TXN00007143,False,USR62254,MCH6359,,2026-01-29 00:00:00,2026-02-28 00:00:00,,30.0,False,,True,General Complaint / Dispute,dispute raised,Customer complaint text unclear due to poor call center notes.,Pending Bank,Medium,App
CBK0000319,,True,USR75218,MCH7937,2026-03-23 19:09:00,2026-03-25 00:00:00,2026-04-01 00:00:00,1.2020833333333334,7.0,False,,True,Amount Mismatch,Wrong Amount,USER REPORTS MONEY DEDUCTED BUT MERCHANT DENIES RECEIVING PAYMENT.,Rejected,Low,IVR
CBK0000875,TXN00007782,False,USR71887,MCH4181,,2026-01-16 00:00:00,2026-01-27 00:00:00,,11.0,False,,True,Other/Unclassified,scam,User claims account was compromised before transaction.,In Progress,Low,IVR
CBK0001239,,True,USR43165,MCH9882,,2026-02-28 00:00:00,2026-02-28 00:00:00,,0.0,False,8059.65,False,Amount Mismatch,extra amount deducted,Customer says amount was debited twice.,Rejected,Medium,App
CBK0001281,TXN00018888,False,USR76747,MCH3704,,2026-04-17 00:00:00,2026-05-04 06:27:57,,17.26940972222222,False,,True,Amount Mismatch,amount mismatch,User reports money deducted but merchant denies receiving payment.,Rejected,Medium,IVR
CBK0001644,TXN00015953,False,USR99110,MCH2723,,2026-03-20 00:00:00,2026-03-31 12:00:12,,11.50013888888889,False,,True,Item/Service Not Delivered,Merchant Not Delivered,Merchant service was not delivered after payment.,Rejected,Low,Chatbot
CBK0002059,,True,USR69096,MCH6070,2026-02-03 00:00:00,2026-02-06 07:00:00,,3.2916666666666665,,False,,True,Account Takeover / Unauthorized,Account Takeover,user says upi pin was not entered by them.,Resolved,Low,Branch
CBK0000148,,True,USR37395,MCH3992,2026-02-25 00:00:00,2026-02-28 00:00:00,2026-03-09 00:00:00,3.0,9.0,False,,True,General Complaint / Dispute,customer issue,Suspicious high-value payment disputed by customer.,Closed,Critical,IVR
CBK0002384,TXN00005874,False,USR26867,MCH5264,,2026-03-06 03:25:03,2026-03-22 00:00:00,,15.857604166666667,False,,True,Duplicate Debit,DUP_DEBIT,User says UPI PIN was not entered by them.,Resolved,Medium,Email
CBK0002245,,True,USR77262,MCH9007,,2026-03-13 07:52:00,,,,False,279.0,False,Duplicate Debit,double debit,Payment made to unknown merchant as per cust statement.,In Progress,Medium,Chatbot
CBK0000904,,True,USR46902,MCH9120,2026-03-24 00:00:00,2026-03-26 19:54:00,2026-04-10 19:54:00,2.8291666666666666,15.0,False,,True,Amount Mismatch,Wrong Amount,Suspicious high-value payment disputed by customer.,In Progress,Low,Chatbot
CBK0002381,TXN00011829,False,USR54103,MCH7837,,2026-01-19 00:00:00,2026-01-28 00:00:00,,9.0,False,,True,Other/Unclassified,suspicious transaction,Customer says transaction was not authorized.,Open,High,Call Center
CBK0001404,TXN00003881,False,USR61151,MCH8634,,2026-03-23 06:15:00,2026-03-30 00:00:00,,6.739583333333333,False,,True,Account Takeover / Unauthorized,not done by me,Customer says transaction was not authorized.,In Progress,Medium,Call Center
CBK0001916,TXN00005518,False,USR18198,MCH5954,,2026-03-25 00:00:00,2026-04-04 16:01:06,,10.667430555555555,False,,True,Other/Unclassified,FRAUD,Merchant service was not delivered after payment.,Rejected,Low,Branch
CBK0002064,,True,USR68861,MCH3516,2026-03-29 00:00:00,2026-04-14 00:00:00,2026-05-07 00:00:00,16.0,23.0,False,,True,General Complaint / Dispute,complaint,customer says transaction was not authorized.,Pending Bank,Low,Chatbot
CBK0002097,TXN65627,False,USR14083,MCH5177,,2026-02-13 00:00:00,2026-03-14 08:43:00,,29.363194444444446,False,,True,General Complaint / Dispute,Customer Dispute,Complaint received after multiple failed attempts.,Rejected,High,Chatbot
CBK0001633,,True,USR69513,MCH6502,,2026-02-18 00:00:00,2026-02-27 00:00:00,,9.0,False,2553.0,False,Account Takeover / Unauthorized,not done by me,Payment made to unknown merchant as per customer statement.,Pending Bank,High,App
CBK0001538,TXN00007658,False,USR99769,MCH5655,,2026-03-12 00:00:00,2026-03-14 00:00:00,,2.0,False,,True,General Complaint / Dispute,complaint,Payment made to unknown merchant as per customer statement.,Pending Bank,Medium,App
CBK0000671,TXN00004668,False,USR54740,MCH4646,,2026-03-18 13:09:02,2026-03-22 00:00:00,,3.4520601851851853,False,,True,General Complaint / Dispute,complaint,Customer says amount was debited twice.,Closed,Medium,IVR
CBK0000577,,True,USR81643,MCH3563,2026-01-11 04:14:50,2026-01-11 00:00:00,2026-01-29 00:00:00,-0.1769675925925926,18.0,True,,True,Other/Unclassified,Service Not Provided,Customer says transaction was not authorized.,Open,Low,Branch
CBK0002032,TXN00017675,False,USR27832,MCH2457,,2026-03-17 08:41:11,2026-03-23 00:00:00,,5.638067129629629,False,,True,Account Takeover / Unauthorized,Account Takeover,User says UPI PIN was not entered by them.,In Progress,Medium,Chatbot
CBK0002035,,True,USR74657,MCH1497,2026-01-25 00:00:00,2026-01-27 00:00:00,,2.0,,False,,True,General Complaint / Dispute,Customer Dispute,CUSTOMER COMPLAINT TEXT UNCLEAR DUE TO POOR CALL CENTER NOTES.,In Progress,Low,Chatbot
CBK0000382,TXN00000312,False,USR42726,MCH6175,,2026-01-13 00:00:00,2026-02-09 00:00:00,,27.0,False,,True,Item/Service Not Delivered,no service,User claims account was compromised before transaction.,Pending Bank,Medium,Chatbot
CBK0001672,TXN00010193,False,USR30239,MCH9948,,2026-03-16 00:00:00,2026-03-25 00:00:00,,9.0,False,,True,General Complaint / Dispute,Customer Dispute,Customer complaint text unclear due to poor call center notes.,Closed,Medium,Email
CBK0000683,TXN00017581,False,USR54113,MCH6129,,2026-02-19 12:11:31,2026-03-21 00:00:00,,29.492002314814815,False,,True,Item/Service Not Delivered,not delivered,User says UPI PIN was not entered by them.,Rejected,Low,Chatbot
CBK0000106,TXN00016875,False,USR34270,MCH7335,,,2026-04-19 00:00:00,,,False,,True,Account Takeover / Unauthorized,Unauthorized Transaction,Payment made to unknown merchant as per customer statement.,Pending Bank,Low,Chatbot
CBK0000216,TXN00011136,False,USR94832,MCH2451,,2026-02-10 05:09:00,,,,False,,True,Item/Service Not Delivered,merchant service issue,user reports money deducted but merchant denies receiving payment.,Rejected,Medium,IVR
CBK0002130,TXN00010659,False,USR82224,MCH4086,,2026-03-20 00:00:00,2026-04-18 00:00:00,,29.0,False,,True,Duplicate Debit,charged twice,payment made to unknown merchant as per customer statement.,Closed,Low,IVR
CBK0002194,,True,USR21052,MCH3797,2026-03-08 00:00:00,2026-03-12 00:00:00,,4.0,,False,,True,Account Takeover / Unauthorized,unauthorized_transaction,User reports money deducted but merchant denies receiving payment.,Open,Critical,App
CBK0000370,,True,USR68023,MCH2511,2026-02-18 00:00:00,2026-02-26 09:56:26,2026-03-08 00:00:00,8.414189814814815,9.585810185185185,False,,True,Duplicate Debit,charged twice,User says UPI PIN was not entered by them.,Closed,Medium,App
CBK0002686,TXN00017656,False,USR69648,MCH9430,,2026-01-03 03:37:00,2026-01-08 00:00:00,,4.8493055555555555,False,,True,Other/Unclassified,unauth txn,Customer complaint text unclear due to poor call center notes.,Resolved,Medium,Chatbot
CBK0000666,,True,USR33350,MCH6639,,2026-01-11 03:18:30,2026-01-28 00:00:00,,16.862152777777776,False,8521.71,False,General Complaint / Dispute,complaint,User says UPI PIN was not entered by them. call dropped,Resolved,Medium,Chatbot
CBK0001310,TXN00006669,False,USR64847,MCH4786,,2026-02-18 15:36:00,2026-03-13 00:00:00,,22.35,False,,True,Duplicate Debit,double debit,Customer complaint text unclear due to poor call center notes.,Closed,Low,Call Center
CBK0002522,,True,USR72963,MCH4406,,2026-03-02 00:00:00,2026-03-23 00:00:00,,21.0,False,584.72,False,Account Takeover / Unauthorized,not done by me,User claims account was compromised before transaction.,Rejected,Low,App
CBK0001753,TXN00002207,False,USR56780,MCH9581,,2026-03-28 00:00:00,2026-04-18 00:00:00,,21.0,False,,True,Account Takeover / Unauthorized,login compromised,Payment made to unknown merchant as per customer statement.,Pending Bank,High,Chatbot
CBK0000527,,True,USR45627,MCH3427,2026-03-26 11:37:00,2026-03-28 00:00:00,,1.5159722222222223,,False,,True,Other/Unclassified,fraud,User reports money deducted but merchant denies receiving payment.,In Progress,Low,IVR
CBK0001392,,True,USR33175,MCH7321,,2026-03-26 00:00:00,,,,False,5482.08,False,General Complaint / Dispute,customer issue,Customer says transaction was not authorized.,Rejected,Low,Chatbot
CBK0001478,TXN00017175,False,USR46590,MCH7833,,2026-01-31 03:03:07,2026-02-17 03:03:00,,16.999918981481482,False,,True,Item/Service Not Delivered,no service,Customer says amount was debited twice. pls check asap,Open,Medium,App
CBK0002063,,True,USR49752,MCH9689,,2026-02-08 08:29:00,2026-02-18 08:29:00,,10.0,False,2009.64,False,Other/Unclassified,incorrect amount,User says UPI PIN was not entered by them.,In Progress,Medium,Chatbot
CBK0002512,,True,USR17699,MCH1556,2026-03-17 01:32:53,2026-03-17 00:00:00,2026-04-14 06:32:00,-0.06450231481481482,28.272222222222222,True,,True,Item/Service Not Delivered,not delivered,Payment made to unknown merchant as per cust statement.,Resolved,High,Branch
CBK0001331,,True,USR92614,MCH9178,,2026-03-16 00:00:00,2026-04-08 00:00:00,,23.0,False,4117.99,False,Duplicate Debit,double debit,Payment made to unknown merchant as per cust statement.,Resolved,Critical,Call Center
CBK0002176,,True,USR69196,MCH8627,,2026-01-14 00:00:00,2026-01-14 12:57:00,,0.5395833333333333,False,1168.54,False,Other/Unclassified,service failed,Suspicious high-value payment disputed by cust.,Closed,High,Email
CBK0001223,,True,USR85507,MCH1883,2026-03-04 00:00:00,2026-04-03 00:00:00,2026-04-22 00:00:00,30.0,19.0,False,,True,Account Takeover / Unauthorized,not done by me,merchant service was not delivered after payment.,Pending Bank,Low,Call Center
CBK0002762,TXN00012709,False,USR87422,MCH2383,,2026-01-25 00:00:00,2026-02-01 00:00:00,,7.0,False,,True,Duplicate Debit,double debit,COMPLAINT RECEIVED AFTER MULTIPLE FAILED ATTEMPTS.,Open,Medium,Branch
CBK0000540,TXN00007501,False,USR29824,MCH9199,,,2026-03-06 01:07:00,,,False,,True,Item/Service Not Delivered,no service,Suspicious high-value payment disputed by customer. details missing,Open,Low,Call Center
CBK0001929,TXN00003276,False,USR83918,MCH9291,,2026-03-22 00:00:00,2026-04-09 00:00:00,,18.0,False,,True,Other/Unclassified,incorrect amount,Complaint received after multiple failed attempts.,Resolved,Low,IVR
CBK0001008,,True,USR97772,MCH1074,,2026-01-13 00:00:00,2026-01-23 02:52:41,,10.119918981481481,False,1143.88,False,Duplicate Debit,charged twice,Customer says amount was debited twice.,Resolved,Medium,IVR
CBK0001353,TXN00019934,False,USR64893,MCH1320,,2026-02-21 00:00:00,,,,False,,True,Other/Unclassified,unauth txn,complaint received after multiple failed attempts.,Pending Bank,Low,IVR
CBK0001532,,True,USR52450,MCH6244,,2026-03-12 00:00:00,2026-03-30 00:00:00,,18.0,False,3174.58,False,General Complaint / Dispute,complaint,User reports money deducted but merchant denies receiving payment.,Rejected,Low,IVR
CBK0001204,,True,USR37435,MCH7058,,,2026-01-22 00:00:00,,,False,,True,Amount Mismatch,extra amount deducted,Merchant service was not delivered after payment.,Rejected,Medium,IVR
